smiles,label,p_clinical_head,tox21_coverage,pred_label
B([C@H](CC(C)C)NC(=O)CNC(=O)C1=C(C=CC(=C1)Cl)Cl)(O)O,1,0.62726384,1.0,1
C(CO)N(c1c(c(c(c(c1I)C(=O)NCC(CO)O)I)C(=O)NCC(CO)O)I)C(=O)CO,0,0.32049644,1.0,0
c1c(c(cc(c1Cl)Cl)Cl)OCC#CI,0,0.40245304,1.0,0
c1c(cc(c(c1NC(=O)C(=O)[O-])Cl)NC(=O)C(=O)[O-])C#N,0,0.35186037,1.0,0
c1c(cc(c(c1S(=O)(=O)N)Cl)Cl)S(=O)(=O)N,0,0.43588564,1.0,0
c1cc(c(c(c1)Cl)CC(=O)[NH+]=C(N)N)Cl,0,0.3627126,1.0,0
c1cc(c(cc1[C@H](C[NH3+])O)O)O,0,0.25331688,1.0,0
c1cc(c(cc1C[C@@H](C(=O)[O-])[NH3+])O)O,0,0.25714055,1.0,0
c1cc(c(cc1CC[NH3+])O)O,0,0.34367576,1.0,0
c1cc(c(cc1N)C(=O)[O-])O,0,0.25635782,1.0,0
c1cc(c(cc1N)O)C(=O)[O-],0,0.31610063,1.0,0
c1cc(cc(c1)[131I])C[NH+]=C(N)N,0,0.3793376,1.0,0
c1cc(ccc1[C@H]([C@@H](CO)NC(=O)[C-](Cl)Cl)O)[N+](=O)[O-],0,0.24090597,1.0,0
c1cc(ccc1[C@H]([C@@H](COC(=O)CCC(=O)[O-])NC(=O)[C-](Cl)Cl)O)[N+](=O)[O-],0,0.1666987,1.0,0
c1cc(ccc1C(CC(=O)[O-])C[NH3+])Cl,0,0.21668106,1.0,0
c1cc(ccc1C(=O)NCC(=O)[O-])N,0,0.37492198,1.0,0
c1cc(ccc1C[C@@H](C(=O)[O-])[NH3+])N(CCCl)CCCl,0,0.30909348,1.0,0
c1cc(ccc1C[C@@H](C(=O)[O-])[NH3+])O,0,0.23384173,1.0,0
c1cc(ccc1C[NH3+])S(=O)(=O)N,0,0.3095226,1.0,0
c1cc(ccc1CCCC(=O)[O-])N(CCCl)CCCl,0,0.30971125,1.0,0
c1cc(ccc1N)S(=O)(=O)N,0,0.4150577,1.0,0
c1cc(ccc1O)O,0,0.3885672,1.0,0
c1cc(ccc1OCC(COC(=O)N)O)Cl,0,0.41550878,1.0,0
c1cc(ccc1SC(P(=O)([O-])[O-])P(=O)([O-])[O-])Cl,0,0.30208662,1.0,0
c1ccc(cc1)C(COC(=O)N)COC(=O)N,0,0.3989452,1.0,0
c1ccc(cc1)C(=O)[O-],0,0.35056946,1.0,0
c1ccc(cc1)C(=O)NCC(=O)[O-],0,0.3923651,1.0,0
c1ccc(cc1)CC(=O)[O-],0,0.29226175,1.0,0
c1ccc(cc1)CC(=O)NC(=O)N,0,0.37476957,1.0,0
c1ccc(cc1)CCCC(=O)[O-],0,0.25075305,1.0,0
c1ccc(cc1)CCNN,0,0.35310858,1.0,0
c1ccc(cc1)COCC(C(=O)[O-])N(CCN(CC[NH+](CC(=O)[O-])CC(=O)[O-])CC(=O)[O-])CC(=O)[O-],0,0.1666005,1.0,0
C1=CC=C(C=C1)NC(=O)CCCCCCC(=O)NO,1,0.6306605,1.0,1
C[C@@H]([C@@H](c1ccc(c(c1)O)O)O)[NH3+],0,0.27828646,1.0,0
C[C@@H]([C@@H](c1cccc(c1)O)O)[NH3+],0,0.27165297,1.0,0
C[C@@H]([C@H](c1ccccc1)O)[NH2+]C,0,0.2698016,1.0,0
C[C@@H](C(=O)Nc1c(c(c(c(c1I)C(=O)NC(CO)CO)I)C(=O)NC(CO)CO)I)O,0,0.32757673,1.0,0
C[C@@H](Cc1ccccc1)[NH3+],0,0.3687762,1.0,0
C[C@@H](Cc1ccccc1)NC(=O)[C@H](CCCC[NH3+])[NH3+],0,0.18304344,1.0,0
C[C@](Cc1ccc(c(c1)O)O)(C(=O)[O-])[NH3+],0,0.25176358,1.0,0
C[C@](Cc1ccc(cc1)O)(C(=O)[O-])[NH3+],0,0.22899012,1.0,0
C[C@H]([C@H](c1ccccc1)O)[NH3+],0,0.30618995,1.0,0
C[C@H](Cc1ccccc1)[NH+](C)CC#C,0,0.31152076,1.0,0
C[NH+](CC#C)Cc1ccccc1,0,0.41611472,1.0,0
C[NH2+]C[C@@H](c1ccc(c(c1)O)O)O,0,0.21771376,1.0,0
C[NH2+]C[C@@H](c1cccc(c1)O)O,0,0.20798597,1.0,0
CC(C(c1cc(ccc1OC)OC)O)[NH3+],0,0.33284077,1.0,0
CC(C(=O)c1cccc(c1)Cl)[NH2+]C(C)(C)C,0,0.5058181,1.0,0
CC(C)(C)[NH2+]C[C@@H](c1ccc(c(c1)CO)O)O,0,0.25423485,1.0,0
CC(C)(C)[NH2+]CC(c1cc(cc(c1)O)O)O,0,0.2991207,1.0,0
CC(C)(C)[NH2+]CC(c1ccc(c(c1)CO)O)O,0,0.25427562,1.0,0
CC(C)(C)C(=O)Oc1ccc(cc1OC(=O)C(C)(C)C)C(C[NH2+]C)O,0,0.238589,1.0,0
CC(C)(C)CC(C)(C)c1ccc(cc1)O,0,0.41830721,1.0,0
CC(C)(Cc1ccc(cc1)Cl)[NH3+],0,0.44527334,1.0,0
CC(C)(Cc1ccccc1)[NH2+]C,0,0.36595052,1.0,0
CC(C)(Cc1ccccc1)[NH3+],0,0.42213574,1.0,0
CC(C)/[NH+]=C(\N)/[NH+]=C(\N)/Nc1ccc(cc1)Cl,0,0.38463306,1.0,0
CC(C)[C@@H](Cc1ccc(c(c1)OCCCOC)OC)C[C@@H]([C@H](C[C@@H](C(C)C)C(=O)NCC(C)(C)C(=O)N)O)[NH3+],0,0.36073157,1.0,0
CC(C)[NH2+]C(C)Cc1ccc(cc1)[123I],0,0.2857112,1.0,0
CC(C)[NH2+]CC(c1cc(cc(c1)O)O)O,0,0.26619324,1.0,0
CC(C)[NH2+]CC(c1ccc(c(c1)O)O)O,0,0.27614632,1.0,0
CC(C)[NH2+]CC(c1ccc(cc1)NS(=O)(=O)C)O,0,0.38877818,1.0,0
CC(C)[NH2+]CC(COc1ccc(cc1)CC(=O)N)O,0,0.33123964,1.0,0
CC(C)[NH2+]CC(COc1ccc(cc1)CCC(=O)OC)O,0,0.35941765,1.0,0
CC(C)[NH2+]CC(COc1ccc(cc1)CCOC)O,0,0.34738865,1.0,0
CC(C)[NH2+]CC(COc1ccc(cc1)COCCOC(C)C)O,0,0.27969813,1.0,0
CC(C)[NH2+]CC(COc1ccccc1OCC=C)O,0,0.33106434,1.0,0
CC(C)C(=O)Nc1ccc(c(c1)C(F)(F)F)[N+](=O)[O-],0,0.3951614,1.0,0
CC(C)c1cccc(c1NC(=O)C[NH+](CC(=O)[O-])CC(=O)[O-])C(C)C,0,0.26511294,1.0,0
CC(C)c1cccc(c1O)C(C)C,0,0.3991793,1.0,0
CC(C)c1cccc(c1OCOP(=O)([O-])[O-])C(C)C,0,0.4089979,1.0,0
CC(C)Cc1ccc(cc1)C(C)C(=O)[O-],0,0.32192406,1.0,0
CC(C)NC(=O)c1ccc(cc1)CNNC,0,0.5444749,1.0,1
CC(Cc1ccc(cc1)O)[NH3+],0,0.3214868,1.0,0
CC(Cc1ccccc1)[NH2+]C,0,0.29773992,1.0,0
CC(Cc1ccccc1)[NH3+],0,0.36882263,1.0,0
CC(CN(c1c(cc(c(c1I)N)I)I)C(=O)C)C(=O)[O-],0,0.2060951,1.0,0
CC(=O)[N-]S(=O)(=O)c1ccc(cc1)N,0,0.35847405,1.0,0
CC(=O)N(CC(CO)O)c1c(c(c(c(c1I)C(=O)NCC(CO)O)I)C(=O)NCC(CO)O)I,0,0.23443727,1.0,0
CC(=O)N(CC(CO)O)c1c(c(c(c(c1I)C(=O)NCC(CO)O)I)C(=O)NCCO)I,0,0.23251912,1.0,0
CC(=O)N[C@H](COC)C(=O)NCc1ccccc1,0,0.42557374,1.0,0
CC(=O)Nc1c(c(c(c(c1I)C(=O)[O-])I)C(=O)NC)I,0,0.27594694,1.0,0
CC(=O)Nc1c(c(c(c(c1I)N(C)C(=O)C)I)C(=O)[O-])I,0,0.23363842,1.0,0
CC(=O)Nc1c(c(c(c(c1I)NC(=O)C)I)C(=O)[O-])I,0,0.26989457,1.0,0
CC(=O)Nc1c(cc(c(c1I)C(=O)[O-])I)I,0,0.27179834,1.0,0
CC(=O)Nc1ccc(cc1)O,0,0.42594713,1.0,0
CC(=O)NCc1c(c(c(c(c1I)NC(=O)C)I)C(=O)[O-])I,0,0.22909957,1.0,0
CC(=O)Oc1ccccc1C(=O)[O-],0,0.29901156,1.0,0
CC(=O)OC1=CC=CC=C1C(=O)O,1,0.47182548,1.0,0
Cc1c(c(c(c(c1C(=O)[O-])I)NC(=O)C)I)C(=O)NC,0,0.27310374,1.0,0
Cc1cc(c(c(c1/C=C/C(=C/C=C/C(=C/C(=O)[O-])/C)/C)C)C)OC,0,0.33292642,1.0,0
Cc1cc(c(c(c1NC(=O)C[NH+](CC(=O)[O-])CC(=O)[O-])C)Br)C,0,0.2631597,1.0,0
Cc1cc(c(c(c1OC(=O)C)C)C)OCC(C[NH2+]C(C)C)O,0,0.2577478,1.0,0
Cc1ccc(c(c1)OCCCC(C)(C)C(=O)[O-])C,0,0.43680567,1.0,0
Cc1cccc(c1NC(=O)C(C)[NH3+])C,0,0.47887388,1.0,0
Cc1cccc(c1NC(=O)C[NH+](CC(=O)[O-])CC(=O)[O-])C,0,0.35342944,1.0,0
Cc1cccc(c1OCC(C)[NH3+])C,0,0.47919405,1.0,0
CC[C@@H](c1cccc(c1)O)[C@@H](C)C[NH+](C)C,0,0.1684816,1.0,0
CC[N+](C)(C)c1cccc(c1)O,0,0.32387093,1.0,0
CC[N+](C)(C)Cc1ccccc1Br,0,0.3519416,1.0,0
CC[N+](CC)(CC)CCOc1cccc(c1OCC[N+](CC)(CC)CC)OCC[N+](CC)(CC)CC,0,0.5115264,1.0,0
CC[NH+](CC)C(C)C(=O)c1ccccc1,0,0.35179698,1.0,0
CC[NH+](CC)CC(=O)Nc1c(cccc1C)C,0,0.38364422,1.0,0
CC[NH+](CC)CCNC(=O)c1cc(c(cc1OC)N)Cl,0,0.3527948,1.0,0
CC[NH+](CC)CCNC(=O)c1ccc(cc1)N,0,0.30682385,1.0,0
CC[NH+](CC)CCOC(=O)c1ccc(cc1)N,0,0.2693836,1.0,0
CC[NH+](CC)CCOC(=O)c1ccc(cc1Cl)N,0,0.23044427,1.0,0
CCC(C(c1ccc(c(c1)O)O)O)[NH2+]C(C)C,0,0.19211762,1.0,0
CCC(=C)C(=O)c1ccc(c(c1Cl)Cl)OCC(=O)[O-],0,0.3080723,1.0,0
CCC(Cc1c(cc(c(c1I)N)I)I)C(=O)[O-],0,0.18039271,1.0,0
CCC[NH+](CC)C(CC)C(=O)Nc1c(cccc1C)C,0,0.3890252,1.0,0
CCC[NH2+]C(C)C(=O)Nc1ccccc1C,0,0.33223882,1.0,0
CCCC(=O)Nc1c(cc(c(c1I)CC(CC)C(=O)[O-])I)I,0,0.19380881,1.0,0
CCCC(=O)Nc1ccc(c(c1)C(=O)C)OCC(C[NH2+]C(C)C)O,0,0.37602204,1.0,0
CCCCC(CC)COC(=O)/C=C/c1ccc(cc1)OC,0,0.29979974,1.0,0
CCCCCCC[NH+](CC)CCCC(c1ccc(cc1)NS(=O)(=O)C)O,0,0.23326425,1.0,0
CCCCCCCCc1ccc(cc1)CCC(CO)(CO)[NH3+],0,0.28771892,1.0,0
CCCCCCCCCc1ccc(cc1)OCCOCCOCCOCCOCCOCCOCCOCCOCCO,0,0.3503977,1.0,0
CCCCNC(=O)[N-]S(=O)(=O)c1ccc(cc1)C,0,0.30883595,1.0,0
CCCCNc1ccc(cc1)C(=O)OCC[NH+](C)C,0,0.2950896,1.0,0
CCCCNc1ccc(cc1)C(=O)OCCOCCOCCOCCOCCOCCOCCOCCOCCOC,0,0.4671489,1.0,0
CCCCOc1cc(ccc1N)C(=O)OCC[NH+](CC)CC,0,0.2762112,1.0,0
CCCN(CCC)S(=O)(=O)c1ccc(cc1)C(=O)[O-],0,0.3223207,1.0,0
CCCNC(=O)[N-]S(=O)(=O)c1ccc(cc1)Cl,0,0.3503722,1.0,0
CCCOc1cc(ccc1C(=O)OCC[NH+](CC)CC)N,0,0.2760889,1.0,0
CCCOc1ccc(cc1N)C(=O)OCC[NH+](CC)CC,0,0.30474716,1.0,0
CCN(C)C(=O)Oc1cccc(c1)[C@H](C)[NH+](C)C,0,0.25677586,1.0,0
CCN(c1ccccc1C)C(=O)/C=C/C,0,0.38236177,1.0,0
CCN(CC)C(=O)/C(=C/c1cc(c(c(c1)O)[O-])[N+](=O)[O-])/C#N,0,0.26787582,1.0,0
CCN(CC)CC(=O)NC1=C(C=CC=C1C)C,1,0.5905041,1.0,1
CCOC(=O)/C=C(\C)/C=C/C=C(\C)/C=C/c1c(cc(c(c1C)C)OC)C,0,0.37462524,1.0,0
CCOC(=O)[C@](C)(Cc1ccc(c(c1)O)O)[NH3+],0,0.26266986,1.0,0
CCOC(=O)C(C)(C)Oc1ccc(cc1)Cl,0,0.31388217,1.0,0
CCOC(=O)CCCCCCCCC(C)c1ccccc1I,0,0.20017317,1.0,0
CCOc1ccc(cc1)CC(CN(CC[NH+](CC(=O)[O-])CC(=O)[O-])CC(=O)[O-])[NH+](CC(=O)[O-])CC(=O)[O-],0,0.20273158,1.0,0
CN(C)/C=[NH+]/c1c(cc(c(c1I)CCC(=O)[O-])I)I,0,0.17141107,1.0,0
CN(CC(CO)O)C(=O)c1c(c(c(c(c1I)NC(=O)COC)I)C(=O)NCC(CO)O)I,0,0.22503321,1.0,0
CN/C(=[NH+]\C)/NCc1ccccc1,0,0.3959139,1.0,0
COC(CNC(=O)c1ccccc1OCC(=O)[O-])C[Hg]O,0,0.28679892,1.0,0
COC(=O)c1ccccc1O,0,0.4067615,1.0,0
COc1ccc(c(c1)C(CNC(=O)C[NH3+])O)OC,0,0.32380113,1.0,0
COc1ccc(cc1)O,0,0.41005334,1.0,0
COc1ccccc1OCC(CO)O,0,0.4414016,1.0,0
COc1ccccc1OCC(COC(=O)N)O,0,0.42710766,1.0,0
COCCCC/C(=N\OCC[NH3+])/c1ccc(cc1)C(F)(F)F,0,0.32657945,1.0,0
*C(=O)[C@H](CCCCNC(=O)OCCOC)NC(=O)OCCOC,0,0.39632794,1.0,0
[C@H]([C@@H]([C@@H](C(=O)[O-])O)O)([C@H](C(=O)[O-])O)O,0,0.28824663,1.0,0
[N+](=O)([O-])[O-],0,0.41925833,1.0,0
[N]=O,0,0.47594625,1.0,0
[O-][99Tc](=O)(=O)=O,0,0.38860473,1.0,0
[O-]P(=O)([O-])F,0,0.41408065,1.0,0
[O-]S(=O)(=O)[O-],0,0.42821357,1.0,0
[O-]S(=O)(=S)[O-],0,0.42985526,1.0,0
[Se],1,0.47815773,1.0,0
C#N,0,0.4646761,1.0,0
C(#N)[Fe-2](C#N)(C#N)(C#N)(C#N)N=O,0,0.41601673,1.0,0
C([C@@H](C(=O)[O-])[NH3+])S,0,0.284195,1.0,0
C([C@H]([C@@H]([C@H](C=O)O)O)O)O,0,0.44745284,1.0,0
C([C@H]([C@H]([C@@H]([C@@H](CO)O)O)O)O)O,0,0.42440116,1.0,0
C([C@H]([C@H]([C@@H]([C@H](C(=O)[O-])O)O)O)O)O,0,0.28427866,1.0,0
C([C@H]([C@H]([C@@H]([C@H](CO)O)O)O)O)O,0,0.4244124,1.0,0
C(=[NH2+])(N)N,0,0.38152766,1.0,0
C(C(C(C(C(F)(F)Br)(F)F)(F)F)(F)F)(C(C(C(F)(F)F)(F)F)(F)F)(F)F,0,0.42232817,1.0,0
C(C(C(C(F)(F)F)(F)F)(F)F)(C(C(F)(F)F)(F)F)(F)F,0,0.43254873,1.0,0
C(C(C(=O)[O-])O)(C(=O)[O-])O,0,0.3135681,1.0,0
C(C(C(=O)[O-])S)(C(=O)[O-])S,0,0.3361237,1.0,0
C(C(Cl)(Cl)Cl)OP(=O)([O-])[O-],0,0.37243977,1.0,0
C(C(CO)(CO)[NH3+])O,0,0.43109906,1.0,0
C(C(CO)O)O,0,0.38074434,1.0,0
C(C(CO[N+](=O)[O-])O[N+](=O)[O-])O[N+](=O)[O-],0,0.34556323,1.0,0
C(C(CS)S)O,0,0.38754034,1.0,0
C(C(F)(F)F)(C(F)(F)F)(F)F,0,0.46410197,1.0,0
C(C(F)(F)F)(Cl)Br,0,0.48500058,1.0,0
C(C(F)(F)F)(OC(F)F)Cl,0,0.45285928,1.0,0
C(C(F)(F)F)(OC(F)F)F,0,0.42712376,1.0,0
C(=C(F)F)(F)F,0,0.45984286,1.0,0
C(C(=O)[O-])[NH3+],0,0.30302513,1.0,0
C(C(=O)[O-])C(CC(=O)[O-])(C(=O)[O-])O,0,0.31912184,1.0,0
C(C(OC(F)F)(F)F)(F)Cl,0,0.4010477,1.0,0
C(=C/C(=O)[O-])\C(=O)[O-],0,0.41299784,1.0,0
C(C[C@@H](C(=O)[O-])[NH3+])C[NH+]=C(N)N,0,0.21555297,1.0,0
C(C[NH2+]CCNCC[NH2+]CCN)N,0,0.3841758,1.0,0
C(C[NH3+])C(O)(P(=O)([O-])[O-])P(=O)([O-])[O-],0,0.2587751,1.0,0
C(C[NH3+])C[NH2+]CCSP(=O)([O-])[O-],0,0.20407493,1.0,0
C(CC(C(F)F)(C(=O)[O-])[NH3+])C[NH3+],0,0.24607982,1.0,0
C(CC(O)(P(=O)([O-])[O-])P(=O)([O-])[O-])C[NH3+],0,0.256659,1.0,0
C(CC(=O)[O-])C(=O)[O-],0,0.3169799,1.0,0
C(CC(=O)[O-])C(=O)C[NH3+],0,0.2696091,1.0,0
C(CC(=O)[O-])CO,0,0.29304805,1.0,0
C(CC(=O)N)[C@@H](C(=O)[O-])[NH3+],0,0.28281724,1.0,0
C(CC(=O)N[C@@H](CSSC[C@@H](C(=O)NCC(=O)[O-])NC(=O)CC[C@@H](C(=O)[O-])[NH3+])C(=O)NCC(=O)[O-])[C@@H](C(=O)[O-])[NH3+],0,0.21415047,1.0,0
C(CCC(=O)[O-])CC[NH3+],0,0.23869117,1.0,0
C(CCCC(=O)[O-])CCCC(=O)[O-],0,0.3129873,1.0,0
C(CN(CC(=O)[O-])CC(=O)[O-])[NH+](CC(=O)[O-])CC(=O)[O-],0,0.30390835,1.0,0
C(CN(CC[NH+](CC(=O)[O-])CC(=O)[O-])CC(=O)[O-])[NH+](CC(=O)[O-])CC(=O)[O-],0,0.3010583,1.0,0
C(CNCC[NH2+]CCN)[NH3+],0,0.30932817,1.0,0
C(CS(=O)(=O)[O-])S,0,0.36764765,1.0,0
C(CS)[NH3+],0,0.35363954,1.0,0
C(=O)([O-])[O-],0,0.38368243,1.0,0
C(=O)([O-])P(=O)([O-])[O-],0,0.33446527,1.0,0
C(=O)(N)N,0,0.45432127,1.0,0
C(=O)(N)NO,0,0.44274518,1.0,0
C(OC(C(F)(F)F)C(F)(F)F)F,0,0.44308606,1.0,0
C[C@@H]([NH2+]CC(C[NH2+][C@@H](/C(=N/O)/C)C)(C)C)/C(=N/O)/C,0,0.3636145,1.0,0
C[N+](C)(C)C[C@@H](CC(=O)[O-])O,0,0.26301876,1.0,0
C[N+](C)(C)CC(=O)[O-],0,0.3253974,1.0,0
C[N+](C)(C)CCCCCC[NH2+]CC=C,0,0.37115625,1.0,0
C[N+](C)(C)CCCCCCCCCC[N+](C)(C)C,0,0.4461008,1.0,0
C[N+](C)(C)CCOC(=O)CCC(=O)OCC[N+](C)(C)C,0,0.4476557,1.0,0
C[N+](C)(C)CCOC(=O)N,0,0.43551764,1.0,0
C[NH+](CCCl)CCCl,0,0.37363315,1.0,0
C[NH2+]C[C@@H]([C@H]([C@@H]([C@@H](CO)O)O)O)O,0,0.29573882,1.0,0
CC(C(=O)[O-])O,0,0.32632607,1.0,0
CC(C(=O)NCC(=O)[O-])S,0,0.23853818,1.0,0
CC(C)([C@H](C(=O)[O-])[NH3+])S,0,0.30688462,1.0,0
CC(C)(CO)[C@H](C(=O)NCCC(=O)[O-])O,0,0.27886605,1.0,0
CC(C)(CO)[C@H](C(=O)NCCCO)O,0,0.41468224,1.0,0
CC(C)C[C@@H](CC(=O)[O-])C[NH3+],0,0.21282211,1.0,0
CC(C)O,0,0.4094288,1.0,0
CC(C)OP(=O)(OC(C)C)F,0,0.4161082,1.0,0
CC(C[N+](C)(C)C)OC(=O)C,0,0.43136472,1.0,0
CC(C[N+](C)(C)C)OC(=O)N,0,0.3177155,1.0,0
CC(O)(P(=O)([O-])[O-])P(=O)([O-])[O-],0,0.39328203,1.0,0
CC(=O)[O-],0,0.355593,1.0,0
CC(=O)N(CCCCCNC(=O)CCC(=O)N(CCCCCNC(=O)CCC(=O)N(CCCCC[NH3+])O)O)O,0,0.31512102,1.0,0
CC(=O)N[C@@H](CS)C(=O)[O-],0,0.27859667,1.0,0
CC(=O)NCCCS(=O)(=O)[O-],0,0.2993913,1.0,0
CC(=O)NO,0,0.42430547,1.0,0
CC(=O)OCC[N+](C)(C)C,0,0.44826046,1.0,0
CC[C@@H](CO)[NH2+]CCN[C@@H](CC)CO,0,0.30856854,1.0,0
CCC(/C=C/Cl)(C#C)O,0,0.3671851,1.0,0
CCC(C)C(C)(COC(=O)N)COC(=O)N,0,0.3522936,1.0,0
C=CC(CCC(=O)[O-])[NH3+],0,0.265798,1.0,0
CCCC(C)(COC(=O)N)COC(=O)N,0,0.38958022,1.0,0
CCCC(C)(COC(=O)N)COC(=O)NC(C)C,0,0.337314,1.0,0
CCCC(CCC)C(=O)[O-],0,0.24692638,1.0,0
CCCCC[NH+](C)CCC(O)(P(=O)([O-])[O-])P(=O)([O-])[O-],0,0.22553994,1.0,0
CCCCCCCC(=O)OCC(CO)O,0,0.2983874,1.0,0
CCCCCCCC/C=C\CCCCCCCC(=O)[O-],0,0.24668258,1.0,0
CCCCCCCCCCCCCC(=O)OC[C@H](COP(=O)([O-])OCC[N+](C)(C)C)OC(=O)CCCCCCCCCCCCC,0,0.18394777,1.0,0
CCCCCCCCCCCCCCCC(=O)OCC(COP(=O)([O-])OCC[N+](C)(C)C)OC(=O)CCCCCCCCCCCCCCC,0,0.18391241,1.0,0
CCCCCCCCCCCCCCCCCCCCCCO,0,0.38455147,1.0,0
CCCCCCCCCCCCCCCCO,0,0.38456377,1.0,0
CCCCCCCCCCCCCCOS(=O)(=O)[O-],0,0.38043258,1.0,0
CCCCCCCCCCCCOCCOCCOCCOCCOCCOCCOCCOCCOCCO,0,0.34809333,1.0,0
CCCCCCOC(=O)CCC(=O)C[NH3+],0,0.31813988,1.0,0
CCN(CC)C(=S)SSC(=S)N(CC)CC,0,0.39206582,1.0,0
CCO,0,0.4395442,1.0,0
CCOC(=O)CC(C(=O)OCC)SP(=S)(OC)OC,0,0.24192293,1.0,0
CCOCCP(CCOCC)CCP(CCOCC)CCOCC,0,0.33986753,1.0,0
CCOP(=O)(OCC)SCC[N+](C)(C)C,0,0.33209664,1.0,0
Cl[201Tl],0,0.47773194,1.0,0
Cl[Cr](Cl)Cl,0,0.4584204,1.0,0
Cl[Cu]Cl,0,0.46346265,1.0,0
Cl[Mn]Cl,0,0.48184952,1.0,0
Cl[Zn]Cl,0,0.47850364,1.0,0
CN(C)C(=[NH2+])NC(=[NH2+])N,0,0.4335017,1.0,0
CNC(=O)C[NH+](CCN(CCN(CC(=O)NC)CC(=O)[O-])CC(=O)[O-])CC(=O)[O-],0,0.2859372,1.0,0
CO[Si](C)(C)O[Si](C)(C)C,0,0.35614997,1.0,0
COC(C(Cl)Cl)(F)F,0,0.44449013,1.0,0
COC(CNC(=O)N)C[Hg]Cl,0,0.33986726,1.0,0
COC(=O)CCC(=O)C[NH3+],0,0.3665437,1.0,0
COCCNC(=O)C[NH+](CCN(CCN(CC(=O)NCCOC)CC(=O)[O-])CC(=O)[O-])CC(=O)[O-],0,0.25441793,1.0,0
COCCO,0,0.42549804,1.0,0
CS(=O)C,0,0.3997141,1.0,0
II,0,0.46684116,1.0,0
N(=O)[O-],0,0.42206782,1.0,0
O[32P](=O)([O-])[O-],0,0.35791212,1.0,0
O=[Al]O[Al]=O,0,0.41330376,1.0,0
O[Si](=O)O,0,0.41273963,1.0,0
O=[Ti]=O,0,0.4320455,1.0,0
O=[Zn],0,0.46111014,1.0,0
OCl(=O)(=O)=O,0,0.38670024,1.0,0
S=[Se]=S,0,0.42678303,1.0,0
C[C@@H]1C[C@H]2[C@@H]3C[C@@H](C4=CC(=O)C=C[C@@]4([C@]3([C@H](C[C@@]2([C@]1(C(=O)COC(=O)C(C)(C)C)O)C)O)F)C)F,0,0.33767188,1.0,0
C[C@@H]1C[C@H]2[C@@H]3C[C@@H](C4=CC(=O)C=C[C@@]4([C@]3([C@H](C[C@@]2([C@H]1C(=O)COC(=O)C(C)(C)C)C)O)Cl)C)F,0,0.28761536,1.0,0
C[C@@H]1C[C@H]2[C@@H]3C[C@@H](C4=CC(=O)C=C[C@@]4([C@H]3[C@H](C[C@@]2([C@]1(C(=O)COC(=O)C)O)C)O)C)F,0,0.28510588,1.0,0
C[C@@H]1C[C@H]2[C@@H]3CCC4=CC(=O)C=C[C@@]4([C@]3([C@H](C[C@@]2([C@]1(C(=O)CO)O)C)O)F)C,1,0.4956909,1.0,0
C[C@@H]1C[C@H]2[C@@H]3CCC4=CC(=O)C=C[C@@]4([C@]3([C@H](C[C@@]2([C@]1(C(=O)COP(=O)([O-])[O-])O)C)O)F)C,0,0.39083594,1.0,0
C[C@@H]1C[C@H]2[C@@H]3CCC4=CC(=O)C=C[C@@]4([C@]3([C@H](C[C@@]2([C@H]1C(=O)CO)C)O)F)C,0,0.44084275,1.0,0
C[C@]12C[C@@H]([C@]3([C@H]([C@@H]1C[C@H]([C@@]2(C(=O)CO)O)O)CCC4=CC(=O)C=C[C@@]43C)F)O,0,0.5139769,1.0,0
C[C@]12C[C@@H]([C@H]3[C@H]([C@@H]1CC[C@@]2(C(=O)CO)O)C[C@@H](C4=CC(=O)C=C[C@]34C)F)O,0,0.46367395,1.0,0
C[C@]12C[C@@H]([C@H]3[C@H]([C@@H]1CC[C@@]2(C(=O)CO)O)CCC4=CC(=O)C=C[C@]34C)O,1,0.639184,1.0,1
C[C@]12C[C@@H]([C@H]3[C@H]([C@@H]1CC[C@@]2(C(=O)COC(=O)CC(C)(C)C)O)CCC4=CC(=O)C=C[C@]34C)O,0,0.48703602,1.0,0
C[C@H]1C[C@H]2[C@@H]3C[C@@H](C4=CC(=O)C=C[C@@]4([C@]3([C@H](C[C@@]2([C@]1(C(=O)COC(=O)C)OC(=O)C)C)O)F)C)F,0,0.24678735,1.0,0
C[C@H]1C[C@H]2[C@@H]3CC[C@@]([C@]3(C[C@@H]([C@@]2([C@@]4(C1=CC(=O)C=C4)C)F)O)C)(C(=O)C)O,0,0.39275485,1.0,0
C[C@H]1C[C@H]2[C@@H]3CC[C@@]([C@]3(C[C@@H]([C@@]2([C@@]4(C1=CC(=O)C=C4)C)F)O)C)(C(=O)C)OC(=O)C,0,0.4165983,1.0,0
C[C@H]1C[C@H]2[C@@H]3CC[C@@]([C@]3(C[C@@H]([C@@H]2[C@@]4(C1=CC(=O)C=C4)C)O)C)(C(=O)CO)O,0,0.4801403,1.0,0
C[C@H]1C[C@H]2[C@@H]3CC[C@@]([C@]3(C[C@@H]([C@@H]2[C@@]4(C1=CC(=O)C=C4)C)O)C)(C(=O)COC(=O)CCC(=O)[O-])O,0,0.23632054,1.0,0
C[C@H]1C[C@H]2[C@@H]3CCC4=CC(=O)C=C[C@@]4([C@]3([C@H](C[C@@]2([C@]1(C(=O)CO)O)C)O)F)C,0,0.49585307,1.0,0
C[C@H]1C[C@H]2[C@@H]3CCC4=CC(=O)C=C[C@@]4([C@]3([C@H](C[C@@]2([C@]1(C(=O)COC(=O)C)O)C)O)F)C,0,0.42656338,1.0,0
CCC(=O)[C@]1([C@@H](CC2[C@@]1(C[C@@H](C3C2CCC4=CC(=O)C=C[C@]34C)O)C)C)C,0,0.43305117,1.0,0
CCC(=O)O[C@@]1([C@@H](C[C@@H]2[C@@]1(C[C@@H]([C@]3([C@H]2C[C@@H](C4=CC(=O)C=C[C@@]43C)F)F)O)C)C)C(=O)SCF,0,0.17032984,1.0,0
CCC(=O)O[C@@]1([C@H](C[C@@H]2[C@@]1(C[C@@H]([C@]3([C@H]2CCC4=CC(=O)C=C[C@@]43C)F)O)C)C)C(=O)CCl,0,0.28795555,1.0,0
CCC(=O)O[C@@]1([C@H](CC2C1(CC([C@]3(C2C[C@@H](C4=CC(=O)C=CC43C)F)F)O)C)C)C(=O)CCl,0,0.21384664,1.0,0
CCC(=O)OCC(=O)[C@]1([C@@H](C[C@@H]2[C@@]1(C[C@@H]([C@H]3[C@H]2[C@@H](CC4=CC(=O)C=C[C@]34C)Cl)O)C)C)OC(=O)CC,0,0.28866935,1.0,0
CCC(=O)OCC(=O)[C@]1([C@H](C[C@@H]2[C@@]1(C[C@@H]([C@]3([C@H]2CCC4=CC(=O)C=C[C@@]43C)Cl)O)C)C)OC(=O)CC,0,0.22455496,1.0,0
CCC(=O)OCC(=O)[C@]1(CC[C@@H]2[C@@]1(C[C@@H]([C@H]3[C@H]2CCC4=CC(=O)C=C[C@]34C)O)C)OC(=O)OCC,0,0.36936012,1.0,0
CCCC(=O)O[C@@]1(CC[C@@H]2[C@@]1(C[C@@H]([C@]3([C@H]2C[C@@H](C4=CC(=O)C=C[C@@]43C)F)F)O)C)C(=O)COC(=O)C,0,0.22398083,1.0,0
CCCCC(=O)O[C@@]1([C@H](C[C@@H]2[C@@]1(C[C@@H]([C@]3([C@H]2CCC4=CC(=O)C=C[C@@]43C)F)O)C)C)C(=O)CO,0,0.3080081,1.0,0
CCOC(=O)O[C@@]1(CC[C@@H]2[C@@]1(C[C@@H]([C@H]3[C@H]2CCC4=CC(=O)C=C[C@]34C)O)C)C(=O)OCCl,0,0.4600563,1.0,0
C[C@]12CC[C@H]3[C@H]([C@@H]1CC[C@@H]2O)CCC4=CC(=O)CC[C@]34C,0,0.43249166,1.0,0
C[C@]12CC[C@H]3[C@H]([C@@H]1CC[C@]2(C#C)O)CCC4=CC(=O)CC[C@H]34,0,0.32895774,1.0,0
C[C@]12CCC(=O)C=C1CC[C@@H]3[C@@]2([C@H](C[C@]4([C@H]3CC[C@]4(C)O)C)O)F,0,0.39681938,1.0,0
C[C@]12CCC(=O)C=C1CC[C@@H]3[C@@H]2[C@H](C[C@]4([C@H]3CC[C@@]4(C(=O)CO)O)C)O,1,0.5778664,1.0,1
C[C@]12CCC(=O)C=C1CC[C@@H]3[C@@H]2[C@H](C[C@]4([C@H]3CC[C@@]4(C(=O)COC(=O)CCC(=O)[O-])O)C)O,0,0.3145964,1.0,0
C[C@]12CCC(=O)C=C1CC[C@@H]3[C@@H]2[C@H](C[C@]4([C@H]3CC[C@@]4(C(=O)COP(=O)([O-])[O-])O)C)O,0,0.44257876,1.0,0
C[C@]12CCC(=O)C=C1CC[C@@H]3[C@@H]2CC[C@]4([C@H]3CC[C@]4(C)O)C,0,0.44276476,1.0,0
C[C@H]1C[C@@H]2[C@H](CC[C@]3([C@H]2CC[C@@]3(C(=O)C)OC(=O)C)C)[C@@]4(C1=CC(=O)CC4)C,0,0.33517504,1.0,0
C[C@H]1C[C@H]2[C@@H]3CC[C@@H]([C@]3(C[C@@H]([C@@H]2[C@@]4(C1=CC(=O)CC4)C)O)C)C(=O)C,0,0.34448132,1.0,0
CC(=O)[C@H]1CC[C@@H]2[C@@]1(CC[C@H]3[C@H]2CCC4=CC(=O)CC[C@]34C)C,0,0.44150105,1.0,0
CC(=O)O[C@]1(CC[C@@H]2[C@@]1(CC[C@H]3[C@H]2CCC4=CC(=O)CC[C@H]34)C)C#C,0,0.3273131,1.0,0
CC(=O)OCC(=O)[C@]1(CC[C@@H]2[C@@]1(C[C@@H]([C@]3([C@H]2CCC4=CC(=O)CC[C@@]43C)F)O)C)O,0,0.41562742,1.0,0
CC(=O)OCC(=O)[C@]1(CC[C@@H]2[C@@]1(C[C@@H]([C@H]3[C@H]2CCC4=CC(=O)CC[C@]34C)O)C)O,0,0.47823015,1.0,0
CC(=O)OCC(=O)[C@H]1CC[C@@H]2[C@@]1(CC[C@H]3[C@H]2CCC4=CC(=O)CC[C@]34C)C,0,0.39932165,1.0,0
CC12CCC3C(C1CCC2C(=O)COC(=O)C(C)(C)C)CCC4=CC(=O)CCC34C,0,0.4103814,1.0,0
CC[C@]12CC[C@H]3[C@H]([C@@H]1CC[C@]2(C#C)O)CCC4=CC(=O)CC[C@H]34,0,0.31542334,1.0,0
CC[NH+](CC)CC(=O)OCC(=O)[C@]1(CC[C@@H]2[C@@]1(C[C@@H]([C@H]3[C@H]2CCC4=CC(=O)CC[C@]34C)O)C)O,0,0.31904978,1.0,0
CCC(=O)O[C@H]1CC[C@@H]2[C@@]1(CC[C@H]3[C@H]2CCC4=CC(=O)CC[C@]34C)C,0,0.3789183,1.0,0
CCCC(=O)O[C@@]1(CC[C@@H]2[C@@]1(C[C@@H]([C@H]3[C@H]2CCC4=CC(=O)CC[C@]34C)O)C)C(=O)CO,0,0.34398222,1.0,0
CCCC(=O)O[C@@]1(CC[C@@H]2[C@@]1(C[C@@H]([C@H]3[C@H]2CCC4=CC(=O)CC[C@]34C)O)C)C(=O)COC(=O)CC,0,0.27603835,1.0,0
CCCCC(=O)O[C@@]1(CC[C@@H]2[C@@]1(C[C@@H]([C@H]3[C@H]2CCC4=CC(=O)CC[C@]34C)O)C)C(=O)CO,0,0.32119617,1.0,0
CCCCCC(=O)O[C@@]1(CC[C@@H]2[C@@]1(CC[C@H]3[C@H]2CCC4=CC(=O)CC[C@]34C)C)C(=O)C,0,0.28966126,1.0,0
CCCCCCC(=O)O[C@H]1CC[C@@H]2[C@@]1(CC[C@H]3[C@H]2CCC4=CC(=O)CC[C@]34C)C,0,0.3847269,1.0,0
CCCCCCCCCC(=O)O[C@H]1CC[C@@H]2[C@@]1(CC[C@H]3[C@H]2CCC4=CC(=O)CC[C@H]34)C,0,0.32095146,1.0,0
c1c(c(c(c(c1Cl)Cl)Cc2c(c(cc(c2Cl)Cl)Cl)O)O)Cl,0,0.37535307,1.0,0
c1ccc(c(c1)C(c2ccc(cc2)Cl)C(Cl)Cl)Cl,0,0.30338827,1.0,0
c1ccc(cc1)C(c2ccccc2)[S@](=O)CC(=O)N,0,0.2764691,1.0,0
c1ccc(cc1)C(c2ccccc2)S(=O)CC(=O)N,0,0.276264,1.0,0
C[NH+](C)CCC(c1ccccc1)(c2ccccc2Cl)O,0,0.28472337,1.0,0
C[NH+](C)CCOC(c1ccccc1)c2ccccc2,0,0.24091242,1.0,0
CC(C)[N+](C)(CCC(c1ccccc1)(c2ccccc2)C(=O)N)C(C)C,0,0.2756932,1.0,0
CC(C)C(=O)Oc1ccc(cc1[C@H](CC[NH+](C(C)C)C(C)C)c2ccccc2)CO,0,0.26279634,1.0,0
Cc1ccc(c(c1)[C@H](CC[NH+](C(C)C)C(C)C)c2ccccc2)O,0,0.25800595,1.0,0
Cc1ccccc1C(c2ccccc2)OCC[NH+](C)C,0,0.17515853,1.0,0
CC[C@@H](C(C[C@H](C)[NH+](C)C)(c1ccccc1)c2ccccc2)OC(=O)C,0,0.18711637,1.0,0
CCC(=O)C(CC(C)[NH+](C)C)(c1ccccc1)c2ccccc2,0,0.20630689,1.0,0
c1nc(c2c(n1)n(cn2)[C@H]3[C@@H]([C@@H]([C@H](O3)CO)O)O)N,0,0.73274165,1.0,1
c1nc(c2c(n1)n(cn2)[C@H]3[C@H]([C@@H]([C@H](O3)CO)O)O)N,0,0.7333084,1.0,1
C1=NC2=C(N1[C@H]3[C@H]([C@@H]([C@H](O3)CO)O)F)N=C(N=C2N)Cl,1,0.74863833,1.0,1
C1=NC2=C(N1[C@H]3[C@H]([C@@H]([C@H](O3)CO)O)O)N=C(N=C2N)F,1,0.79201305,1.0,1
C1=NC2=C(N1[C@H]3[C@H]([C@@H]([C@H](O3)COP(=O)(O)O)O)O)N=C(N=C2N)F,1,0.8118118,1.0,1
c1nc2c(nc(nc2n1[C@H]3[C@H]([C@@H]([C@H](O3)CO)O)F)Cl)N,0,0.74863833,1.0,1
c1nc2c(nc(nc2n1[C@H]3[C@H]([C@@H]([C@H](O3)COP(=O)([O-])[O-])O)O)F)N,0,0.77192587,1.0,1
c1nc2c(nc(nc2n1[C@H]3C[C@@H]([C@H](O3)CO)O)Cl)N,0,0.7108437,1.0,1
COc1c2c(nc(n1)N)n(cn2)[C@H]3[C@H]([C@@H]([C@H](O3)CO)O)O,0,0.69136554,1.0,1
C[C@@H](CN1c2ccccc2Sc3c1cc(cc3)OC)C[NH+](C)C,0,0.15185626,1.0,0
C[NH+](C)CCCN1c2ccccc2Sc3c1cc(cc3)C(F)(F)F,0,0.24087542,1.0,0
C[NH+](C)CCCN1c2ccccc2Sc3c1cc(cc3)Cl,0,0.17267838,1.0,0
C[NH+](C)CCCN1c2ccccc2Sc3c1cccc3,0,0.2239845,1.0,0
CC(CN1c2ccccc2Sc3c1cccc3)[NH+](C)C,0,0.19029535,1.0,0
CC(CN1c2ccccc2Sc3c1cccc3)C[NH+](C)C,0,0.16058688,1.0,0
CC[NH+](CC)C(C)CN1c2ccccc2Sc3c1cccc3,0,0.22679505,1.0,0
CCC(=O)c1ccc2c(c1)N(c3ccccc3S2)CC(C)[NH+](C)C,0,0.1368528,1.0,0
C[C@@H](C1=CC2=C(C=C1)C=C(C=C2)OC)C(=O)OCCCCO[N+](=O)[O-],1,0.46436778,1.0,0
C[C@@H](c1ccc2cc(ccc2c1)OC)C(=O)[O-],0,0.42276892,1.0,0
CC(C)(C)C#C/C=C/C[NH+](C)Cc1cccc2c1cccc2,0,0.2868932,1.0,0
CC(C)[NH2+]CC(COc1cccc2c1cccc2)O,0,0.46850866,1.0,0
CC(C)NCC(COC1=CC=CC2=CC=CC=C21)O,1,0.59693146,1.0,1
CC(=O)CCc1ccc2cc(ccc2c1)OC,0,0.5518323,1.0,1
Cc1cc(c2ccccc2c1OP(=O)([O-])[O-])OP(=O)([O-])[O-],0,0.34876084,1.0,0
CN(C)c1cccc2c1ccc(c2)S(=O)(=O)[O-],0,0.36889425,1.0,0
c1ccc(c(c1)C2=NC(C(=O)Nc3c2cc(cc3)Cl)O)Cl,0,0.5728383,1.0,1
c1ccc(c(c1)C2=NCC(=O)Nc3c2cc(cc3)[N+](=O)[O-])Cl,0,0.38159484,1.0,0
c1ccc(cc1)C2=NC(C(=O)Nc3c2cc(cc3)Cl)C(=O)[O-],0,0.45523718,1.0,0
c1ccc(cc1)C2=NC(C(=O)Nc3c2cc(cc3)Cl)O,0,0.628455,1.0,1
c1ccc(cc1)C2=NCC(=O)N(c3c2cc(cc3)Cl)CC(F)(F)F,0,0.51161015,1.0,0
CC[NH+](CC)CCN1c2ccc(cc2C(=NCC1=O)c3ccccc3F)Cl,0,0.30308872,1.0,0
CN1c2ccc(cc2C(=NC(C1=O)O)c3ccccc3)Cl,0,0.53014624,1.0,1
CN1c2ccc(cc2C(=NCC1=O)c3ccccc3)Cl,0,0.5394318,1.0,1
c1cc(c(c(c1)C(=O)c2ccc(cc2)Br)N)CC(=O)[O-],0,0.33220705,1.0,0
c1ccc(cc1)C(=O)c2cccc(c2N)CC(=O)N,0,0.43512663,1.0,0
CC(C)(C(=O)[O-])Oc1ccc(cc1)C(=O)c2ccc(cc2)Cl,0,0.29753578,1.0,0
CC(C)(C(=O)NCCS(=O)(=O)[O-])Oc1ccc(cc1)C(=O)c2ccc(cc2)Cl,0,0.32396817,1.0,0
CC(C)OC(=O)C(C)(C)Oc1ccc(cc1)C(=O)c2ccc(cc2)Cl,0,0.28032377,1.0,0
CC(c1cccc(c1)C(=O)c2ccccc2)C(=O)[O-],0,0.27072755,1.0,0
Cc1ccc(cc1)C(=O)c2cc(c(c(c2)O)[O-])[N+](=O)[O-],0,0.29013833,1.0,0
COc1ccc(c(c1)O)C(=O)c2ccccc2,0,0.41870353,1.0,0
[C@@H]1([C@@H]([C@@H]([C@H]([C@@H]([C@@H]1Cl)Cl)Cl)Cl)Cl)Cl,0,0.47525176,1.0,0
C#CC1(CCCCC1)OC(=O)N,0,0.32195804,1.0,0
C1[C@@H](CC[C@H](C1)C(=O)[O-])C[NH3+],0,0.2600087,1.0,0
C1CC[C@H]([C@@H](C1)[NH3+])N,0,0.45342904,1.0,0
C1CCC(CC1)(CC(=O)[O-])C[NH3+],0,0.28638402,1.0,0
C1CCC(CC1)NC(=O)N(CCCl)N=O,0,0.41378605,1.0,0
C[C@@H]1CC[C@H]([C@@H](C1)O)C(C)C,0,0.40716577,1.0,0
CC(C)C(=O)OC(C)OC(=O)NCC1(CCCCC1)CC(=O)[O-],0,0.2552029,1.0,0
CC(C)CC1(C(=O)NC(=O)NC1=O)CC=C,0,0.38643724,1.0,0
CCC#CC(C)C1(C(=O)NC(=O)N(C1=O)C)CC=C,0,0.3898606,1.0,0
CCC(C)C1(C(=O)NC(=O)NC1=O)CC,0,0.44279155,1.0,0
CCC(C)C1(C(=O)NC(=O)NC1=O)CC=C,0,0.37607577,1.0,0
CCC1(C(=O)NC(=O)N(C1=O)C)CC,0,0.4246112,1.0,0
CCCC(C)C1(C(=O)NC(=O)NC1=O)CC,0,0.44101754,1.0,0
CCCC(C)C1(C(=O)NC(=O)NC1=O)CC=C,0,0.37727818,1.0,0
C[NH+](C)CC[C@@H](c1ccc(cc1)Br)c2ccccn2,0,0.34710532,1.0,0
C[NH+](C)CCC(c1ccc(cc1)Br)c2ccccn2,0,0.34743693,1.0,0
C[NH+](C)CCC(c1ccc(cc1)Cl)c2ccccn2,0,0.35061032,1.0,0
C[NH+](C)CCC(c1ccccc1)c2ccccn2,0,0.38551283,1.0,0
C[NH+](C)CCOC(c1ccc(cc1)Cl)c2ccccn2,0,0.22297113,1.0,0
CC(C)[NH+](CCC(c1ccccc1)(c2ccccn2)C(=O)N)C(C)C,0,0.3393997,1.0,0
CC(c1ccccc1)(c2ccccn2)OCC[NH+](C)C,0,0.3594935,1.0,0
C[C@H]1[C@@H]([C@H](C[C@@H](O1)O[C@H]2C[C@@](Cc3c2c(c4c(c3[O-])C(=O)c5cccc(c5C4=O)OC)[O-])(C(=O)CO)O)[NH3+])O,0,0.6401967,1.0,1
C[C@H]1[C@H]([C@H](C[C@@H](O1)O[C@H]2C[C@@](CC3=C(C4=C(C(=C23)O)C(=O)C5=C(C4=O)C=CC=C5OC)O)(C(=O)C)O)N)O.Cl,1,0.77114236,1.0,1
C[C@H]1[C@H]([C@H](C[C@@H](O1)O[C@H]2C[C@@](CC3=C(C4=C(C(=C23)O)C(=O)C5=C(C4=O)C=CC=C5OC)O)(C(=O)CO)O)N)O.Cl,1,0.7909361,1.0,1
C[C@H]1[C@H]([C@H](C[C@@H](O1)O[C@H]2C[C@@](Cc3c2c(c4c(c3[O-])C(=O)c5cccc(c5C4=O)OC)[O-])(C(=O)C)O)[NH3+])O,0,0.6134025,1.0,1
C[C@H]1[C@H]([C@H](C[C@@H](O1)O[C@H]2C[C@@](Cc3c2c(c4c(c3[O-])C(=O)c5cccc(c5C4=O)OC)[O-])(C(=O)CO)O)[NH3+])O,0,0.6405215,1.0,1
C[C@H]1[C@H]([C@H](C[C@@H](O1)O[C@H]2C[C@@](Cc3c2c(c4c(c3[O-])C(=O)c5ccccc5C4=O)[O-])(C(=O)C)O)[NH3+])O,0,0.53274196,1.0,1
CCCCC(=O)OCC(=O)[C@@]1(Cc2c(c(c3c(c2[O-])C(=O)c4cccc(c4C3=O)OC)[O-])[C@H](C1)OC5CC(C(C(O5)C)O)NC(=O)C(F)(F)F)O,0,0.42953724,1.0,0
C[C@]12C[C@@H]([C@]3([C@H]([C@@H]1C[C@@H]4[C@]2(OC(O4)(C)C)C(=O)CO)C[C@@H](C5=CC(=O)C=C[C@@]53C)F)F)O,0,0.3633662,1.0,0
C[C@]12C[C@@H]([C@]3([C@H]([C@@H]1C[C@@H]4[C@]2(OC(O4)(C)C)C(=O)CO)CCC5=CC(=O)C=C[C@@]53C)F)O,0,0.46575826,1.0,0
C[C@]12C[C@@H]([C@]3([C@H]([C@@H]1C[C@@H]4[C@]2(OC(O4)(C)C)C(=O)COC(=O)CC(C)(C)C)CCC5=CC(=O)C=C[C@@]53C)F)O,0,0.3357226,1.0,0
C[C@]12C[C@@H]([C@H]3[C@H]([C@@H]1C[C@@H]4[C@]2(OC(O4)(C)C)C(=O)CO)C[C@@H](C5=CC(=O)C=C[C@]35C)F)O,0,0.31975952,1.0,0
C[C@]12C[C@@H]([C@H]3[C@H]([C@@H]1C[C@@H]4[C@]2(OC(O4)(C)C)C(=O)CO)CCC5=CC(=O)C=C[C@]35C)O,0,0.48429844,1.0,0
CC(=O)OCC(=O)[C@@]12[C@@H](C[C@@H]3[C@@]1(C[C@@H]([C@]4([C@H]3C[C@@H](C5=CC(=O)C=C[C@@]54C)F)F)O)C)OC(O2)(C)C,0,0.29585344,1.0,0
CCCC1O[C@@H]2C[C@H]3[C@@H]4CCC5=CC(=O)C=C[C@@]5([C@H]4[C@H](C[C@@]3([C@@]2(O1)C(=O)CO)C)O)C,0,0.4078089,1.0,0
c1cc(cnc1)C(=O)[O-],0,0.52022874,1.0,0
c1cc(cnc1)C(=O)N,0,0.6140745,1.0,1
c1cc(cnc1)CC(O)(P(=O)([O-])[O-])P(=O)([O-])[O-],0,0.4372014,1.0,0
c1cnccc1C(=O)NN,0,0.5489943,1.0,1
CC(C)(C)[NH2+]CC(c1ccc(c(n1)CO)O)O,0,0.33461905,1.0,0
Cc1c(c(c(cn1)CO)CO)O,0,0.44011474,1.0,0
CCc1cc(ccn1)C(=S)N,0,0.3669607,1.0,0
CC1=C(C(CCC1)(C)C)/C=C/C(=C/C=C/C(=C/C(=O)[O-])/C)/C,0,0.21878105,1.0,0
CC1=C(C(CCC1)(C)C)/C=C/C(=C/C=C/C(=C/CO)/C)/C,0,0.25062543,1.0,0
CC1=C(C(CCC1)(C)C)/C=C/C(=C/C=C/C(=C\C(=O)[O-])/C)/C,0,0.21878295,1.0,0
CC1=C(C(CCC1)(C)C)/C=C/C(=C\C=C\C(=C\C(=O)[O-])\C)/C,0,0.21878369,1.0,0
CCC(CC)O[C@@H]1C=C(C[C@@H]([C@H]1NC(=O)C)[NH3+])C(=O)OCC,0,0.26732746,1.0,0
CCCCCCCCCCCCCCCC(=O)OC/C=C(\C)/C=C/C=C(\C)/C=C/C1=C(CCCC1(C)C)C,0,0.1765215,1.0,0
CC1=C(C(C(=C(N1)C)C(=O)OC(C)C)c2cccc(c2)[N+](=O)[O-])C(=O)OCCOC,0,0.274969,1.0,0
CC1=C(C(C(=C(N1)C)C(=O)OC)c2ccccc2[N+](=O)[O-])C(=O)OC,0,0.3391422,1.0,0
CC1=C(C(C(=C(N1)C)C(=O)OCC(C)C)c2ccccc2[N+](=O)[O-])C(=O)OC,0,0.29760566,1.0,0
CCCC(=O)OCOC(=O)C1=C(NC(=C(C1c2cccc(c2Cl)Cl)C(=O)OC)C)C,0,0.42588565,1.0,0
CCOC(=O)C1=C(NC(=C(C1c2cccc(c2Cl)Cl)C(=O)OC)C)C,0,0.48779497,1.0,0
CCOC(=O)C1=C(NC(=C(C1c2ccccc2Cl)C(=O)OC)C)COCC[NH3+],0,0.20034868,1.0,0
C[NH+](C)CC(c1ccc(cc1)O)C2(CCCCC2)O,0,0.27353546,1.0,0
C[NH+](C)CC(c1ccc(cc1)OC)C2(CCCCC2)O,0,0.37963042,1.0,0
CC[N+](C)(CC)CCOC(=O)C(c1ccccc1)(C2CCCCC2)O,0,0.29483092,1.0,0
CC[N+](CC)(CC)CCC(c1ccccc1)(C2CCCCC2)O,0,0.32749513,1.0,0
CC[NH+](CC)CC#CCOC(=O)C(c1ccccc1)(C2CCCCC2)O,0,0.19583409,1.0,0
CN(C)CC(C1=CC=C(C=C1)OC)C2(CCCCC2)O,1,0.55962586,1.0,1
C[C@]12CC[C@@H]3c4ccc(cc4C[C@H]([C@H]3[C@@H]1CC[C@@H]2O)CCCCCCCCCS(=O)CCCC(C(F)(F)F)(F)F)O,0,0.21338093,1.0,0
C[C@]12CC[C@@H]3c4ccc(cc4CC[C@H]3[C@@H]1CC[C@@H]2O)O,0,0.32570776,1.0,0
C[C@]12CC[C@@H]3c4ccc(cc4CC[C@H]3[C@@H]1CC[C@@H]2OP(=O)([O-])[O-])OC(=O)N(CCCl)CCCl,0,0.25463206,1.0,0
C[C@]12CC[C@@H]3c4ccc(cc4CC[C@H]3[C@@H]1CC[C@]2(C#C)O)O,0,0.32302293,1.0,0
C[C@]12CC[C@@H]3c4ccc(cc4CC[C@H]3[C@@H]1CC[C@]2(C#C)O)OC,0,0.4152943,1.0,0
CCCCC(=O)O[C@H]1CC[C@@H]2[C@@]1(CC[C@H]3[C@H]2CCc4c3ccc(c4)O)C,0,0.28348702,1.0,0
C1=CN(C(=O)N=C1N)[C@H]2[C@H]([C@@H]([C@H](O2)CO)O)O,1,0.7778126,1.0,1
C1=CN(C(=O)N=C1N)[C@H]2C([C@@H]([C@H](O2)CO)O)(F)F,1,0.7973167,1.0,1
C1=CN(C(=O)N=C1N)[C@H]2C([C@@H]([C@H](O2)CO)O)(F)F.Cl,1,0.8012458,1.0,1
c1cn(c(=O)nc1N)[C@H]2CC[C@H](O2)CO,0,0.6522072,1.0,1
CCCCCOC(=O)Nc1c(cn(c(=O)n1)[C@H]2[C@@H]([C@@H]([C@H](O2)C)O)O)F,0,0.7280897,1.0,1
CCCCCOC(=O)NC1=NC(=O)N(C=C1F)[C@H]2[C@@H]([C@@H]([C@H](O2)C)O)O,1,0.7280897,1.0,1
c1ccc2c(c1)N(c3cc(ccc3S2)C(F)(F)F)CCCN4CC[NH+](CC4)CCO,0,0.22111407,1.0,0
c1ccc2c(c1)N(c3cc(ccc3S2)Cl)CCCN4CC[NH+](CC4)CCO,0,0.15679781,1.0,0
C[NH+]1CCN(CC1)CCCN2c3ccccc3Sc4c2cc(cc4)C(F)(F)F,0,0.3476001,1.0,0
C[NH+]1CCN(CC1)CCCN2c3ccccc3Sc4c2cc(cc4)Cl,0,0.24598956,1.0,0
CC(=O)c1ccc2c(c1)N(c3ccccc3S2)CCCN4CC[NH+](CC4)CCO,0,0.16320513,1.0,0
CCSc1ccc2c(c1)N(c3ccccc3S2)CCCN4CC[NH+](CC4)C,0,0.18655749,1.0,0
c1c[nH+]ccc1N,0,0.4772596,1.0,0
C[n+]1cccc(c1)OC(=O)N(C)C,0,0.302736,1.0,0
C[n+]1ccccc1/C=N/O,0,0.4155691,1.0,0
CC(C(C)(C)C)/N=C(\NC#N)/Nc1cc[nH+]cc1,0,0.49251106,1.0,0
CCC(=O)OCCNC(=O)C[n+]1ccccc1,0,0.31134534,1.0,0
CCCCCCCCCCCC(=O)OCCNC(=O)C[n+]1ccccc1,0,0.27236703,1.0,0
c1c(cc(c(c1I)Oc2cc(c(c(c2)I)[O-])I)I)C[C@@H](C(=O)[O-])[NH3+],0,0.18547358,1.0,0
c1c(cc(c(c1I)Oc2cc(c(c(c2)I)[O-])I)I)C[C@H](C(=O)[O-])[NH3+],0,0.18570332,1.0,0
c1cc(c(cc1Cl)O)Oc2ccc(cc2Cl)Cl,0,0.41513425,1.0,0
c1cc(c(cc1Oc2c(cc(cc2I)C[C@@H](C(=O)[O-])[NH3+])I)I)O,0,0.18479179,1.0,0
CC(c1cccc(c1)Oc2ccccc2)C(=O)[O-],0,0.400488,1.0,0
CCCCNc1cc(cc(c1Oc2ccccc2)S(=O)(=O)N)C(=O)[O-],0,0.33828202,1.0,0
c1c([nH]cn1)CC[NH3+],0,0.4500204,1.0,0
c1cn(cn1)CC(O)(P(=O)([O-])[O-])P(=O)([O-])[O-],0,0.4477059,1.0,0
Cc1c(nc[nH]1)CSCCN/C(=N/C#N)/NC,0,0.3980838,1.0,0
Cc1ncc(n1CCO)[N+](=O)[O-],0,0.30664885,1.0,0
CCS(=O)(=O)CCn1c(ncc1[N+](=O)[O-])C,0,0.29259282,1.0,0
CN(C)/N=N/c1c(nc[nH]1)C(=O)N,0,0.3920049,1.0,0
Cc1c(ccnc1C[S@@](=O)c2[nH]c3ccccc3n2)OCC(F)(F)F,0,0.38678035,1.0,0
Cc1c(ccnc1CS(=O)c2[nH]c3ccccc3n2)OCC(F)(F)F,0,0.38698074,1.0,0
Cc1c(ccnc1CS(=O)c2[nH]c3ccccc3n2)OCCCOC,0,0.34795207,1.0,0
Cc1cnc(c(c1OC)C)CS(=O)c2[nH]c3cc(ccc3n2)OC,0,0.36065713,1.0,0
COc1ccnc(c1OC)CS(=O)c2[nH]c3cc(ccc3n2)OC(F)F,0,0.36044624,1.0,0
CC1([C@@H](N2[C@H](S1)[C@@H](C2=O)NC(=O)[C@@H](c3ccc(cc3)O)[NH3+])C(=O)[O-])C,0,0.16922179,1.0,0
CC1([C@@H](N2[C@H](S1)[C@@H](C2=O)NC(=O)[C@@H](c3ccccc3)[NH3+])C(=O)[O-])C,0,0.21221492,1.0,0
CC1([C@@H](N2[C@H](S1)[C@@H](C2=O)NC(=O)C(c3ccccc3)C(=O)[O-])C(=O)[O-])C,0,0.20473051,1.0,0
CC1([C@@H](N2[C@H](S1)[C@@H](C2=O)NC(=O)Cc3ccccc3)C(=O)[O-])C,0,0.24609764,1.0,0
CCOC(=O)OC(C)OC(=O)[C@H]1C(S[C@H]2N1C(=O)[C@H]2NC(=O)[C@@H](c3ccccc3)[NH3+])(C)C,0,0.16216224,1.0,0
CC(C)OC(=O)OC(C)OC(=O)C1=C(CS[C@H]2N1C(=O)[C@H]2NC(=O)/C(=N\OC)/c3csc(n3)N)COC,0,0.12958439,1.0,0
CC(=O)OCC1=C(N2[C@@H]([C@@H](C2=O)NC(=O)/C(=N\OC)/c3csc(n3)N)SC1)C(=O)[O-],0,0.16834342,1.0,0
C=CC1=C(N2[C@@H]([C@@H](C2=O)NC(=O)/C(=N\O)/c3csc(n3)N)SC1)C(=O)[O-],0,0.225237,1.0,0
C=CC1=C(N2[C@@H]([C@@H](C2=O)NC(=O)/C(=N\OCC(=O)[O-])/c3csc(n3)N)SC1)C(=O)[O-],0,0.16042212,1.0,0
CO/N=C(/c1csc(n1)N)\C(=O)N[C@H]2[C@@H]3N(C2=O)C(=CCS3)C(=O)[O-],0,0.2555967,1.0,0
C[NH+]1CC[C@]23c4c5ccc(c4O[C@H]2C(=O)CC[C@]3([C@H]1C5)O)O,0,0.24200785,1.0,0
C[NH+]1CC[C@]23c4c5ccc(c4O[C@H]2C(=O)CC[C@]3([C@H]1C5)O)OC,0,0.30145258,1.0,0
C[NH+]1CC[C@]23c4c5ccc(c4O[C@H]2C(=O)CC[C@H]3[C@H]1C5)O,0,0.25668874,1.0,0
C[NH+]1CC[C@]23c4c5ccc(c4O[C@H]2C(=O)CC[C@H]3[C@H]1C5)OC,0,0.32606414,1.0,0
C=CC[NH+]1CC[C@]23c4c5ccc(c4O[C@H]2C(=O)CC[C@]3([C@H]1C5)O)O,0,0.2121812,1.0,0
C[NH+](C)CCCN1c2ccccc2CCc3c1cc(cc3)Cl,0,0.27449593,1.0,0
C[NH+](C)CCCN1c2ccccc2CCc3c1cccc3,0,0.33014223,1.0,0
C[NH2+]CCCN1c2ccccc2CCc3c1cccc3,0,0.42860985,1.0,0
CC(CN1c2ccccc2CCc3c1cccc3)C[NH+](C)C,0,0.22707224,1.0,0
CC(=O)O[C@H]1CC2=CC=CC=C2N(C3=CC=CC=C13)C(=O)N,1,0.5955869,1.0,1
C[C@H](/C=C/[C@H](C)C(C)C)[C@H]1CC[C@@H]\2[C@@]1(CCC/C2=C\C=C/3\C[C@H](C[C@@H](C3=C)O)O)C,0,0.43001643,1.0,0
C[C@H](/C=C/[C@H](C)C(C)C)[C@H]1CC[C@@H]\2[C@@]1(CCC/C2=C\C=C/3\C[C@H](CCC3=C)O)C,0,0.38632846,1.0,0
C[C@H](CCCC(C)(C)O)[C@H]1CC[C@@H]\2[C@@]1(CCC/C2=C\C=C/3\C[C@H](C[C@@H](C3=C)O)O)C,1,0.47689003,1.0,0
C[C@H](CCCC(C)(C)O)[C@H]1CC[C@@H]\2[C@@]1(CCC/C2=C\C=C/3\C[C@H](CCC3=C)O)C,0,0.42519787,1.0,0
C[C@H](CCCC(C)C)[C@H]1CC[C@@H]\2[C@@]1(CCC/C2=C\C=C/3\C[C@H](CCC3=C)O)C,0,0.38232675,1.0,0
C[C@]1(c2cccc(c2C(=O)C3=C([C@]4([C@@H]([C@H]([C@@H]31)O)[C@@H](C(=C(C4=O)C(=O)N)[O-])[NH+](C)C)O)[O-])[O-])O,0,0.30979252,1.0,0
C[C@]1(c2cccc(c2C(=O)C3=C([C@]4([C@@H](C[C@@H]31)[C@@H](C(=C(C4=O)C(=O)N)[O-])[NH+](C)C)O)[O-])[O-])O,0,0.28699344,1.0,0
C[C@H]1c2cccc(c2C(=O)C3=C([C@]4([C@@H]([C@H]([C@H]13)O)[C@@H](C(=C(C4=O)C(=O)N)[O-])[NH+](C)C)O)[O-])[O-],0,0.3119435,1.0,0
C[NH+](C)[C@H]1[C@@H]2C[C@@H]3[C@@H](c4c(ccc(c4C(=O)C3=C([C@@]2(C(=O)C(=C1[O-])C(=O)N)O)[O-])[O-])Cl)O,0,0.20277734,1.0,0
CC(C)(C)[NH2+]CC(=O)Nc1cc(c2c(c1[O-])C(=O)C3=C([C@]4([C@@H](C[C@@H]3C2)[C@@H](C(=C(C4=O)C(=O)N)[O-])[NH+](C)C)O)[O-])N(C)C,0,0.2115405,1.0,0
c1cc2c(cc(c(c2nc1)O)Cl)Cl,0,0.48192096,1.0,0
c1cc2c(cc(c(c2nc1)O)I)Cl,0,0.44580153,1.0,0
c1cc2cccnc2c(c1)O,0,0.49675152,1.0,0
CC(CCC[NH3+])Nc1cc(cc2c1nccc2)OC,0,0.37871382,1.0,0
CCCCOc1cc(c2ccccc2n1)C(=O)NCC[NH+](CC)CC,0,0.2535875,1.0,0
C1C(N(C2=C(N1)NC(=NC2=O)N)C=O)CNC3=CC=C(C=C3)C(=O)N[C@@H](CCC(=O)[O-])C(=O)[O-].[Ca+2],1,0.74086934,1.0,1
C1C(N(C2=C(N1)NC(=NC2=O)N)C=O)CNC3=CC=C(C=C3)C(=O)N[C@@H](CCC(=O)O)C(=O)O,1,0.85196835,1.0,1
c1cc(ccc1C(=O)N[C@@H](CCC(=O)[O-])C(=O)[O-])NC[C@H]2CNc3c(c(=O)nc([nH]3)N)N2C=O,0,0.7449879,1.0,1
c1cc(ccc1C(=O)N[C@@H](CCC(=O)[O-])C(=O)[O-])NCC2CNc3c(c(=O)nc([nH]3)N)N2C=O,0,0.74501306,1.0,1
CN1c2c([nH]c(nc2=O)N)NC[C@@H]1CNc3ccc(cc3)C(=O)N[C@@H](CCC(=O)[O-])C(=O)[O-],0,0.6882856,1.0,1
c1c(c(=O)[nH]c(=O)n1[C@H]2C[C@@H]([C@H](O2)CO)O)C(F)(F)F,0,0.6220516,1.0,1
c1c(c(=O)[nH]c(=O)n1[C@H]2C[C@@H]([C@H](O2)CO)O)F,0,0.5844931,1.0,1
c1c(c(=O)[nH]c(=O)n1[C@H]2C[C@@H]([C@H](O2)CO)O)I,0,0.49012986,1.0,0
Cc1cn(c(=O)[nH]c1=O)[C@@H]2C[C@H]([C@@H](O2)CO)O,0,0.51652014,1.0,0
Cc1cn(c(=O)[nH]c1=O)[C@H]2C[C@@H]([C@H](O2)CO)N=[N+]=[N-],0,0.44533935,1.0,0
Cc1cccc(c1NC(=O)C2CCCC[NH+]2C)C,0,0.39195117,1.0,0
CCC[NH+]1CCCC[C@H]1C(=O)Nc2c(cccc2C)C,0,0.32196087,1.0,0
CCCC[NH+]1CCCC[C@H]1C(=O)Nc2c(cccc2C)C,0,0.264993,1.0,0
CCCC[NH+]1CCCCC1C(=O)Nc2c(cccc2C)C,0,0.26500776,1.0,0
Cc1cc([nH]c1/C=C\2/c3ccccc3NC2=O)C,0,0.48841047,1.0,0
CC[NH+](CC)CCNC(=O)c1c(c([nH]c1C)/C=C\2/c3cc(ccc3NC2=O)F)C,0,0.50159794,1.0,0
CCN(CC)CCNC(=O)C1=C(NC(=C1C)/C=C\2/C3=C(C=CC(=C3)F)NC2=O)C,1,0.7559615,1.0,1
CCN(CC)CCNC(=O)C1=C(NC(=C1C)/C=C\2/C3=C(C=CC(=C3)F)NC2=O)C.C([C@@H](C(=O)O)O)C(=O)O,1,0.7763556,1.0,1
CC(=O)CCCCn1c(=O)c2c(ncn2C)n(c1=O)C,0,0.58192366,1.0,1
Cn1c2c(c(=O)n(c1=O)C)[nH]cn2,0,0.6159271,1.0,1
Cn1c2c(c(=O)n(c1=O)C)n(cn2)CC(CO)O,0,0.5214516,1.0,0
Cn1cnc2c1c(=O)n(c(=O)n2C)C,0,0.59289783,1.0,1
C[NH+](C)CCOc1ccc(cc1)/C(=C(/CCCl)\c2ccccc2)/c3ccccc3,0,0.3068158,1.0,0
CC/C(=C(\c1ccccc1)/c2ccc(cc2)OCC[NH+](C)C)/c3ccccc3,0,0.25904706,1.0,0
CC[NH+](CC)CCOc1ccc(cc1)/C(=C(/c2ccccc2)\Cl)/c3ccccc3,0,0.2962221,1.0,0
COc1ccc(cc1)C(=C(c2ccc(cc2)OC)Cl)c3ccc(cc3)OC,0,0.44715062,1.0,0
C[C@H](Cn1cnc2c1ncnc2N)OCP(=O)([O-])[O-],0,0.43433982,1.0,0
C[C@H](Cn1cnc2c1ncnc2N)OCP(=O)(OCOC(=O)OC(C)C)OCOC(=O)OC(C)C,0,0.41606918,1.0,0
CC(C)(C)C(=O)OCOP(=O)(COCCN1C=NC2=C1N=CN=C2N)OCOC(=O)C(C)(C)C,1,0.7386273,1.0,1
CC(=O)OCC(CCn1cnc2c1nc(nc2)N)COC(=O)C,0,0.5733092,1.0,1
C[C@@H]1CC[C@H]2C[C@@H](/C(=C/C=C/C=C/[C@H](C[C@H](C(=O)[C@@H]([C@@H](/C(=C/[C@H](C(=O)C[C@H](OC(=O)[C@@H]3CCCCN3C(=O)C(=O)[C@@]1(O2)O)[C@H](C)C[C@@H]4CC[C@H]([C@@H](C4)OC)O)C)/C)O)OC)C)C)/C)OC,0,0.56777424,1.0,1
C[C@@H]1CC[C@H]2C[C@@H](/C(=C/C=C/C=C/[C@H](C[C@H](C(=O)[C@@H]([C@@H](/C(=C/[C@H](C(=O)C[C@H](OC(=O)[C@@H]3CCCCN3C(=O)C(=O)[C@@]1(O2)O)[C@H](C)C[C@@H]4CC[C@H]([C@@H](C4)OC)OCCO)C)/C)O)OC)C)C)/C)OC,1,0.6400933,1.0,1
C[C@@H]1CC[C@H]2C[C@@H](/C(=C/C=C/C=C\\[C@H](C[C@H](C(=O)[C@@H]([C@@H](/C(=C/[C@H](C(=O)C[C@H](OC(=O)[C@@H]3CCCCN3C(=O)C(=O)[C@@]1(O2)O)[C@H](C)C[C@@H]4CC[C@H]([C@@H](C4)OC)OCCO)C)/C)O)OC)C)C)/C)OC,0,0.64009315,1.0,1
C[C@@H]1CCC2C[C@@H](/C(=C/C=C/C=C/[C@H](C[C@H](C(=O)[C@@H]([C@@H](/C(=C/[C@H](C(=O)C[C@H](OC(=O)[C@@H]3CCCCN3C(=O)C(=O)[C@@]1(O2)O)[C@H](C)C[C@@H]4CC[C@H]([C@@H](C4)OC)OC(=O)C(C)(CO)CO)C)/C)O)OC)C)C)/C)OC,0,0.58409226,1.0,1
c1nc2c(n1CCC(CO)CO)[nH]c(nc2=O)N,0,0.6866271,1.0,1
c1nc2c(n1COCCO)[nH]c(nc2=O)N,0,0.68430054,1.0,1
CC(C)[C@@H](C(=O)OCC(CO)OCn1cnc2c1[nH]c(nc2=O)N)[NH3+],0,0.47677082,1.0,0
CC(C)[C@@H](C(=O)OCCOCN1C=NC2=C1NC(=NC2=O)N)N,1,0.7019926,1.0,1
c1ccc(cc1)[C@H](c2ccc(cc2)Cl)N3CC[NH+](CC3)CCOCC(=O)[O-],0,0.15627083,1.0,0
c1ccc(cc1)C(c2ccc(cc2)Cl)N3CC[NH+](CC3)CCOCC(=O)[O-],0,0.15635769,1.0,0
c1ccc(cc1)C(c2ccc(cc2)Cl)N3CC[NH+](CC3)CCOCCO,0,0.21324982,1.0,0
C[NH+]1CCN(CC1)C(c2ccccc2)c3ccccc3,0,0.37959826,1.0,0
c1c2c(cc(c1F)N3CC[NH2+]CC3)n(cc(c2=O)C(=O)[O-])C4CC4,0,0.23598447,1.0,0
C[C@@H]1CN(C[C@@H]([NH2+]1)C)c2c(c(c3c(c2F)n(cc(c3=O)C(=O)[O-])C4CC4)N)F,0,0.2627627,1.0,0
Cc1c2c(cc(c1F)N3CC[NH2+]C(C3)C)n(cc(c2=O)C(=O)[O-])C4CC4,0,0.24363244,1.0,0
CC1CN(CC[NH2+]1)c2c(cc3c(c2OC)n(cc(c3=O)C(=O)[O-])C4CC4)F,0,0.19240804,1.0,0
c1c2c(cc(c1Cl)S(=O)(=O)N)S(=O)(=O)NC(N2)C(Cl)Cl,0,0.31048667,1.0,0
c1c2c(cc(c1Cl)S(=O)(=O)N)S(=O)(=O)NCN2,0,0.36931542,1.0,0
CN1C(Nc2cc(c(cc2S1(=O)=O)S(=O)(=O)N)Cl)CCl,0,0.5303783,1.0,1
CN1C(Nc2cc(c(cc2S1(=O)=O)S(=O)(=O)N)Cl)CSCC(F)(F)F,0,0.40359825,1.0,0
c1[nH]c2c(n1)[nH]c(nc2=S)N,0,0.6722763,1.0,1
c1[nH]c2c(n1)[nH]cnc2=S,0,0.6051615,1.0,1
C1=NC2=C(N1)C(=S)N=C(N2)N,1,0.6722763,1.0,1
C1=NC2=C(N1)C(=S)N=CN2,1,0.6051615,1.0,1
C1[C@@H]([C@H]([C@@H]([C@H]([C@@H]1[NH3+])O[C@@H]2[C@@H]([C@H]([C@@H]([C@H](O2)CO)O)[NH3+])O)O)O[C@@H]3[C@@H](C[C@@H]([C@H](O3)C[NH3+])O)[NH3+])[NH3+],0,0.3817457,1.0,0
C1[C@@H]([C@H]([C@@H]([C@H]([C@@H]1NC(=O)[C@H](CC[NH3+])O)O[C@@H]2[C@@H]([C@H]([C@@H]([C@H](O2)CO)O)[NH3+])O)O)O[C@@H]3[C@@H]([C@H]([C@@H]([C@H](O3)C[NH3+])O)O)O)[NH3+],0,0.2594534,1.0,0
C1[C@H]([C@@H]([C@H]([C@@H]([C@H]1[NH3+])O[C@@H]2[C@@H]([C@H]([C@@H]([C@H](O2)C[NH3+])O)O)O)O)O[C@@H]3[C@@H]([C@H]([C@@H]([C@H](O3)CO)O)[NH3+])O)[NH3+],0,0.40705377,1.0,0
CC(C1CCC(C(O1)OC2C(CC(C(C2O)OC3C(C(C(CO3)(C)O)[NH2+]C)O)[NH3+])[NH3+])[NH3+])[NH2+]C,0,0.3282405,1.0,0
COCCOC1=C(C=C2C(=C1)C(=NC=N2)NC3=CC=CC(=C3)C#C)OCCOC,1,0.6830635,1.0,1
COCCOC1=C(C=C2C(=C1)C(=NC=N2)NC3=CC=CC(=C3)C#C)OCCOC.Cl,1,0.6935858,1.0,1
COCCOc1cc2c(cc1OCCOC)ncnc2Nc3cccc(c3)C#C,0,0.6830635,1.0,1
CCCSc1ccc2c(c1)nc([nH]2)NC(=O)OC,0,0.42856723,1.0,0
CN1C2=C(C=C(C=C2)N(CCCl)CCCl)N=C1CCCC(=O)O.Cl,1,0.6668195,1.0,1
Cn1c2ccc(cc2nc1CCCC(=O)[O-])N(CCCl)CCCl,0,0.47086486,1.0,0
CCCCCCC(=O)OCCN1CC[NH+](CC1)CCCN2c3ccccc3Sc4c2cc(cc4)C(F)(F)F,0,0.17762083,1.0,0
CCCCCCCCCC(=O)OCCN1CC[NH+](CC1)CCCN2c3ccccc3Sc4c2cc(cc4)C(F)(F)F,0,0.17803462,1.0,0
CN1CC[NH+](CC1)CCCN2c3ccccc3Sc4c2cc(cc4)Cl,0,0.15029502,1.0,0
CCCCC(C)(C/C=C/[C@H]1[C@@H](CC(=O)[C@@H]1CCCCCCC(=O)OC)O)O,0,0.24634232,1.0,0
CCCCC[C@@H](/C=C/[C@H]1[C@@H](CC(=O)[C@@H]1C/C=C\CCCC(=O)[O-])O)O,0,0.16244507,1.0,0
CCCCC[C@@H](/C=C/[C@H]1[C@@H](CC(=O)[C@@H]1CCCCCCC(=O)[O-])O)O,0,0.20009388,1.0,0
CCC[C@@H]1C[C@H]([NH+](C1)C)C(=O)N[C@@H]([C@@H]2[C@@H]([C@@H]([C@H]([C@H](O2)SC)O)O)O)[C@@H](C)O,0,0.27670312,1.0,0
CCC[C@@H]1C[C@H]([NH+](C1)C)C(=O)NC([C@@H]2[C@@H]([C@@H]([C@H]([C@H](O2)SC)O)O)O)C(C)Cl,0,0.29875943,1.0,0
CCCCCCCCCCCCCCCC(=O)O[C@@H]1[C@H]([C@H]([C@H](O[C@@H]1SC)C(C(C)Cl)NC(=O)[C@@H]2C[C@H](C[NH+]2C)CCC)O)O,0,0.22891314,1.0,0
CC[C@@H]1[C@@]([C@@H]([C@H](C(=O)[C@@H](C[C@@]([C@@H]([C@H]([C@@H]([C@H](C(=O)O1)C)O[C@H]2C[C@@]([C@H]([C@@H](O2)C)O)(C)OC)C)O[C@H]3[C@@H]([C@H](C[C@H](O3)C)[NH+](C)C)O)(C)O)C)C)O)(C)O,0,0.14609496,1.0,0
CC[C@@H]1[C@@]([C@@H]([C@H](C(=O)[C@@H](C[C@@]([C@@H]([C@H]([C@@H]([C@H](C(=O)O1)C)O[C@H]2C[C@@]([C@H]([C@@H](O2)C)O)(C)OC)C)O[C@H]3[C@@H]([C@H](C[C@H](O3)C)[NH+](C)C)O)(C)OC)C)C)O)(C)O,0,0.13734154,1.0,0
CC[C@@H]1[C@@]([C@@H]([C@H](C(=O)[C@@H](C[C@@]([C@@H]([C@H]([C@@H]([C@H](C(=O)O1)C)O[C@H]2C[C@@]([C@H]([C@@H](O2)C)O)(C)OC)C)O[C@H]3[C@@H]([C@H](C[C@H](O3)C)[NH+](C)C)OC(=O)CC)(C)O)C)C)O)(C)O,0,0.10582766,1.0,0
Cc1c(c(=O)n2c(n1)C(CCC2)O)CC[NH+]3CCC(CC3)c4c5ccc(cc5on4)F,0,0.4721765,1.0,0
Cc1c(c(=O)n2c(n1)CCCC2)CC[NH+]3CCC(CC3)c4c5ccc(cc5on4)F,0,0.48533878,1.0,0
CCCCCCCCCCCCCCCC(=O)O[C@@H]1CCCn2c1nc(c(c2=O)CC[NH+]3CCC(CC3)c4c5ccc(cc5on4)F)C,0,0.3788584,1.0,0
Cc1c(c(no1)c2c(cccc2Cl)Cl)C(=O)N[C@H]3[C@@H]4N(C3=O)[C@H](C(S4)(C)C)C(=O)[O-],0,0.32719204,1.0,0
Cc1c(c(no1)c2ccccc2)C(=O)N[C@H]3[C@@H]4N(C3=O)[C@H](C(S4)(C)C)C(=O)[O-],0,0.3488632,1.0,0
Cc1c(c(no1)c2ccccc2Cl)C(=O)N[C@H]3[C@@H]4N(C3=O)[C@H](C(S4)(C)C)C(=O)[O-],0,0.32075232,1.0,0
Cc1c(c(c(c2c1O[C@](CC2)(C)CCC[C@H](C)CCC[C@H](C)CCCC(C)C)C)OC(=O)C)C,0,0.26681632,1.0,0
Cc1c(c(c(c2c1OC(CC2)(C)CCCC(C)CCCC(C)CCCC(C)C)C)OC(=O)C)C,0,0.2663726,1.0,0
Cc1c(c2c(c(c1O)C)CC[C@@](O2)(C)CCC[C@H](C)CCC[C@H](C)CCCC(C)C)C,0,0.33458805,1.0,0
CC(=O)O[C@H]1C[C@@H]2CC[C@@H]3[C@@H]([C@]2(C[C@@H]1[N+]4(CCCCC4)C)C)CC[C@]5([C@H]3C[C@@H]([C@@H]5OC(=O)C)[N+]6(CCCCC6)C)C,0,0.25179434,1.0,0
CC(=O)O[C@H]1C[C@@H]2CC[C@@H]3[C@@H]([C@]2(C[C@@H]1[NH+]4CCCCC4)C)CC[C@]5([C@H]3C[C@@H]([C@@H]5OC(=O)C)[N+]6(CCCCC6)C)C,0,0.18822515,1.0,0
CCC(=O)O[C@H]1[C@H](C[C@@H]2[C@@]1(CC[C@H]3[C@H]2CC[C@@H]4[C@@]3(C[C@@H]([C@H](C4)OC(=O)C)[NH+]5CCCCC5)C)C)[N+]6(CCCCC6)CC=C,0,0.11488605,1.0,0
CC(C)C[C@@H](C(=O)N[C@@H](CCCN=C(N)N)C(=O)N1CCC[C@H]1C(=O)NNC(=O)N)NC(=O)[C@@H](COC(C)(C)C)NC(=O)[C@H](CC2=CC=C(C=C2)O)NC(=O)[C@H](CO)NC(=O)[C@H](CC3=CNC4=CC=CC=C43)NC(=O)[C@H](CC5=CN=CN5)NC(=O)[C@@H]6CCC(=O)N6,1,0.43662858,1.0,0
CC(C)CC(C(=O)NC(CCC[NH+]=C(N)N)C(=O)N1CCCC1C(=O)NNC(=O)N)NC(=O)C(COC(C)(C)C)NC(=O)C(Cc2ccc(cc2)O)NC(=O)C(CO)NC(=O)C(Cc3c[nH]c4c3cccc4)NC(=O)C(Cc5cnc[nH]5)NC(=O)C6CCC(=O)N6,0,0.36499283,1.0,0
CCNC(=O)[C@@H]1CCCN1C(=O)[C@H](CCCNC(=[NH2+])N)NC(=O)[C@H](CC(C)C)NC(=O)[C@@H](CC(C)C)NC(=O)[C@H](Cc2ccc(cc2)O)NC(=O)[C@H](CO)NC(=O)[C@H](Cc3c[nH]c4c3cccc4)NC(=O)[C@H](Cc5cnc[nH]5)NC(=O)[C@@H]6CCC(=O)N6,0,0.33673394,1.0,0
CC(C)[NH2+]CC(COc1cccc2c1cc[nH]2)O,0,0.4430036,1.0,0
CCCCCNC(=[NH2+])N/N=C/c1c[nH]c2c1cc(cc2)OC,0,0.3586434,1.0,0
CNS(=O)(=O)Cc1ccc2c(c1)c(c[nH]2)CC[NH+](C)C,0,0.2968094,1.0,0
C[NH+]1CC[C@@]23CCCC[C@@H]2[C@@H]1Cc4c3cc(cc4)OC,0,0.37050718,1.0,0
C[NH+]1CC[C@]23CCCC[C@H]2[C@H]1Cc4c3cc(cc4)O,0,0.25654674,1.0,0
C=CC[NH+]1CC[C@]23CCCC[C@H]2[C@H]1Cc4c3cc(cc4)O,0,0.21578968,1.0,0
C[N+]1(C2CCC1CC(C2)OC(=O)C(c3ccccc3)O)C,0,0.4509912,1.0,0
C[NH+]1[C@@H]2CC[C@H]1C[C@H](C2)OC(=O)C(CO)c3ccccc3,0,0.36875284,1.0,0
CC(C)[N+]1([C@@H]2CC[C@@H]1CC(C2)OC(=O)C(CO)c3ccccc3)C,0,0.33427215,1.0,0
C[C@H](C(=O)N)NC(=O)[C@@H]1CCCN1C(=O)[C@H](CCCC[NH2+]C(C)C)NC(=O)[C@H](CC(C)C)NC(=O)[C@@H](CC(=O)N)NC(=O)[C@H](Cc2ccc(cc2)O)N(C)C(=O)[C@H](CO)NC(=O)[C@@H](Cc3cccnc3)NC(=O)[C@@H](Cc4ccc(cc4)Cl)NC(=O)[C@@H](Cc5ccc6ccccc6c5)NC(=O)C,0,0.18378411,1.0,0
C[C@H](C(=O)N)NC(=O)[C@@H]1CCCN1C(=O)[C@H](CCCNC(=[NH2+])N)NC(=O)[C@H](CC(C)C)NC(=O)[C@@H](CCCNC(=O)N)NC(=O)[C@H](Cc2ccc(cc2)O)NC(=O)[C@H](CO)NC(=O)[C@@H](Cc3cccnc3)NC(=O)[C@@H](Cc4ccc(cc4)Cl)NC(=O)[C@@H](Cc5ccc6ccccc6c5)NC(=O)C,0,0.16517565,1.0,0
CCNC(=[NH+]CCCC[C@H](C(=O)N[C@@H](CC(C)C)C(=O)N[C@@H](CCCC[NH+]=C(NCC)NCC)C(=O)N1CCC[C@H]1C(=O)N[C@H](C)C(=O)N)NC(=O)[C@H](Cc2ccc(cc2)O)NC(=O)[C@H](CO)NC(=O)[C@@H](Cc3cccnc3)NC(=O)[C@@H](Cc4ccc(cc4)Cl)NC(=O)[C@@H](Cc5ccc6ccccc6c5)NC(=O)C)NCC,0,0.16284265,1.0,0
C[C@@H]1[C@H]([C@H](C[C@@H](O1)O[C@@H]2[C@H](O[C@H](C[C@@H]2O)O[C@@H]3[C@H](O[C@H](C[C@@H]3O)O[C@H]4CC[C@]5([C@@H](C4)CC[C@@H]6[C@@H]5C[C@H]([C@]7([C@@]6(CC[C@@H]7C8=CC(=O)OC8)O)C)O)C)C)C)O)O,0,0.48095822,1.0,0
C[C@@H]1[C@H]([C@H](C[C@@H](O1)O[C@@H]2[C@H](O[C@H](C[C@@H]2O)O[C@@H]3[C@H](O[C@H](C[C@@H]3O)O[C@H]4CC[C@]5([C@@H](C4)CC[C@@H]6[C@@H]5CC[C@]7([C@@]6(CC[C@@H]7C8=CC(=O)OC8)O)C)C)C)C)O)O,0,0.380316,1.0,0
C[C@@H]1[C@H]([C@H](C[C@@H](O1)OC2[C@H](O[C@H](C[C@@H]2O)O[C@@H]3[C@H](O[C@H](C[C@@H]3O)OC4CC[C@]5([C@@H](C4)CC[C@@H]6[C@@H]5CC[C@]7([C@@]6(CC[C@@H]7C8=CC(=O)OC8)O)C)C)C)C)OC(=O)C)O,0,0.38712057,1.0,0
C[C@@H]([C@@H](c1ccc(cc1)O)O)[NH2+]CCc2ccc(cc2)O,0,0.23198907,1.0,0
C[C@H](Cc1ccc(cc1)OC)[NH2+]C[C@@H](c2ccc(c(c2)NC=O)O)O,0,0.30454364,1.0,0
CC(Cc1ccc(cc1)OC)[NH2+]CC(c2ccc(c(c2)NC=O)O)O,0,0.30449158,1.0,0
c1cnc(nc1)[N-]S(=O)(=O)c2ccc(cc2)N,0,0.34603402,1.0,0
Cc1ccnc(n1)[N-]S(=O)(=O)c2ccc(cc2)N,0,0.3396081,1.0,0
COc1cnc(nc1)[N-]S(=O)(=O)c2ccc(cc2)N,0,0.3726885,1.0,0
c1ccc(cc1)COc2ccc(cc2)O,0,0.38895544,1.0,0
C[NH2+]CCC(c1ccccc1)Oc2ccc(cc2)C(F)(F)F,0,0.33243507,1.0,0
Cc1ccccc1O[C@H](CC[NH2+]C)c2ccccc2,0,0.33482152,1.0,0
c1ccc(cc1)CC[C@@H](C(=O)[O-])[NH2+][C@@H](CCCC[NH3+])C(=O)N2CCC[C@H]2C(=O)[O-],0,0.113246374,1.0,0
C[C@@H](C(=O)N1CCC[C@H]1C(=O)[O-])[NH2+][C@@H](CCc2ccccc2)C(=O)[O-],0,0.14938633,1.0,0
CCOC(=O)[C@H](CCc1ccccc1)[NH2+][C@@H](C)C(=O)N2CCC[C@H]2C(=O)[O-],0,0.13481212,1.0,0
c1ccc(cc1)C[C@H]2C(=O)N[C@H](C(=O)N[C@H](C(=O)N[C@@H](CSSCCC(=O)N[C@H](C(=O)N2)Cc3ccc(cc3)O)C(=O)N4CCC[C@H]4C(=O)N[C@H](CCCNC(=[NH2+])N)C(=O)NCC(=O)N)CC(=O)N)CCC(=O)N,0,0.22289819,1.0,0
c1ccc(cc1)CC2C(=O)NC(C(=O)NC(C(=O)NC(CSSCC(C(=O)NC(C(=O)N2)Cc3ccc(cc3)O)[NH3+])C(=O)N4CCCC4C(=O)NC(CCC[NH+]=C(N)N)C(=O)NCC(=O)N)CC(=O)N)CCC(=O)N,0,0.15230021,1.0,0
c1ccc(cc1)CC2C(=O)NC(C(=O)NC(C(=O)NC(CSSCC(C(=O)NC(C(=O)N2)Cc3ccc(cc3)O)[NH3+])C(=O)N4CCCC4C(=O)NC(CCCC[NH3+])C(=O)NCC(=O)N)CC(=O)N)CCC(=O)N,0,0.14536123,1.0,0
c1ccc(cc1)C2=NCc3nncn3-c4c2cc(cc4)Cl,0,0.41426092,1.0,0
Cc1nnc2n1-c3ccc(cc3C(=NC2)c4ccccc4)Cl,0,0.33087164,1.0,0
Cc1nnc2n1-c3ccc(cc3C(=NC2)c4ccccc4Cl)Cl,0,0.2822816,1.0,0
c1ccc(cc1)C2(CC[NH+](CC2)CCC(C#N)(c3ccccc3)c4ccccc4)C(=O)[O-],0,0.17687462,1.0,0
CCOC(=O)C1(CC[NH+](CC1)CCC(C#N)(c2ccccc2)c3ccccc3)c4ccccc4,0,0.19891411,1.0,0
CN(C)C(=O)C(CC[NH+]1CCC(CC1)(c2ccc(cc2)Cl)O)(c3ccccc3)c4ccccc4,0,0.25980994,1.0,0
c1ccc(c(c1)CC(=O)N[C@H]2[C@@H]3N(C2=O)C(=C(CS3)CSc4nnnn4CC(=O)[O-])C(=O)[O-])C[NH3+],0,0.069001876,1.0,0
c1ccc(cc1)[C@H](C(=O)N[C@H]2[C@@H]3N(C2=O)C(=C(CS3)CSc4nnnn4CS(=O)(=O)[O-])C(=O)[O-])O,0,0.09320444,1.0,0
Cn1c(nnn1)SCC2=C(N3[C@@H]([C@@H](C3=O)NC(=O)[C@@H](c4ccccc4)O)SC2)C(=O)[O-],0,0.10892847,1.0,0
c1ccc(c(c1)CC(=O)[O-])Nc2c(cccc2Cl)Cl,0,0.37445563,1.0,0
Cc1ccc(c(c1Cl)Nc2ccccc2C(=O)[O-])Cl,0,0.34866247,1.0,0
Cc1cccc(c1C)Nc2ccccc2C(=O)[O-],0,0.40730304,1.0,0
c1cc(oc1/C=N/NC(=O)N)[N+](=O)[O-],0,0.4003074,1.0,0
C[NH2+]/C(=C\[N+](=O)[O-])/NCCSCc1ccc(o1)C[NH+](C)C,0,0.23863746,1.0,0
CN/C(=C\[N+](=O)[O-])/[NH2+]CCSCc1ccc(o1)C[NH+](C)C,0,0.22278757,1.0,0
C1CC(=O)NC(=O)C1N2C(=O)C3=C(C2=O)C(=CC=C3)N,1,0.7374251,1.0,1
C1CC(=O)NC(=O)C1N2C(=O)C3=CC=CC=C3C2=O,1,0.69124097,1.0,1
c1ccc2c(c1)C(=O)N(C2=O)C3CCC(=O)NC3=O,0,0.69124097,1.0,1
C1C2CC3CC1CC(C2)(C3)[NH3+],0,0.4288286,1.0,0
CC(C12CC3CC(C1)CC(C3)C2)[NH3+],0,0.40892842,1.0,0
CC12CC3CC(C1)(CC(C3)(C2)[NH3+])C,0,0.43552,1.0,0
c1c(c(=O)[nH]c(=O)[nH]1)F,0,0.5098093,1.0,0
c1c(c(=O)[nH]c(=O)[nH]1)N(CCCl)CCCl,0,0.4708094,1.0,0
C1=C(C(=O)NC(=O)N1)F,1,0.5098093,1.0,0
C1[C@@H]([C@H](O[C@H]1N2C=NC(=NC2=O)N)CO)O,1,0.70930773,1.0,1
c1nc(nc(=O)n1[C@H]2[C@@H]([C@@H]([C@H](O2)CO)O)O)N,0,0.7323652,1.0,1
c1nc(nc(=O)n1[C@H]2C[C@@H]([C@H](O2)CO)O)N,0,0.70930773,1.0,1
C1[C@@H]([C@H]([C@@H]([C@H]([NH+]1CCO)CO)O)O)O,0,0.38571286,1.0,0
CCCC[NH+]1C[C@@H]([C@H]([C@@H]([C@H]1CO)O)O)O,0,0.2863393,1.0,0
CCCCCCCCC[NH+]1C[C@@H]([C@H]([C@@H]([C@H]1CO)O)O)O,0,0.29484308,1.0,0
C1[C@@H]([C@@H]2[C@H](O1)[C@@H](CO2)O[N+](=O)[O-])O,0,0.37038296,1.0,0
C1[C@H]([C@@H]2[C@H](O1)[C@H](CO2)O)O,0,0.47680414,1.0,0
C1[C@H]([C@@H]2[C@H](O1)[C@H](CO2)O[N+](=O)[O-])O[N+](=O)[O-],0,0.392723,1.0,0
C([C@@H]1[C@H]([C@@H]([C@H]([C@H](O1)O)F)O)O)O,0,0.5366045,1.0,1
CCP(=[Au]S[C@H]1[C@@H]([C@H]([C@@H]([C@H](O1)COC(=O)C)OC(=O)C)OC(=O)C)OC(=O)C)(CC)CC,0,0.36810926,1.0,0
CN(C(=O)N[C@@H]1[C@H]([C@@H]([C@H](O[C@@H]1O)CO)O)O)N=O,0,0.42159516,1.0,0
CS(=O)(=O)CCNCC1=CC=C(O1)C2=CC3=C(C=C2)N=CN=C3NC4=CC(=C(C=C4)OCC5=CC(=CC=C5)F)Cl,1,0.7306455,1.0,1
CS(=O)(=O)CCNCc1ccc(o1)c2ccc3c(c2)c(ncn3)Nc4ccc(c(c4)Cl)OCc5cccc(c5)F,0,0.7306455,1.0,1
COc1ccc2c(c1)c(ccn2)[C@@H]([C@H]3C[C@@H]4CC[NH+]3C[C@@H]4C=C)O,0,0.45421964,1.0,0
COc1ccc2c(c1)c(ccn2)[C@H]([C@@H]3C[C@@H]4CC[NH+]3C[C@@H]4C=C)O,0,0.4538612,1.0,0
COc1cc(cc(c1OC)OC)C(=O)O[C@@H]2C[C@@H]3C[NH+]4CCc5c6ccccc6[nH]c5[C@H]4C[C@@H]3[C@@H]([C@H]2OC)C(=O)OC,0,0.31014162,1.0,0
COc1ccc2c(c1)[nH]c3c2CC[NH+]4[C@@H]3C[C@H]5[C@@H](C4)C[C@H]([C@@H]([C@H]5C(=O)OC)OC)OC(=O)c6cc(c(c(c6)OC)OC)OC,0,0.25514215,1.0,0
COC(=O)[C@H](c1ccccc1)[C@H]2CCCC[NH2+]2,0,0.3512165,1.0,0
COC(=O)C(c1ccccc1)C2CCCC[NH2+]2,0,0.35294533,1.0,0
CNC(=O)c1cc(ccn1)Oc2ccc(cc2)NC(=O)Nc3ccc(c(c3)C(F)(F)F)Cl,0,0.791422,1.0,1
CNC(=O)C1=NC=CC(=C1)OC2=CC=C(C=C2)NC(=O)NC3=CC(=C(C=C3)Cl)C(F)(F)F,1,0.791422,1.0,1
CN(CCOC1=CC=C(C=C1)CC2C(=O)NC(=O)S2)C3=CC=CC=N3,1,0.8045339,1.0,1
CN(CCOC1=CC=C(C=C1)CC2C(=O)NC(=O)S2)C3=CC=CC=N3.C(=C\C(=O)O)\C(=O)O,1,0.8267011,1.0,1
CN(Cc1cnc2c(n1)c(nc(n2)N)N)c3ccc(cc3)C(=O)N[C@@H](CCC(=O)[O-])C(=O)[O-],0,0.5394909,1.0,1
CN(CC1=CN=C2C(=N1)C(=NC(=N2)N)N)C3=CC=C(C=C3)C(=O)N[C@@H](CCC(=O)O)C(=O)O,1,0.7507442,1.0,1
CCOC(=O)[C@H](CCc1ccccc1)[NH2+][C@@H](C)C(=O)N2Cc3cc(c(cc3C[C@H]2C(=O)[O-])OC)OC,0,0.15443851,1.0,0
CCOC(=O)[C@H](CCc1ccccc1)[NH2+][C@@H](C)C(=O)N2Cc3ccccc3C[C@H]2C(=O)[O-],0,0.13295619,1.0,0
CCn1cc(c(=O)c2c1c(c(c(c2)F)N3CC[NH2+]C(C3)C)F)C(=O)[O-],0,0.17292722,1.0,0
CCn1cc(c(=O)c2c1cc(c(c2)F)N3CC[NH2+]CC3)C(=O)[O-],0,0.22579482,1.0,0
CCN(CC)c1ccc(cc1)C(=C2C=CC(=[N+](CC)CC)C=C2)c3cc(ccc3S(=O)(=O)[O-])S(=O)(=O)[O-],0,0.3082557,1.0,0
CN(C)c1ccc(cc1)C(=C2C=CC(=[N+](C)C)C=C2)c3ccc(cc3)N(C)C,0,0.40283966,1.0,0
CCCS(=O)(=O)NC1=C(C(=C(C=C1)F)C(=O)C2=CNC3=NC=C(C=C23)C4=CC=C(C=C4)Cl)F,1,0.6887326,1.0,1
CCCS(=O)(=O)Nc1ccc(c(c1F)C(=O)c2c[nH]c3c2cc(cn3)c4ccc(cc4)Cl)F,0,0.6887326,1.0,1
CCCCC[C@@H](/C=C/[C@H]1[C@@H](C[C@@H]([C@@H]1C/C=C\CCCC(=O)[O-])O)O)O,0,0.19492629,1.0,0
CCCCCCCC(=O)CC[C@H]1[C@@H](C[C@@H]([C@@H]1C/C=C\CCCC(=O)OC(C)C)O)O,0,0.20246027,1.0,0
CCCCc1c(c2cc(ccc2o1)NS(=O)(=O)C)C(=O)c3ccc(cc3)OCCC[NH+](CCCC)CCCC,0,0.4199094,1.0,0
CCCCc1c(c2ccccc2o1)C(=O)c3cc(c(c(c3)I)OCC[NH+](CC)CC)I,0,0.23046654,1.0,0
CCC1(CCC(=O)NC1=O)c2ccc(cc2)N,0,0.40805784,1.0,0
CCC1(CCC(=O)NC1=O)c2ccccc2,0,0.3901044,1.0,0
CCC1(C(=O)N(C(=O)N1)C)c2ccccc2,0,0.37041593,1.0,0
CCN1C(=O)C(NC1=O)c2ccccc2,0,0.4545216,1.0,0
CCC(=O)O[C@@](Cc1ccccc1)(c2ccccc2)[C@@H](C)C[NH+](C)C,0,0.17659259,1.0,0
CCC(=O)O[C@](Cc1ccccc1)(c2ccccc2)[C@H](C)C[NH+](C)C,0,0.17665485,1.0,0
CC[NH+](CC)CCCC(C)Nc1cc[nH+]c2c1ccc(c2)Cl,0,0.22330824,1.0,0
CC[NH+](CCCC(C)Nc1cc[nH+]c2c1ccc(c2)Cl)CCO,0,0.2116733,1.0,0
CC[C@H](C)C(=O)O[C@H]1C[C@H](C=C2[C@H]1[C@H]([C@H](C=C2)C)CC[C@@H]3C[C@H](CC(=O)O3)O)C,1,0.67750216,1.0,1
CCC(C)(C)C(=O)O[C@H]1C[C@H](C=C2[C@H]1[C@H]([C@H](C=C2)C)CC[C@@H]3C[C@H](CC(=O)O3)O)C,0,0.59290457,1.0,1
CC[C@H](C)[C@H]1C(=O)N[C@H](C(=O)N[C@H](C(=O)N[C@@H](CSSC[C@@H](C(=O)N[C@H](C(=O)N1)Cc2ccc(cc2)O)[NH3+])C(=O)N3CCC[C@H]3C(=O)N[C@@H](CC(C)C)C(=O)NCC(=O)N)CC(=O)N)CCC(=O)N,0,0.24185324,1.0,0
CCC(C)C1C(=O)NC(C(=O)NC(C(=O)NC(CSSCC(C(=O)NC(C(=O)N1)Cc2ccc(cc2)O)[NH3+])C(=O)N3CCCC3C(=O)NC(CC(C)C)C(=O)NCC(=O)N)CC(=O)N)C(C)O,0,0.24658722,1.0,0
CC[C@]12CC[C@H]3[C@H]([C@@H]1CC[C@]2(C#C)O)CCC4=C/C(=N/O)/CC[C@H]34,0,0.3168365,1.0,0
CC[C@]12CC[C@H]3[C@H]([C@@H]1CC[C@]2(C#C)OC(=O)C)CCC4=C/C(=N/O)/CC[C@H]34,0,0.2539667,1.0,0
CC[C@@H](CO)NC(=O)[C@H]1C[NH+]([C@@H]2Cc3c[nH]c4c3c(ccc4)C2=C1)C,0,0.37906167,1.0,0
CC[C@@H](CO)NC(=O)[C@H]1C[NH+]([C@@H]2Cc3cn(c4c3c(ccc4)C2=C1)C)C,0,0.41690114,1.0,0
CC[C@@H](C(=O)N)N1CCCC1=O,0,0.3553878,1.0,0
C=CN1CCCC1=O,0,0.50281966,1.0,0
CC[C@@]1(C[C@@H]2C[C@@](C3=C(CCN(C2)C1)C4=CC=CC=C4N3)(C5=C(C=C6C(=C5)[C@]78CCN9[C@H]7[C@@](C=CC9)([C@H]([C@@]([C@@H]8N6C=O)(C(=O)OC)O)OC(=O)C)CC)OC)C(=O)OC)O,1,0.83487314,1.0,1
CC[C@@]1(C[C@@H]2C[C@@](C3=C(CCN(C2)C1)C4=CC=CC=C4N3)(C5=C(C=C6C(=C5)[C@]78CCN9[C@H]7[C@@](C=CC9)([C@H]([C@@]([C@@H]8N6C=O)(C(=O)OC)O)OC(=O)C)CC)OC)C(=O)OC)O.OS(=O)(=O)O,1,0.84226245,1.0,1
Cc1ccc(cc1)/C(=C\C[NH+]2CCCC2)/c3cccc(n3)/C=C/C(=O)[O-],0,0.34094718,1.0,0
Cc1ccc(cc1)/C(=C\C[NH+]2CCCC2)/c3ccccn3,0,0.453646,1.0,0
Cc1cc2c(cc1C)n(c-3nc(=O)[nH]c(=O)c3n2)C[C@@H]([C@@H]([C@@H](CO)O)O)O,0,0.3929646,1.0,0
Cc1cc2c(cc1C)n(c-3nc(=O)[nH]c(=O)c3n2)C[C@@H]([C@@H]([C@@H](COP(=O)([O-])[O-])O)O)O,0,0.31851932,1.0,0
Cc1cc(=O)oc2c1cc3cc(oc3c2C)C,0,0.42822692,1.0,0
COc1c2c(ccc(=O)o2)cc3c1occ3,0,0.5616051,1.0,1
CC1=C2[C@H](C(=O)[C@@]3([C@H](C[C@@H]4[C@]([C@H]3[C@@H]([C@@](C2(C)C)(C[C@@H]1OC(=O)[C@@H]([C@H](C5=CC=CC=C5)NC(=O)OC(C)(C)C)O)O)OC(=O)C6=CC=CC=C6)(CO4)OC(=O)C)O)C)O,1,0.89279777,1.0,1
CC1=C2[C@H](C(=O)[C@@]3([C@H](C[C@@H]4[C@]([C@H]3[C@@H]([C@@](C2(C)C)(C[C@@H]1OC(=O)[C@@H]([C@H](c5ccccc5)NC(=O)OC(C)(C)C)O)O)OC(=O)c6ccccc6)(CO4)OC(=O)C)OC)C)OC,0,0.78226364,1.0,1
CC1=C(C=C(C=C1)NC(=O)C2=CC=C(C=C2)CN3CCN(CC3)C)NC4=NC=CC(=N4)C5=CN=CC=C5,1,0.9061761,1.0,1
CC1=C(C=C(C=C1)NC(=O)C2=CC=C(C=C2)CN3CCN(CC3)C)NC4=NC=CC(=N4)C5=CN=CC=C5.CS(=O)(=O)O,1,0.9123691,1.0,1
CC1=C(C=C(C=C1)C(=O)NC2=CC(=CC(=C2)N3C=C(N=C3)C)C(F)(F)F)NC4=NC=CC(=N4)C5=CN=CC=C5,1,0.8795607,1.0,1
Cc1ccc(cc1Nc2nccc(n2)c3cccnc3)C(=O)Nc4cc(cc(c4)n5cc(nc5)C)C(F)(F)F,0,0.8795607,1.0,1
CC1=C(C(=O)c2ccccc2C1=O)C/C=C(\C)/CCC[C@H](C)CCC[C@H](C)CCCC(C)C,0,0.426966,1.0,0
CC1=CC(=O)c2ccccc2C1=O,0,0.3809978,1.0,0
CC1(CC(=O)N(C1=O)C)c2ccccc2,0,0.43807015,1.0,0
CN1C(=O)CC(C1=O)c2ccccc2,0,0.45574287,1.0,0
CC1(C(=O)N(C(=O)O1)C)C,0,0.5008327,1.0,0
CCC1(C(=O)N(C(=O)O1)C)C,0,0.4737324,1.0,0
CC/C(=C(/CC)\c1ccc(cc1)O)/c2ccc(cc2)O,0,0.31804234,1.0,0
CC/C(=C(/CC)\c1ccc(cc1)OP(=O)([O-])[O-])/c2ccc(cc2)OP(=O)([O-])[O-],0,0.30234447,1.0,0
CC(OC(=O)C)OC(=O)C1=C(CS[C@H]2N1C(=O)[C@H]2NC(=O)/C(=N\OC)/c3ccco3)COC(=O)N,0,0.1742137,1.0,0
CO/N=C(/c1ccco1)\C(=O)N[C@H]2[C@@H]3N(C2=O)C(=C(CS3)COC(=O)N)C(=O)[O-],0,0.1308378,1.0,0
CC(=O)OCC1=C(N2[C@@H]([C@@H](C2=O)NC(=O)Cc3cccs3)SC1)C(=O)[O-],0,0.16103087,1.0,0
CO[C@@]1([C@@H]2N(C1=O)C(=C(CS2)COC(=O)N)C(=O)[O-])NC(=O)Cc3cccs3,0,0.13626638,1.0,0
CC(=O)O[C@H]1CC[C@@H]2[C@H]3CC[C@]4([C@H]([C@@H]3CCC2=C1)CC[C@]4(C#C)OC(=O)C)C,0,0.28693762,1.0,0
CC[C@@]1(CC[C@@H]2[C@@]1(CC[C@H]3[C@H]2CCC4=CCCC[C@H]34)C)O,0,0.3246453,1.0,0
CC(=O)O[C@H]1CC[C@@]2([C@H]3CC[C@]4([C@H]([C@@H]3CC=C2C1)CC=C4c5cccnc5)C)C,0,0.76863855,1.0,1
CC(=O)O[C@H]1CC[C@@]2([C@H]3CC[C@]4([C@H]([C@@H]3CC=C2C1)CC=C4C5=CN=CC=C5)C)C,1,0.76863855,1.0,1
CC(=O)N1CCN(CC1)C2=CC=C(C=C2)OC[C@H]3CO[C@](O3)(CN4C=CN=C4)C5=C(C=C(C=C5)Cl)Cl,1,0.6330025,1.0,1
CC(=O)N1CCN(CC1)c2ccc(cc2)OC[C@H]3CO[C@](O3)(Cn4ccnc4)c5ccc(cc5Cl)Cl,0,0.6330025,1.0,1
CC(=O)CC(c1ccccc1)c2c(c3ccccc3oc2=O)[O-],0,0.39398727,1.0,0
CCC(c1ccccc1)c2c(c3ccccc3oc2=O)[O-],0,0.33773538,1.0,0
CC(=O)[C@H]1CC[C@@H]2[C@@]1(CC[C@@H]3[C@H]2C=CC4=CC(=O)CC[C@@]34C)C,0,0.32201228,1.0,0
CC1=C[C@@H]2[C@H](CC[C@]3([C@H]2CC[C@@]3(C(=O)C)OC(=O)C)C)[C@@]4(C1=CC(=O)CC4)C,0,0.27894816,1.0,0
CC(CCc1ccc(cc1)O)[NH2+]CCc2ccc(c(c2)O)O,0,0.26713568,1.0,0
CC(CCc1ccccc1)[NH2+]CC(c2ccc(c(c2)C(=O)N)O)O,0,0.18081789,1.0,0
CC(C)CN(C[C@H]([C@H](Cc1ccccc1)NC(=O)O[C@H]2CCOC2)O)S(=O)(=O)c3ccc(cc3)N,0,0.29442352,1.0,0
CC(C)CN(C[C@H]([C@H](Cc1ccccc1)NC(=O)O[C@H]2CCOC2)OP(=O)([O-])[O-])S(=O)(=O)c3ccc(cc3)N,0,0.20579876,1.0,0
CC(C)[NH2+]C[C@@H](COc1ccc(cc1)CCOCC2CC2)O,0,0.22796318,1.0,0
CC(C)[NH2+]CC(COc1ccc(cc1)CCOCC2CC2)O,0,0.22800477,1.0,0
CC(C)[N+](C)(CCOC(=O)C1c2ccccc2Oc3c1cccc3)C(C)C,0,0.30652136,1.0,0
CC[N+](C)(CC)CCOC(=O)C1c2ccccc2Oc3c1cccc3,0,0.32848358,1.0,0
CC(C)(C)c1ccc(cc1)C[NH+]2CCN(CC2)C(c3ccccc3)c4ccc(cc4)Cl,0,0.28415635,1.0,0
Cc1cccc(c1)C[NH+]2CCN(CC2)C(c3ccccc3)c4ccc(cc4)Cl,0,0.23731881,1.0,0
CC(C)(C#N)c1cc(cc(c1)C(C)(C)C#N)Cn2cncn2,0,0.67626524,1.0,1
CC(C)(C#N)C1=CC(=CC(=C1)CN2C=NC=N2)C(C)(C)C#N,1,0.67626524,1.0,1
CC(C(=O)O)O.CN1CCN(CC1)C2=CC3=C(C=C2)N/C(=C\4/C(=C5C(=NC4=O)C=CC=C5F)N)/N3.O,1,0.7969317,1.0,1
CN1CCN(CC1)C2=CC3=C(C=C2)N/C(=C/4\C(=C5C(=NC4=O)C=CC=C5F)N)/N3,1,0.80041,1.0,1
CC#C[C@@]1(CC[C@@H]2[C@@]1(C[C@@H](C3=C4CCC(=O)C=C4CC[C@@H]23)c5ccc(cc5)N(C)C)C)O,0,0.20140095,1.0,0
CC(=O)[C@]1(CC[C@@H]2[C@@]1(C[C@@H](C3=C4CCC(=O)C=C4CC[C@@H]23)c5ccc(cc5)N(C)C)C)OC(=O)C,0,0.22585295,1.0,0
C[NH2+]CC[C@@H](c1cccs1)Oc2cccc3c2cccc3,0,0.43426013,1.0,0
CNCC[C@@H](C1=CC=CS1)OC2=CC=CC3=CC=CC=C32,1,0.53659815,1.0,1
C[NH+]1CCCCC1CCN2c3ccccc3Sc4c2cc(cc4)S(=O)C,0,0.15993924,1.0,0
C[NH+]1CCCCC1CCN2c3ccccc3Sc4c2cc(cc4)SC,0,0.17889577,1.0,0
C[NH+]1[C@@H]2C[C@H](C[C@H]1[C@H]3[C@@H]2O3)OC(=O)[C@H](CO)c4ccccc4,0,0.3156074,1.0,0
C[NH+]1C2CC(CC1C3C2O3)OC(=O)C(CO)c4ccccc4,0,0.31857908,1.0,0
C[NH+](CCc1ccc(cc1)NS(=O)(=O)C)CCOc2ccc(cc2)NS(=O)(=O)C,0,0.5130305,1.0,0
CCOc1ccccc1OCC[NH2+][C@H](C)Cc2ccc(c(c2)S(=O)(=O)N)OC,0,0.40792346,1.0,0
C[NH+](C)CCN(Cc1ccc(cc1)OC)c2ccccn2,0,0.4255062,1.0,0
C[NH+](C)CCN(Cc1ccccc1)c2ccccn2,0,0.36308506,1.0,0
C[NH+](C)CCC[C@@]1(c2ccc(cc2CO1)C#N)c3ccc(cc3)F,0,0.29246256,1.0,0
C[NH+](C)CCCC1(c2ccc(cc2CO1)C#N)c3ccc(cc3)F,0,0.29246905,1.0,0
C[NH+](C)C[C@H]1CCCC[C@@]1(c2cccc(c2)OC)O,0,0.3751403,1.0,0
CN(C)C[C@H]1CCCC[C@@]1(C2=CC(=CC=C2)OC)O,1,0.59043574,1.0,1
C[N+]1(CCc2cc(c3cc2[C@@H]1Cc4ccc(cc4)Oc5c6c(cc(c5OC)OC)CC[N+]([C@@H]6Cc7ccc(c(c7)O3)OC)(C)C)OC)C,0,0.42538044,1.0,0
C[NH+]1CCc2cc(c3cc2[C@@H]1Cc4ccc(cc4)Oc5c6c(cc(c5O)OC)CC[N+]([C@@H]6Cc7ccc(c(c7)O3)O)(C)C)OC,0,0.24550721,1.0,0
C[N+]1(CCc2cc(c(cc2C1Cc3ccc(c(c3)OC)OC)OC)OC)CCC(=O)OCCCCCOC(=O)CC[N+]4(CCc5cc(c(cc5C4Cc6ccc(c(c6)OC)OC)OC)OC)C,0,0.45070267,1.0,0
C[N@@+]1(CCc2cc(c(cc2[C@H]1Cc3ccc(c(c3)OC)OC)OC)OC)CCC(=O)OCCCCCOC(=O)CC[N@+]4(CCc5cc(c(cc5[C@H]4Cc6ccc(c(c6)OC)OC)OC)OC)C,0,0.45223498,1.0,0
C[C@H]1COc2c3n1cc(c(=O)c3cc(c2N4CC[NH+](CC4)C)F)C(=O)[O-],0,0.22057341,1.0,0
CC1COc2c3n1cc(c(=O)c3cc(c2N4CC[NH+](CC4)C)F)C(=O)[O-],0,0.22063096,1.0,0
C[C@H]1[C@H]([C@@](C[C@@H](O1)O[C@@H]2[C@H]([C@@H]([C@H](O[C@H]2Oc3c4cc5cc3Oc6ccc(cc6Cl)[C@H]([C@H](C(=O)N[C@H](C(=O)N[C@H]5C(=O)N[C@@H]7c8ccc(c(c8)-c9c(cc(cc9O)O)[C@H](NC(=O)[C@H]([C@@H](c1ccc(c(c1)Cl)O4)O)NC7=O)C(=O)[O-])O)CC(=O)N)NC(=O)[C@@H](CC(C)C)[NH2+]C)O)CO)O)O)(C)[NH3+])O,0,0.050704844,1.0,0
CCCCCCCCCCNCC[NH2+][C@]1(C[C@@H](O[C@H]([C@H]1O)C)O[C@@H]2[C@H]([C@@H]([C@H](O[C@H]2Oc3c4cc5cc3Oc6ccc(cc6Cl)[C@H]([C@H](C(=O)N[C@H](C(=O)N[C@H]5C(=O)N[C@@H]7c8ccc(c(c8)-c9c(cc(c(c9O)C[NH2+]CP(=O)([O-])[O-])O)[C@H](NC(=O)[C@H]([C@@H](c1ccc(c(c1)Cl)O4)O)NC7=O)C(=O)[O-])O)CC(=O)N)NC(=O)[C@@H](CC(C)C)[NH2+]C)O)CO)O)O)C,0,0.04349417,1.0,0
C[C@H](CCC(=O)[O-])[C@H]1CC[C@@H]2[C@@]1(CC[C@H]3[C@H]2[C@@H](C[C@H]4[C@@]3(CC[C@H](C4)O)C)O)C,0,0.2398663,1.0,0
C[C@H](CCC(=O)[O-])[C@H]1CC[C@@H]2[C@@]1(CC[C@H]3[C@H]2[C@H](C[C@H]4[C@@]3(CC[C@H](C4)O)C)O)C,0,0.23985104,1.0,0
C[C@]12CCC(=O)C=C1[C@H](C[C@@H]3[C@@H]2[C@H](C[C@]4([C@H]3C[C@@H]5[C@]4(OC(O5)(C)C)C(=O)CO)C)O)F,0,0.31823277,1.0,0
C[C@]12CCC(=O)C=C1CC[C@@H]3[C@@]2([C@H](C[C@]4([C@H]3C[C@@H]5[C@]4(OC(O5)(C)C)C(=O)CCl)C)O)F,0,0.35369235,1.0,0
C[C@]12CC[C@H]3[C@H]([C@@H]1CC[C@@H]2C(=O)NC4=C(C=CC(=C4)C(F)(F)F)C(F)(F)F)CC[C@@H]5[C@@]3(C=CC(=O)N5)C,1,0.6021353,1.0,1
C[C@]12CC[C@H]3[C@H]([C@@H]1CC[C@@H]2C(=O)Nc4cc(ccc4C(F)(F)F)C(F)(F)F)CC[C@@H]5[C@@]3(C=CC(=O)N5)C,0,0.6021353,1.0,1
C[C@]12CC[C@@H]3c4ccc(cc4CC[C@H]3[C@@H]1CCC2=O)O,0,0.36412656,1.0,0
C[C@]12CC[C@@H]3c4ccc(cc4CC[C@H]3[C@@H]1CCC2=O)OS(=O)(=O)[O-],0,0.3706604,1.0,0
C[C@]12CC(=O)[C@H]3[C@H]([C@@H]1CC[C@@]2(C(=O)CO)O)CCC4=CC(=O)C=C[C@]34C,1,0.6539596,1.0,1
C[C@H]1C[C@H]2[C@@H]3CCC4=CC(=O)C=C[C@@]4([C@H]3C(=O)C[C@@]2([C@]1(C(=O)CO)O)C)C,0,0.53268147,1.0,1
C[C@@H]1OC[C@@H]2[C@@H](O1)[C@@H]([C@H]([C@@H](O2)O[C@@H]3c4cc5c(cc4[C@H]([C@@H]6[C@@H]3COC6=O)c7cc(c(c(c7)OC)O)OC)OCO5)O)O,0,0.5558249,1.0,1
C[C@@H]1OC[C@@H]2[C@@H](O1)[C@@H]([C@H]([C@@H](O2)O[C@H]3[C@H]4COC(=O)[C@@H]4[C@@H](C5=CC6=C(C=C35)OCO6)C7=CC(=C(C(=C7)OC)O)OC)O)O,1,0.5554327,1.0,1
C[C@@H]1C[C@H]2[C@@H]3C[C@@H](C4=CC(=O)C=C[C@@]4([C@]3([C@H](C[C@@]2([C@]1(C(=O)SCF)OC(=O)c5ccco5)C)O)F)C)F,0,0.18061565,1.0,0
C[C@@H]1C[C@H]2[C@@H]3CCC4=CC(=O)C=C[C@@]4([C@]3([C@H](C[C@@]2([C@]1(C(=O)CCl)OC(=O)c5ccco5)C)O)Cl)C,0,0.25748911,1.0,0
C[C@@H]1C[C@@H]([C@@H]2[C@H](C[C@H]([C@@](O2)(C(=O)C(=O)N3CCCC[C@H]3C(=O)O[C@@H]([C@@H]([C@H](CC(=O)[C@@H](/C=C(/C1)\C)CC=C)O)C)/C(=C/[C@@H]4CC[C@H]([C@@H](C4)OC)O)/C)O)C)OC)OC,0,0.4540121,1.0,0
CC[C@@H]1/C=C(\\C[C@@H](C[C@@H]([C@@H]2[C@H](C[C@H]([C@@](O2)(C(=O)C(=O)N3CCCC[C@H]3C(=O)O[C@@H]([C@@H]([C@H](CC1=O)O)C)/C(=C/[C@@H]4CC[C@@H]([C@@H](C4)OC)Cl)/C)O)C)OC)OC)C)/C,0,0.5148162,1.0,0
C[C@@H]1[C@@H]2[C@H](C(=O)N2C(=C1S[C@H]3C[C@H]([NH2+]C3)C(=O)N(C)C)C(=O)[O-])[C@@H](C)O,0,0.1552651,1.0,0
C[C@@H]1[C@@H]2[C@H](C(=O)N2C(=C1S[C@H]3C[C@H]([NH2+]C3)CNS(=O)(=O)N)C(=O)[O-])[C@@H](C)O,0,0.15490411,1.0,0
c1nc2c(=O)[nH]c(nc2n1COC(CO)CO)N,0,0.491209,1.0,0
CC(C)[C@@H](C(=O)OCCOCn1cnc2c1nc([nH]c2=O)N)[NH3+],0,0.51395625,1.0,0
C1COC1=O,0,0.5132987,1.0,0
CCCCCCCCCCC[C@@H](C[C@H]1[C@@H](C(=O)O1)CCCCCC)OC(=O)[C@H](CC(C)C)NC=O,0,0.36732522,1.0,0
c1cnccc1c2cc(c(=O)[nH]c2)N,0,0.6159044,1.0,1
Cc1c(cc(c(=O)[nH]1)C#N)c2ccncc2,0,0.58298326,1.0,1
C1CNCC[NH2+]1,0,0.39533392,1.0,0
CCN(CC)C(=O)N1CC[NH+](CC1)C,0,0.39689666,1.0,0
C1CN(P(=O)(OC1)NCCCl)CCCl,1,0.6350398,1.0,1
C1CNP(=O)(OC1)N(CCCl)CCCl,1,0.59117275,1.0,1
C1CN(CCN(CCN(CC[NH+]1CC(=O)[O-])CC(=O)[O-])C(CO)C(CO)O)CC(=O)[O-],0,0.17911738,1.0,0
CC(CN1CC[NH+](CCN(CCN(CC1)CC(=O)[O-])CC(=O)[O-])CC(=O)[O-])O,0,0.22565053,1.0,0
c1ccc2c(c1)[NH+]=C(c3cc(ccc3O2)Cl)N4CC[NH2+]CC4,0,0.32569396,1.0,0
C[NH+]1CCN(CC1)C2=[NH+]c3ccccc3Oc4c2cc(cc4)Cl,0,0.34480676,1.0,0
c1ccc(cc1)CC2=[NH+]CCN2,0,0.3072422,1.0,0
Cc1cc(c(c(c1CC2=[NH+]CCN2)C)O)C(C)(C)C,0,0.27127168,1.0,0
c1ccc(cc1)C2C[C@H]2[NH3+],0,0.37407085,1.0,0
CCN(CC)C(=O)[C@@]1(C[C@@H]1C[NH3+])c2ccccc2,0,0.38698065,1.0,0
c1ccc(cc1)C2C(=O)c3ccccc3C2=O,0,0.4576175,1.0,0
COc1ccc(cc1)C2C(=O)c3ccccc3C2=O,0,0.4626068,1.0,0
c1ccc(cc1)C2(C(=O)N(C(=O)N2)COP(=O)([O-])[O-])c3ccccc3,0,0.29319102,1.0,0
c1ccc(cc1)C2(C(=O)NC(=O)N2)c3ccccc3,0,0.4135269,1.0,0
c1ccc(c(c1)C[NH+]2CCc3c(ccs3)C2)Cl,0,0.23715846,1.0,0
COC(=O)[C@H](c1ccccc1Cl)[NH+]2CCc3c(ccs3)C2,0,0.27517512,1.0,0
c1cc2c(nc1)C(=C3CC[NH2+]CC3)c4ccc(cc4CC2)Cl,0,0.36444694,1.0,0
C[NH+]1CCC(=C2c3ccccc3CCc4c2nccc4)CC1,0,0.48578486,1.0,0
c1cc2c(cc1OC(F)(F)F)sc(n2)N,0,0.52477473,1.0,0
CCOc1ccc2c(c1)sc(n2)S(=O)(=O)N,0,0.38763925,1.0,0
C1CC(=O)NC(=O)C1N2CC3=C(C2=O)C=CC=C3N,1,0.7379784,1.0,1
c1cc2c(c(c1)N)CN(C2=O)C3CCC(=O)NC3=O,0,0.7379784,1.0,1
c1cc(ccc1N)S(=O)(=O)c2ccc(cc2)N,0,0.4300215,1.0,0
c1cc(ccc1NCS(=O)[O-])S(=O)(=O)c2ccc(cc2)NCS(=O)[O-],0,0.42328206,1.0,0
c1cc(ccc1CCCC[NH2+]C[C@@H](c2ccc(c(c2)O)O)O)O,0,0.17488497,1.0,0
CC(C)C(CCC[NH+](C)CCc1ccc(c(c1)OC)OC)(C#N)c2ccc(c(c2)OC)OC,0,0.30135214,1.0,0
c1cc(ccc1CCc2c[nH]c3c2c(=O)nc([nH]3)N)C(=O)N[C@@H](CCC(=O)[O-])C(=O)[O-],0,0.5635063,1.0,1
C1=CC(=CC=C1CCC2=CNC3=C2C(=O)N=C(N3)N)C(=O)N[C@@H](CCC(=O)O)C(=O)O,1,0.77041256,1.0,1
c1cc(c2c3c1C[C@@H]4[C@]5([C@]3(CC[NH+]4CC6CC6)[C@@H](O2)C(=O)CC5)O)O,0,0.21629886,1.0,0
C[N+]1(CC[C@]23c4c5ccc(c4O[C@H]2C(=O)CC[C@]3([C@H]1C5)O)O)CC6CC6,0,0.30101305,1.0,0
c1cc(c2c(c1NCC[NH2+]CCO)C(=O)c3c(ccc(c3C2=O)[O-])[O-])NCC[NH2+]CCO,0,0.4451931,1.0,0
C1=CC(=C2C(=C1NCCNCCO)C(=O)C3=C(C=CC(=C3C2=O)O)O)NCCNCCO,1,0.5624194,1.0,1
c1cc(c(cc1F)F)n2cc(c(=O)c3c2nc(c(c3)F)N4C[C@@H]5[C@H](C4)[C@H]5[NH3+])C(=O)[O-],0,0.2787431,1.0,0
C[C@@H](C(=O)N[C@@H](C)C(=O)NC1[C@H]2[C@@H]1CN(C2)c3c(cc4c(=O)c(cn(c4n3)c5ccc(cc5F)F)C(=O)[O-])F)[NH3+],0,0.24411404,1.0,0
c1cc(c(cc1Cl)Cl)COC(Cn2ccnc2)c3ccc(cc3Cl)Cl,0,0.418921,1.0,0
c1cc(ccc1COC(Cn2ccnc2)c3ccc(cc3Cl)Cl)Cl,0,0.41419324,1.0,0
c1cc(c(cc1c2ccc(cc2F)F)C(=O)[O-])O,0,0.31812283,1.0,0
CC(c1ccc(c(c1)F)c2ccccc2)C(=O)[O-],0,0.3296239,1.0,0
c1c[nH]nc1CC[NH3+],0,0.37281808,1.0,0
Cc1c[nH]nc1,0,0.47451124,1.0,0
c1c2c(c(c(c1[131I])[O-])[131I])Oc3c(cc(c(c3[131I])[O-])[131I])C24c5c(c(c(c(c5Cl)Cl)Cl)Cl)C(=O)O4,0,0.39982533,1.0,0
c1ccc2c(c1)C(=O)OC23c4ccc(cc4Oc5c3ccc(c5)O)O,0,0.3804551,1.0,0
C1C(O1)CCl,0,0.49742436,1.0,0
C[C@H]1[C@H](O1)P(=O)([O-])[O-],0,0.35256994,1.0,0
c1c(nc(s1)[NH+]=C(N)N)CSCCC(=NS(=O)(=O)N)N,0,0.24974744,1.0,0
CN/C(=C\[N+](=O)[O-])/[NH2+]CCSCc1csc(n1)C[NH+](C)C,0,0.21262963,1.0,0
c1c(cc(c(c1Cl)NC2=[NH+]CCN2)Cl)N,0,0.3280602,1.0,0
c1cc(c(c(c1)Cl)NC2=[NH+]CCN2)Cl,0,0.41485292,1.0,0
c1c(c(nc(=O)n1[C@@H]2CS[C@@H](O2)CO)N)F,0,0.55170196,1.0,1
c1cn(c(=O)nc1N)[C@@H]2CS[C@@H](O2)CO,0,0.53806305,1.0,1
c1c(c([nH]c(=O)n1)N)F,0,0.61572,1.0,1
c1cn(c(=O)nc1N)C[C@@H](CO)OCP(=O)([O-])[O-],0,0.43059123,1.0,0
C1[C@H]([C@@H]([C@H]([C@@H]([C@H]1[NH3+])O[C@@H]2[C@@H]([C@H]([C@@H]([C@H](O2)C[NH3+])O)O)[NH3+])O[C@H]3[C@@H]([C@@H]([C@H](O3)CO)O[C@@H]4[C@@H]([C@H]([C@@H]([C@@H](O4)C[NH3+])O)O)[NH3+])O)O)[NH3+],0,0.25887138,1.0,0
C1[C@H]([C@@H]([C@H]([C@@H]([C@H]1[NH3+])O[C@@H]2[C@@H]([C@H]([C@@H]([C@H](O2)CO)O)O)[NH3+])O[C@H]3[C@@H]([C@@H]([C@H](O3)CO)O[C@@H]4[C@@H]([C@H]([C@@H]([C@@H](O4)C[NH3+])O)O)[NH3+])O)O)[NH3+],0,0.2595359,1.0,0
C1[C@@H](NC(=[NH+][C@H]1O)N)[C@H]2C(=O)NC[C@@H](C(=O)N[C@H](C(=O)N[C@H](C(=O)N/C(=C\\NC(=O)N)/C(=O)N2)CO)CO)NC(=O)C[C@H](CCC[NH3+])[NH3+],0,0.13655148,1.0,0
C1C[NH+]=C(N[C@H]1[C@H]2C(=O)NC[C@@H](C(=O)N[C@H](C(=O)N[C@H](C(=O)N/C(=C/NC(=O)N)/C(=O)N2)CNC(=O)C[C@H](CCC[NH3+])[NH3+])CO)[NH3+])N,0,0.15693903,1.0,0
c1(c(nc(c(n1)Cl)N)N)C(=O)NC(=[NH2+])N,0,0.48106447,1.0,0
c1cnc(cn1)C(=O)N,0,0.6390666,1.0,1
C/C=C/C1=C(N2[C@@H]([C@@H](C2=O)NC(=O)[C@@H](c3ccc(cc3)O)[NH3+])SC1)C(=O)[O-],0,0.12085415,1.0,0
CC(=O)OCC1=C(N2[C@@H]([C@@H](C2=O)NC(=O)[C@@H](c3ccccc3)[NH3+])SC1)C(=O)[O-],0,0.14042239,1.0,0
C([C@@H]1[C@H]([C@@H]([C@H]([C@@H](O1)O[C@]2([C@H]([C@@H]([C@H](O2)OS(=O)(=O)O[Al](O)O)OS(=O)(=O)O[Al](O)O)OS(=O)(=O)O[Al](O)O)COS(=O)(=O)O[Al](O)O)OS(=O)(=O)O[Al](O)O)OS(=O)(=O)O[Al](O)O)OS(=O)(=O)O[Al](O)O)OS(=O)(=O)O[Al](O)O,0,0.4024299,1.0,0
C([C@@H]1[C@H]([C@@H]([C@H]([C@H](O1)O[C@]2([C@H]([C@@H]([C@H](O2)CO)O)O)CO)O)O)O)O,0,0.56238675,1.0,1
B([C@H](CC(C)C)NC(=O)[C@H](Cc1ccccc1)NC(=O)c2cnccn2)(O)O,0,0.687163,1.0,1
B([C@H](CC(C)C)NC(=O)[C@H](CC1=CC=CC=C1)NC(=O)C2=NC=CN=C2)(O)O,1,0.687163,1.0,1
O1[As]2O[As]1O2,0,0.4368674,1.0,0
CS(=O)(=O)O.C1CO[P@@](=O)(O[C@@H]1C2=CC(=CC=C2)Cl)COCCN3C=NC4=C3N=CN=C4N,1,0.7822261,1.0,1
CS(=O)(=O)c1ccc(cc1)C2=C(C(=O)OC2)c3ccccc3,0,0.3988371,1.0,0
COc1ccccc1OCC[NH2+]CC(COc2cccc3c2c4ccccc4[nH]3)O,0,0.4654714,1.0,0
COc1ccc2c(c1)[nH]c3c2CC[NH+]4[C@@H]3C[C@H]5[C@@H](C4)C[C@H]([C@@H]([C@H]5C(=O)OC)OC)OC(=O)/C=C/c6cc(c(c(c6)OC)OC)OC,0,0.19047605,1.0,0
COc1ccc(cc1C23CC4CC(C2)CC(C4)C3)c5ccc6cc(ccc6c5)C(=O)[O-],0,0.46590254,1.0,0
COc1ccc(cc1C(=O)NCCc2ccc(cc2)S(=O)(=O)[N-]C(=O)NC3CCCCC3)Cl,0,0.39665323,1.0,0
COc1cc2c(cc1OCCC[NH+]3CCOCC3)c(ncn2)Nc4ccc(c(c4)Cl)F,0,0.4952671,1.0,0
COc1cc2c(cc1OC)nc(nc2N)N3CCN(CC3)C(=O)C4COc5ccccc5O4,0,0.55777484,1.0,1
COc1cc2c(cc1OC)nc(nc2N)N3CCN(CC3)C(=O)C4CCCO4,0,0.59526795,1.0,1
COc1cc2c(cc1OC)C(=O)C(C2)CC3CC[NH+](CC3)Cc4ccccc4,0,0.34167156,1.0,0
COC1=CC(=O)OC(C1)/C=C/C2=CCCC=C2,1,0.607196,1.0,1
COc1cc(cc(c1OC)OC)Cc2cnc(nc2N)N,0,0.4456117,1.0,0
COc1cc(cc(c1OC)OC)[C@@H]2c3cc4c(cc3[C@@H]([C@@H]5[C@@H]2C(=O)OC5)O)OCO4,0,0.45094427,1.0,0
COc1cc(cc(c1O)OC)[C@@H]2c3cc4c(cc3[C@H]([C@@H]5[C@@H]2C(=O)OC5)O[C@H]6[C@@H]([C@H]([C@H]7[C@H](O6)COC(O7)c8cccs8)O)O)OCO4,0,0.4665812,1.0,0
COc1cc(c(cc1C(=O)NC2CC[NH+](CC2OC)CCCOc3ccc(cc3)F)Cl)N,0,0.34247485,1.0,0
COc1c2c(cc(c1N3C[C@@H]4CCC[NH2+][C@@H]4C3)F)c(=O)c(cn2C5CC5)C(=O)[O-],0,0.13024224,1.0,0
COc1c(ncnc1OC)[N-]S(=O)(=O)c2ccc(cc2)N,0,0.33705696,1.0,0
COC1=C(C=C2C(=C1)N=CN=C2NC3=CC(=C(C=C3)F)Cl)OCCCN4CCOCC4,1,0.7691173,1.0,1
COC(=O)Nc1[nH]c2ccc(cc2n1)C(=O)c3ccccc3,0,0.41831776,1.0,0
CO[C@@H]1[C@@H]([C@H]([C@@H]([C@H](O1)COS(=O)(=O)[O-])O[C@H]2[C@@H]([C@H]([C@@H]([C@@H](O2)C(=O)[O-])O[C@@H]3[C@@H]([C@H]([C@@H]([C@H](O3)COS(=O)(=O)[O-])O[C@H]4[C@@H]([C@H]([C@@H]([C@H](O4)C(=O)[O-])O[C@@H]5[C@@H]([C@H]([C@@H]([C@H](O5)COS(=O)(=O)[O-])O)O)NS(=O)(=O)[O-])O)O)OS(=O)(=O)[O-])NS(=O)(=O)[O-])O)OS(=O)(=O)[O-])O)NS(=O)(=O)[O-],0,0.27117962,1.0,0
CO/N=C/1\CN(CC1C[NH3+])c2c(cc3c(=O)c(cn(c3n2)C4CC4)C(=O)[O-])F,0,0.1744354,1.0,0
CNS(=O)(=O)CCc1ccc2c(c1)c(c[nH]2)C3CC[NH+](CC3)C,0,0.45322004,1.0,0
CNC1=[NH+]c2ccc(cc2C(=[N+](C1)[O-])c3ccccc3)Cl,0,0.35088035,1.0,0
CNC(=O)c1cnn(c1)c2nc(c3c(n2)n(cn3)[C@H]4[C@@H]([C@@H]([C@H](O4)CO)O)O)N,0,0.7156872,1.0,1
CN1C=NC=C1[C@@](C2=CC=C(C=C2)Cl)(C3=CC4=C(C=C3)N(C(=O)C=C4C5=CC(=CC=C5)Cl)C)N,1,0.7383277,1.0,1
Cn1cnc(c1Sc2c3c(nc[nH]3)ncn2)[N+](=O)[O-],0,0.439258,1.0,0
CN1C=NC(=C1C[N+](C)(C)C/C=C/C(=O)NC2=NC=C3C(=C2)C(=NC=N3)NC4=CC(=C(C=C4)Cl)Br)[N+](=O)[O-],1,0.7367935,1.0,1
CN1CCC[NH+]=C1COC(=O)C(c2ccccc2)(C3CCCCC3)O,0,0.29932475,1.0,0
CN1CCC(CC1)CNC2=NN3C(=NC=C3C4=CC(=CC=C4)OC(F)(F)F)C=C2,1,0.7888022,1.0,1
Cn1cc[nH]c1=S,0,0.5089424,1.0,0
CN1CC[C@@]23C=C[C@@H](C[C@@H]2OC4=C(C=CC(=C34)C1)OC)O,1,0.71474606,1.0,1
CN1CC(=O)N2[C@@H](C1=O)Cc3c4ccccc4[nH]c3[C@H]2c5ccc6c(c5)OCO6,0,0.59241664,1.0,1
Cn1c2ccccc2c(n1)C(=O)NC3CC4CCCC(C3)[NH+]4C,0,0.489399,1.0,0
CN1C(S(=O)(=O)CCC1=O)c2ccc(cc2)Cl,0,0.47563106,1.0,0
CN1C(=O)N2C=NC(=C2N=N1)C(=O)N,1,0.6266174,1.0,1
Cn1c(nnn1)SCC2=C(N3[C@@H]([C@@H](C3=O)NC(=O)/C(=N\OC)/c4csc(n4)N)SC2)C(=O)[O-],0,0.123515405,1.0,0
Cn1c(nnn1)SCC2=C(N3[C@@H]([C@@](C3=O)(NC(=O)CSCC#N)OC)SC2)C(=O)[O-],0,0.10782319,1.0,0
Cn1c(nnn1)SCC2=C(N3[C@@H]([C@@](C3=O)(NC(=O)C4SC(=C(C(=O)N)C(=O)[O-])S4)OC)SC2)C(=O)[O-],0,0.07320369,1.0,0
Cn1c(nnn1)SCC2=C(N3[C@@H]([C@@](C3=O)(NC(=O)C(c4ccc(cc4)O)C(=O)[O-])OC)OC2)C(=O)[O-],0,0.10841517,1.0,0
Cn1c(nc(=O)c(=O)[nH]1)SCC2=C(N3[C@@H]([C@@H](C3=O)NC(=O)/C(=N\OC)/c4csc(n4)N)SC2)C(=O)[O-],0,0.1666883,1.0,0
CN1C(=C(c2ccccc2S1(=O)=O)O)C(=O)Nc3ccccn3,0,0.64004403,1.0,1
CN(CCOc1ccc(cc1)CC2C(=O)[N-]C(=O)S2)c3ccccn3,0,0.6982934,1.0,1
CN(CCCNC(=O)C1CCCO1)c2nc3cc(c(cc3c(n2)N)OC)OC,0,0.54902256,1.0,1
CN(CCCCCCCCCCN(C)C(=O)Oc1cccc(c1)[N+](C)(C)C)C(=O)Oc2cccc(c2)[N+](C)(C)C,0,0.40112793,1.0,0
CN(c1c(c(c(c(c1I)C(=O)NC(CO)C(CO)O)I)C(=O)NC(CO)C(CO)O)I)C(=O)CC(=O)N(C)c2c(c(c(c(c2I)C(=O)NC(CO)C(CO)O)I)C(=O)NC(CO)C(CO)O)I,0,0.3499382,1.0,0
CN(C)N/N=C/1\C(=NC=N1)C(=O)N,1,0.59673053,1.0,1
CN(C)c1nc(nc(n1)N(C)C)N(C)C,0,0.46975803,1.0,0
CCOCCn1c2ccccc2nc1N3CCC[NH+](CC3)C,0,0.26792082,1.0,0
CCOc1nc2cccc(c2n1Cc3ccc(cc3)c4ccccc4c5[nH]oc(=O)n5)C(=O)OCc6c(oc(=O)o6)C,0,0.48597854,1.0,0
CCOc1ccc2ccccc2c1C(=O)N[C@H]3[C@@H]4N(C3=O)[C@H](C(S4)(C)C)C(=O)[O-],0,0.30205083,1.0,0
CCOC1=CC=C(C=C1)C2=CC(=CN2C3=CC=C(C=C3)S(=O)(=O)N)C,1,0.5227637,1.0,0
CCOc1cc(ccc1C(=O)[O-])CC(=O)N[C@@H](CC(C)C)c2ccccc2N3CCCCC3,0,0.31178513,1.0,0
CCOC(=O)Nc1ccc2c(c1)N(c3ccccc3S2)C(=O)CC[NH+]4CCOCC4,0,0.14049889,1.0,0
CCOC(=O)Nc1ccc(cc1N)NCc2ccc(cc2)F,0,0.526874,1.0,0
CCOC(=O)N1CCC(=C2c3ccc(cc3CCc4c2nccc4)Cl)CC1,0,0.47943395,1.0,0
CCOC(=O)c1cncn1C(C)c2ccccc2,0,0.44535345,1.0,0
CCOC(=O)c1ccc(nc1)C#Cc2ccc3c(c2)C(CCS3)(C)C,0,0.28669003,1.0,0
CCOC(=O)c1c2n(cn1)-c3ccc(cc3C(=O)N(C2)C)F,0,0.57146305,1.0,1
CCOC(=O)C1(CC[NH+](CC1)CCc2ccc(cc2)N)c3ccccc3,0,0.20396493,1.0,0
CCOC(=O)C1(CC[NH+](CC1)C)c2ccccc2,0,0.36394846,1.0,0
CCOC(=O)[C@H](CCc1ccccc1)[NH2+][C@H]2CCc3ccccc3N(C2=O)CC(=O)[O-],0,0.115488805,1.0,0
CCOC(=O)[C@H](CCc1ccccc1)[NH2+][C@@H](C)C(=O)N2CC3(C[C@H]2C(=O)[O-])SCCS3,0,0.1351137,1.0,0
CCOC(=O)[C@H](CCc1ccccc1)[NH2+][C@@H](C)C(=O)N2[C@H]3CCCC[C@@H]3C[C@H]2C(=O)[O-],0,0.1226523,1.0,0
CCOC(=O)[C@H](CCc1ccccc1)[NH2+][C@@H](C)C(=O)N2[C@H]3CCC[C@H]3C[C@H]2C(=O)[O-],0,0.11233085,1.0,0
CCO/N=C(/c1nc(sn1)NP(=O)([O-])[O-])\C(=O)N[C@H]2[C@@H]3N(C2=O)C(=C(CS3)Sc4nc(cs4)c5cc[n+](cc5)C)C(=O)[O-],0,0.100183524,1.0,0
CCNC(=O)CCC/C=C\C[C@H]1[C@H](C[C@H]([C@@H]1/C=C/[C@H](CCc2ccccc2)O)O)O,0,0.33625165,1.0,0
CCNC(=O)[C@@H]1CCCN1C(=O)[C@H](CCCNC(=[NH2+])N)NC(=O)[C@H](CC(C)C)NC(=O)[C@@H](Cc2cn(cn2)Cc3ccccc3)NC(=O)[C@H](Cc4ccc(cc4)O)NC(=O)[C@H](CO)NC(=O)[C@H](Cc5c[nH]c6c5cccc6)NC(=O)[C@H](Cc7cnc[nH]7)NC(=O)[C@@H]8CCC(=O)N8,0,0.3115802,1.0,0
CCN1CCN(C(=O)C1=O)C(=O)N[C@H](c2ccccc2)C(=O)N[C@H]3[C@@H]4N(C3=O)[C@H](C(S4)(C)C)C(=O)[O-],0,0.15940595,1.0,0
CCN1CCN(C(=O)C1=O)C(=O)N[C@H](c2ccc(cc2)O)C(=O)N[C@H]3[C@@H]4N(C3=O)C(=C(CS4)CSc5nnnn5C)C(=O)[O-],0,0.06499792,1.0,0
CCn1ccc(nc1=O)[N-]S(=O)(=O)c2ccc(cc2)N,0,0.39359868,1.0,0
CCn1cc(c(=O)c2c1nc(cc2)C)C(=O)[O-],0,0.30141357,1.0,0
CCn1cc(c(=O)c2c1nc(c(c2)F)N3CC[NH2+]CC3)C(=O)[O-],0,0.22396688,1.0,0
CCN1CC(C(C1=O)(c2ccccc2)c3ccccc3)CC[NH+]4CCOCC4,0,0.19378553,1.0,0
CCn1c2cc3c(cc2c(=O)c(n1)C(=O)[O-])OCO3,0,0.30383003,1.0,0
CCN(Cc1ccncc1)C(=O)C(CO)c2ccccc2,0,0.33167842,1.0,0
CCN(CC)CCS(=O)(=O)[C@@H]1CCN2C1C(=O)O[C@@H]([C@@H](/C=C/C(=O)NC/C=C/C(=C/[C@H](CC(=O)Cc3nc(co3)C2=O)O)/C)C)C(C)C,0,0.37993732,1.0,0
CCN(CC)C(=O)C1C[NH+]2CCc3cc(c(cc3C2CC1OC(=O)C)OC)OC,0,0.28080463,1.0,0
CCN(c1cccc(c1)c2ccnc3n2ncc3C#N)C(=O)C,0,0.6291765,1.0,1
CCCSc1nc(c2c(n1)n(nn2)[C@@H]3C[C@@H]([C@H]([C@H]3O)O)OCCO)N[C@@H]4C[C@H]4c5ccc(c(c5)F)F,0,0.2573139,1.0,0
CCCOC(=O)Cn1cc(c(=O)c(c1)I)I,0,0.3021549,1.0,0
CCCCS(=O)(=O)N[C@@H](Cc1ccc(cc1)OCCCCC2CC[NH2+]CC2)C(=O)[O-],0,0.2294237,1.0,0
CCCCOCCOCCOCc1cc2c(cc1CCC)OCO2,0,0.28249052,1.0,0
CCCCOc1ccc(cc1)OCCC[NH+]2CCOCC2,0,0.30984184,1.0,0
CCCCOc1ccc(cc1)C(=O)CC[NH+]2CCCCC2,0,0.2456764,1.0,0
CCCCN1C(=O)[C@H](NC(=O)C12CCN(CC2)CC3=CC=C(C=C3)OC4=CC=C(C=C4)C(=O)O)[C@@H](C5CCCCC5)O,1,0.6014347,1.0,1
CCCCCOc1ccc(cc1)c2ccc(cc2)c3ccc(cc3)C(=O)N[C@H]4C[C@H]([C@H](NC(=O)[C@@H]5[C@H]([C@H](CN5C(=O)[C@@H](NC(=O)[C@@H](NC(=O)[C@@H]6C[C@H](CN6C(=O)[C@@H](NC4=O)[C@@H](C)O)O)[C@@H]([C@H](c7ccc(cc7)O)O)O)[C@@H](C)O)C)O)O)O,0,0.1906935,1.0,0
CCCCCOc1ccc(cc1)c2cc(no2)c3ccc(cc3)C(=O)N[C@H]4C[C@H]([C@H](NC(=O)[C@@H]5[C@H]([C@H](CN5C(=O)[C@@H](NC(=O)[C@@H](NC(=O)[C@@H]6C[C@H](CN6C(=O)[C@@H](NC4=O)[C@@H](C)O)O)[C@@H]([C@H](c7ccc(c(c7)OS(=O)(=O)[O-])O)O)O)[C@@H](CC(=O)N)O)C)O)O)O,0,0.17150788,1.0,0
CCCCCCOC(=O)/[NH+]=C(\c1ccc(cc1)NCc2nc3cc(ccc3n2C)C(=O)N(CCC(=O)OCC)c4ccccn4)/N,0,0.4775332,1.0,0
CCCCCCCCCCCCCCCC[N+](C)(C)CCN(Cc1ccc(cc1)OC)c2ncccn2,0,0.4099564,1.0,0
CCCCCCCCCC(=O)N[C@@H](Cc1c[nH]c2c1cccc2)C(=O)N[C@H](CC(=O)N)C(=O)N[C@@H](CC(=O)[O-])C(=O)N[C@H]3[C@H](OC(=O)[C@@H](NC(=O)[C@@H](NC(=O)[C@H](NC(=O)CNC(=O)[C@@H](NC(=O)[C@H](NC(=O)[C@@H](NC(=O)[C@@H](NC(=O)CNC3=O)CCC[NH3+])CC(=O)[O-])C)CC(=O)[O-])CO)[C@H](C)CC(=O)[O-])CC(=O)c4ccccc4N)C,0,0.14447199,1.0,0
CCCCCCC(C)(C)c1cc(c2c(c1)OC([C@H]3[C@H]2CC(=O)CC3)(C)C)O,0,0.33988446,1.0,0
CCCCCc1cc(c2c(c1)OC([C@H]3[C@H]2C=C(CC3)C)(C)C)O,0,0.33066997,1.0,0
CCCCC[C@H](CC[C@H]1[C@@H]2Cc3cccc(c3C[C@@H]2C[C@@H]1O)OCC(=O)[O-])O,0,0.17475784,1.0,0
CCCCc1[nH+]cc(n1Cc2ccc(cc2)C(=O)[O-])/C=C(\Cc3cccs3)/C(=O)[O-],0,0.19237621,1.0,0
CCCCC(=O)N(Cc1ccc(cc1)c2ccccc2c3[n-]nnn3)[C@@H](C(C)C)C(=O)[O-],0,0.22946227,1.0,0
CCCCC(CC)COC(=O)C(=C(c1ccccc1)c2ccccc2)C#N,0,0.23377177,1.0,0
CCCCC([C@]1(CC[C@H]2[C@H](O1)CC(=O)[C@H]2CCCCCCC(=O)[O-])O)(F)F,0,0.19395687,1.0,0
CCCC[NH+](CCCC)CCC(c1cc2c(cc(cc2Cl)Cl)c3c1ccc(c3)C(F)(F)F)O,0,0.21516798,1.0,0
CCCC[NH+](CCCC)CC(c1cc(cc\2c1-c3ccc(cc3/C2=C/c4ccc(cc4)Cl)Cl)Cl)O,0,0.22752601,1.0,0
CCCc1nc2c(cc(cc2n1Cc3ccc(cc3)c4ccccc4C(=O)[O-])c5nc6ccccc6n5C)C,0,0.3622245,1.0,0
CCCc1nc(c2n1[nH]c(nc2=O)c3cc(ccc3OCC)S(=O)(=O)N4CC[NH+](CC4)CC)C,0,0.3347604,1.0,0
CCCc1nc(c(n1Cc2ccc(cc2)c3ccccc3c4n[n-]nn4)C(=O)OCc5c(oc(=O)o5)C)C(C)(C)O,0,0.3477589,1.0,0
CCCc1cc(=O)[nH]c(=S)[nH]1,0,0.36681905,1.0,0
CCCc1c2c(cc3c1oc(cc3=O)C(=O)[O-])c(=O)cc(n2CC)C(=O)[O-],0,0.2877476,1.0,0
CCCc1c2c(c(=O)[nH]c(n2)c3cc(ccc3OCC)S(=O)(=O)N4CC[NH+](CC4)C)n(n1)C,0,0.35916778,1.0,0
CCCC(CCC)C(=O)O[C@H]1C[C@H]2CC[C@@H](C1)[N+]2(C)C,0,0.3301222,1.0,0
CCCC(C)C1(C(=O)NC(=S)NC1=O)CC,0,0.43337166,1.0,0
CCCC(C)C1(C(=O)NC(=[NH+]C1=O)S)CC=C,0,0.3118135,1.0,0
CCC[NH2+]CC(COc1ccccc1C(=O)CCc2ccccc2)O,0,0.21913926,1.0,0
CCC[NH2+]C(C)C(=O)Nc1c(csc1C(=O)OC)C,0,0.29885295,1.0,0
CCC[NH2+][C@H]1CCc2c(sc(n2)N)C1,0,0.27335632,1.0,0
CCC[NH+]1C[C@@H](C[C@H]2[C@H]1Cc3c[nH]c4c3c2ccc4)CSC,0,0.3099504,1.0,0
CCC[NH+](CCc1cccs1)[C@H]2CCc3c(cccc3O)C2,0,0.3812406,1.0,0
CCC[NH+](CCC)CCc1cccc2c1CC(=O)N2,0,0.34076306,1.0,0
CCC[C@]1(CC(=C(C(=O)O1)[C@H](CC)c2cccc(c2)[N-]S(=O)(=O)c3ccc(cn3)C(F)(F)F)[O-])CCc4ccccc4,0,0.19788791,1.0,0
CCC[C@@H](C(=O)OCC)[NH2+][C@@H](C)C(=O)N1[C@H]2CCCC[C@H]2C[C@H]1C(=O)[O-],0,0.1668653,1.0,0
CCC[C@@H](C(=O)C(=O)NC1CC1)NC(=O)[C@@H]2[C@H]3CCC[C@H]3CN2C(=O)[C@H](C(C)(C)C)NC(=O)[C@H](C4CCCCC4)NC(=O)c5cnccn5,0,0.271526,1.0,0
CCc1nn(c(=O)n1CCOc2ccccc2)CCC[NH+]3CCN(CC3)c4cccc(c4)Cl,0,0.42024374,1.0,0
CCC1Nc2cc(c(cc2C(=O)N1)S(=O)(=O)N)Cl,0,0.28970826,1.0,0
CCC1=CN=C(C=C1)CCOC2=CC=C(C=C2)CC3C(=O)NC(=O)S3,1,0.7041048,1.0,1
CCc1cccc2c1[nH]c3c2CCOC3(CC)CC(=O)[O-],0,0.3391422,1.0,0
CCc1ccc(nc1)CCOc2ccc(cc2)CC3C(=O)[N-]C(=O)S3,0,0.58941025,1.0,1
CCC1=CC2C[C@@](c3c(c4ccccc4[nH]3)C[NH+](C2)C1)(c5cc6c(cc5OC)N([C@@H]7[C@]68CC[NH+]9[C@H]8[C@@](C=CC9)([C@H]([C@@]7(C(=O)OC)O)OC(=O)C)CC)C)C(=O)OC,0,0.5012016,1.0,0
CCc1cc2c(cc1CC)CC(C2)[NH2+]C[C@@H](c3ccc(c4c3ccc(=O)[nH]4)O)O,0,0.24093486,1.0,0
CCC1=C[C@H]2C[C@@](C3=C(CN(C2)C1)C4=CC=CC=C4N3)(C5=C(C=C6C(=C5)[C@]78CCN9[C@H]7[C@@](C=CC9)([C@H]([C@@]([C@@H]8N6C)(C(=O)OC)O)OC(=O)C)CC)OC)C(=O)OC,1,0.81447035,1.0,1
CCC1=C2C=C(C=CC2=NC3=C1CN4C3=CC5=C(C4=O)COC(=O)[C@@]5(CC)O)OC(=O)N6CCC(CC6)N7CCCCC7,1,0.6645119,1.0,1
CCc1c2cc(ccc2nc-3c1Cn4c3cc5c(c4=O)COC(=O)[C@@]5(CC)O)OC(=O)N6CCC(CC6)[NH+]7CCCCC7,0,0.62191516,1.0,1
CCC1=C(CN(C1=O)C(=O)NCCc2ccc(cc2)S(=O)(=O)[N-]C(=O)NC3CCC(CC3)C)C,0,0.25595284,1.0,0
CCc1c(c(nc(n1)N)N)c2ccc(cc2)Cl,0,0.51298773,1.0,0
CCc1c(c(c(c(c1Cl)[O-])Cl)O)C(=O)O[C@@H]2[C@H](O[C@H]([C@H]([C@H]2O)OC)OC/C/3=C\\C=C\\C[C@@H](/C(=C/[C@@H]([C@H](/C(=C/C(=C/C[C@H](OC3=O)[C@@H](C)O)/C)/C)O[C@H]4[C@H]([C@H]([C@@H](C(O4)(C)C)OC(=O)C(C)C)O)O)CC)/C)O)C,0,0.07392242,1.0,0
CCc1c([nH]c2c1C(=O)C(CC2)C[NH+]3CCOCC3)C,0,0.38758874,1.0,0
CCC1(CC(=O)NC1=O)C,0,0.45754838,1.0,0
CCC1(C(=O)NCNC1=O)c2ccccc2,0,0.51797974,1.0,0
CCC1(C(=O)NC(=O)CS1)c2ccccc2,0,0.35739872,1.0,0
CCC1(C(=O)C(CNC1=O)C)CC,0,0.39851904,1.0,0
CCC(=O)OC(C(C)C)OP(=O)(CCCCc1ccccc1)CC(=O)N2C[C@@H](C[C@H]2C(=O)[O-])C3CCCCC3,0,0.12375839,1.0,0
CCC(=O)O[C@H]1CC[C@@H]2[C@@]1(CC[C@H]3[C@H]2CC[C@@H]4[C@@]3(C[C@H](C(=O)C4)C)C)C,0,0.32626638,1.0,0
CCC(=O)NCC[C@@H]1CCc2c1c3c(cc2)OCC3,0,0.42421696,1.0,0
CCC(=O)N(c1ccccc1)C2CC[NH+](CC2)CCc3ccccc3,0,0.20195535,1.0,0
CCC(=O)N(c1ccccc1)C2(CC[NH+](CC2)CCn3c(=O)n(nn3)CC)COC,0,0.14156948,1.0,0
CCC(=O)N(c1ccccc1)C2(CC[NH+](CC2)CCc3cccs3)COC,0,0.13726272,1.0,0
CCC(=O)N(c1ccccc1)C2(CC[NH+](CC2)CCC(=O)OC)C(=O)OC,0,0.20085408,1.0,0
CCC(C)n1c(=O)n(cn1)c2ccc(cc2)N3CCN(CC3)c4ccc(cc4)OC[C@H]5CO[C@](O5)(Cn6cncn6)c7ccc(cc7Cl)Cl,0,0.4695844,1.0,0
CCC(C)CCCCC(=O)NC(CC[NH3+])C(=O)NC(C(C)O)C(=O)NC(CC[NH3+])C(=O)NC1CCNC(=O)C(NC(=O)C(NC(=O)C(NC(=O)C(NC(=O)C(NC(=O)C(NC1=O)CC[NH3+])Cc2ccccc2)CC(C)C)CC[NH3+])CC[NH3+])C(C)O,0,0.11352973,1.0,0
CCC(C)CCCC(=O)N[C@@H](CC[NH3+])C(=O)N[C@@H]([C@@H](C)O)C(=O)N[C@@H](CC[NH3+])C(=O)N[C@H]1CCNC(=O)[C@@H](NC(=O)[C@@H](NC(=O)[C@@H](NC(=O)[C@@H](NC(=O)[C@H](NC(=O)[C@@H](NC1=O)CC[NH3+])CC(C)C)CC(C)C)CC[NH3+])CC[NH3+])[C@@H](C)O,0,0.13531592,1.0,0
CCC(C)C1C(=O)NC(C(=O)NC(C(=O)NC(C(=O)NC(C(=O)NCCCCC(C(=O)NC(C(=O)N1)CCC[NH3+])NC(=O)C(C(C)CC)NC(=O)C(CCC(=O)[O-])NC(=O)C(CC(C)C)NC(=O)C2CSC(=N2)C(C(C)CC)[NH3+])CC(=O)N)CC(=O)[O-])CC3C=NC=[NH+]3)Cc4ccccc4,0,0.051579528,1.0,0
CCC(C)(C)C1C(=O)N2CCCC2C3(N1C(=O)C(O3)(C(C)C)NC(=O)C4CC5c6cccc7c6c(c[nH]7)CC5[NH+](C4)C)O,0,0.3187539,1.0,0
CC\1=C(c2cc(ccc2/C1=C\c3ccc(cc3)S(=O)C)F)CC(=O)[O-],0,0.27599585,1.0,0
CC[NH2+][C@H]1CN(S(=O)(=O)c2c1cc(s2)S(=O)(=O)N)CCCOC,0,0.30254173,1.0,0
CC[NH2+][C@H]1C[C@@H](S(=O)(=O)c2c1cc(s2)S(=O)(=O)N)C,0,0.29117647,1.0,0
CC[NH2+][C@@H]1C[C@@H]([C@H]([C@@H]([C@H]1O[C@@H]2[C@@H]([C@H]([C@@](CO2)(C)O)[NH2+]C)O)O)O[C@@H]3[C@@H](CC=C(O3)C[NH3+])[NH3+])[NH3+],0,0.25449342,1.0,0
CC[NH+](CC)CCOC(=O)C1(CCCCC1)C2CCCCC2,0,0.24744934,1.0,0
CC[NH+](CC)Cc1cc(ccc1O)Nc2ccnc3c2ccc(c3)Cl,0,0.3260331,1.0,0
CC[N+](CC)(CCNC(=O)C(=O)NCC[N+](CC)(CC)Cc1ccccc1Cl)Cc2ccccc2Cl,0,0.34755555,1.0,0
CC[C@H]1CCC[C@@H]([C@H](C(=O)C2=C[C@H]3[C@@H]4C[C@@H](C[C@H]4C(=C[C@H]3[C@@H]2CC(=O)O1)C)O[C@H]5[C@@H]([C@@H]([C@H]([C@@H](O5)C)OC)OC)OC)C)O[C@H]6CC[C@@H]([C@H](O6)C)[NH+](C)C,0,0.11319111,1.0,0
CC[C@H]1C(=O)N(CC(=O)N([C@H](C(=O)N[C@H](C(=O)N([C@H](C(=O)N[C@H](C(=O)N[C@@H](C(=O)N([C@H](C(=O)N([C@H](C(=O)N([C@H](C(=O)N([C@H](C(=O)N1)[C@@H]([C@H](C)C/C=C/C)O)C)C(C)C)C)CC(C)C)C)CC(C)C)C)C)C)CC(C)C)C)C(C)C)CC(C)C)C)C,1,0.5675571,1.0,1
CC[C@H]1[C@H](COC1=O)Cc2cncn2C,0,0.5548833,1.0,1
CC[C@H](C)C(=O)O[C@H]1C[C@@H](C=C2[C@H]1[C@H]([C@H](C=C2)C)CC[C@H](C[C@H](CC(=O)[O-])O)O)O,0,0.36320004,1.0,0
CC[C@H](C)[C@@H]1[C@H](CC[C@@]2(O1)C[C@@H]3C[C@H](O2)C/C=C(/[C@H]([C@H](/C=C/C=C/4\CO[C@H]5[C@@]4([C@@H](C=C([C@H]5O)C)C(=O)O3)O)C)O[C@H]6C[C@@H]([C@H]([C@@H](O6)C)O[C@H]7C[C@@H]([C@H]([C@@H](O7)C)O)OC)OC)\C)C,0,0.22092998,1.0,0
CC[C@]12CC(=C)[C@H]3[C@H]([C@@H]1CC[C@]2(C#C)O)CCC4=CC(=O)CC[C@H]34,0,0.22912608,1.0,0
CC[C@@H]1C(=O)N2CCC[C@H]2C(=O)N([C@H](C(=O)N3CC(C(=O)CC3C(=O)N[C@H](C(=O)O[C@@H]([C@@H](C(=O)N1)NC(=O)c4c(cccn4)O)C)c5ccccc5)CS[C@@H]6C[NH+]7CCC6CC7)Cc8ccc(cc8)N(C)C)C,0,0.1903676,1.0,0
CC[C@@H]1[C@@]([C@@H]([C@H]([NH+](C[C@@H](C[C@@]([C@@H](C([C@@H]([C@H](C(=O)O1)C)O[C@H]2C[C@@]([C@H]([C@@H](O2)C)O)(C)OC)C)O[C@H]3[C@@H]([C@H](C[C@H](O3)C)[NH+](C)C)O)(C)O)C)C)C)O)(C)O,0,0.12378842,1.0,0
CC[C@@H](C)C(=O)O[C@H]1[C@@H]([C@H]2[C@@H](C[NH+]3C[C@H](CC[C@H]3[C@@]2(C)O)C)[C@H]4[C@@]1([C@@H]5[C@@H]([C@@H]([C@H]6[C@]7([C@]5(C4)O[C@@]6([C@H](CC7)OC(=O)[C@](C)(CC)O)O)C)OC(=O)C)OC(=O)C)O)O,0,0.22150517,1.0,0
CC[C@@H]([C@H](C)O)n1c(=O)n(cn1)c2ccc(cc2)N3CCN(CC3)c4ccc(cc4)OC[C@H]5C[C@](OC5)(Cn6cncn6)c7ccc(cc7F)F,0,0.4975662,1.0,0
CC[C@@]1(c2cc-3n(c(=O)c2COC1=O)Cc4c3nc5ccc(c(c5c4)C[NH+](C)C)O)O,0,0.5212909,1.0,0
CC1=NS(=O)(=O)c2cc(ccc2N1)Cl,0,0.46124107,1.0,0
Cc1nnc(s1)SCC2=C(N3[C@@H]([C@@H](C3=O)NC(=O)Cn4cnnn4)SC2)C(=O)[O-],0,0.1366474,1.0,0
Cc1nnc(s1)[N-]S(=O)(=O)c2ccc(cc2)N,0,0.33059743,1.0,0
Cc1nnc(o1)C(=O)NC(C)(C)c2nc(c(c(=O)n2C)[O-])C(=O)NCc3ccc(cc3)F,0,0.5122652,1.0,0
Cc1nccn1CC2CCc3c(c4ccccc4n3C)C2=O,0,0.36572033,1.0,0
Cc1nc(cs1)/C=C(\C)/[C@@H]2C[C@H]3[C@](O3)(CCC[C@@H]([C@@H]([C@H](C(=O)C([C@H](CC(=O)N2)O)(C)C)C)O)C)C,0,0.37873173,1.0,0
Cc1cnc(s1)NC(=O)C2=C(c3ccccc3S(=O)(=O)N2C)O,0,0.5954139,1.0,1
Cc1cnc(cn1)C(=O)NCCc2ccc(cc2)S(=O)(=O)[N-]C(=O)NC3CCCCC3,0,0.3910073,1.0,0
Cc1cn(c(=O)[nH]c1=O)[C@H]2C=C[C@H](O2)CO,0,0.4746415,1.0,0
Cc1ccsc1C(=CCC[NH+]2CCC[C@H](C2)C(=O)[O-])c3c(ccs3)C,0,0.1936308,1.0,0
Cc1ccnc2c1NC(=O)c3cccnc3N2C4CC4,0,0.542504,1.0,1
Cc1ccn2c(c1)nc3c2c4c(c5c3c6c(c(c5O)C)O[C@@](C6=O)(O/C=C/[C@@H]([C@H]([C@H]([C@@H]([C@@H]([C@@H]([C@H]([C@H](/C=C/C=C(\C(=O)N4)/C)C)O)C)O)C)OC(=O)C)C)OC)C)O,0,0.23561154,1.0,0
Cc1cccn2c1ncc(c2=O)c3[n-]nnn3,0,0.538367,1.0,1
Cc1ccccc1S(=O)(=O)[N-]C(=O)c2ccc(c(c2)OC)Cc3cn(c4c3cc(cc4)NC(=O)OC5CCCC5)C,0,0.43960178,1.0,0
Cc1ccccc1N2CC[NH+](CC2)CCc3nnc4n3CCCC4,0,0.31595433,1.0,0
Cc1ccccc1N2C(Nc3cc(c(cc3C2=O)S(=O)(=O)N)Cl)C,0,0.34491292,1.0,0
Cc1ccccc1C(=O)Nc2ccc(c(c2)C)C(=O)N3CCCC(c4c3ccc(c4)Cl)O,0,0.45411724,1.0,0
Cc1cccc(c1OCC(=O)N[C@@H](Cc2ccccc2)[C@H](C[C@H](Cc3ccccc3)NC(=O)[C@H](C(C)C)N4CCCNC4=O)O)C,0,0.42308477,1.0,0
Cc1cccc(c1NC(=O)C[NH+]2CCN(CC2)CC(COc3ccccc3OC)O)C,0,0.29902577,1.0,0
Cc1cccc(c1NC(=O)c2cnc(s2)Nc3cc(nc(n3)C)N4CC[NH+](CC4)CCO)Cl,0,0.5671392,1.0,1
Cc1cccc(c1)Nc2ccncc2S(=O)(=O)[N-]C(=O)NC(C)C,0,0.5140878,1.0,0
Cc1ccc(cc1S(=O)(=O)N)Nc2nccc(n2)N(C)c3ccc4c(n(nc4c3)C)C,0,0.684245,1.0,1
Cc1ccc(cc1Nc2nccc(n2)c3cccnc3)NC(=O)c4ccc(cc4)CN5CC[NH+](CC5)C,0,0.86847043,1.0,1
Cc1ccc(cc1C)n2c(=O)c(c([nH]2)C)N/N=C/3\C=CC=C(C3=O)c4cccc(c4)C(=O)[O-],0,0.34432125,1.0,0
CC1=CC=C(C=C1)S(=O)(=O)O.CNC(=O)C1=NC=CC(=C1)OC2=CC=C(C=C2)NC(=O)NC3=CC(=C(C=C3)Cl)C(F)(F)F,1,0.80453694,1.0,1
Cc1ccc(cc1)S(=O)(=O)[N-]C(=O)N[NH+]2CCCCCC2,0,0.2985487,1.0,0
Cc1ccc(cc1)N(CC2=[NH+]CCN2)c3cccc(c3)O,0,0.2582457,1.0,0
CC1=CC=C(C=C1)C2=CC(=NN2C3=CC=C(C=C3)S(=O)(=O)N)C(F)(F)F,1,0.65055573,1.0,1
Cc1ccc(cc1)c2c(n3cc(ccc3n2)C)CC(=O)N(C)C,0,0.4519656,1.0,0
Cc1ccc(cc1)C(=O)c2ccc(n2C)CC(=O)[O-],0,0.32464397,1.0,0
Cc1ccc(c2c1oc-3c(c(=O)c(c(c3n2)C(=O)NC4C(OC(=O)C(N(C(=O)CN(C(=O)C5CCCN5C(=O)C(NC4=O)C(C)C)C)C)C(C)C)C)N)C)C(=O)NC6C(OC(=O)C(N(C(=O)CN(C(=O)C7CCCN7C(=O)C(NC6=O)C(C)C)C)C)C(C)C)C,0,0.51617414,1.0,0
C=C1CC[C@]2([C@H]3Cc4ccc(c5c4[C@]2([C@H]1O5)CC[NH+]3CC6CC6)O)O,0,0.19087645,1.0,0
CC1Cc2ccccc2N1NC(=O)c3ccc(c(c3)S(=O)(=O)N)Cl,0,0.4405976,1.0,0
Cc1cc2c(s1)Nc3ccccc3[NH+]=C2N4CC[NH+](CC4)C,0,0.36408693,1.0,0
Cc1cc2=C(Nc3ccccc3N=c2s1)N4CC[NH+](CC4)C,0,0.36710015,1.0,0
Cc1cc2c(cc1C)N3C=N2[Co]456(N7=C8[C@H](C(C7=CC9=N4C(=C(C1=N5[C@@]([C@@H]2N6C(=C8C)[C@@]([C@H]2CC(=O)N)(CCC(=O)NC[C@H](OP(=O)(O[C@@H]2[C@H](O[C@H]3[C@@H]2O)CO)O)C)C)([C@@]([C@@H]1CCC(=O)N)(C)CC(=O)N)C)C)[C@@]([C@@H]9CCC(=O)N)(C)CC(=O)N)(C)C)CCC(=O)N)C#N,0,0.08748023,1.0,0
Cc1cc2c(cc1C)N3C=N2[Co+]456(N7=C8[C@H](C(C7=CC9=N4C(=C(C1=N5[C@@]([C@@H]2N6C(=C8C)[C@@]([C@H]2CC(=O)N)(CCC(=O)NC[C@H](OP(=O)(O[C@@H]2[C@H](O[C@H]3[C@@H]2O)CO)[O-])C)C)([C@@]([C@@H]1CCC(=O)N)(C)CC(=O)N)C)C)[C@@]([C@@H]9CCC(=O)N)(C)CC(=O)N)(C)C)CCC(=O)N)O,0,0.115983695,1.0,0
Cc1cc2c(cc1C)n(cn2)[C@@H]3[C@@H]([C@@H]([C@H](O3)CO)OP(=O)([O-])O[C@@H](C)CNC(=O)CC[C@@]4([C@H](C5[C@]6([C@@]([C@@H](C(=N6)/C(=C\7/[C@@]([C@@H](/C(=C/C8=N/C(=C(\C4=N5)/C)/[C@H](C8(C)C)CCC(=O)N)/N7)CCC(=O)N)(C)CC(=O)N)/C)CCC(=O)N)(C)CC(=O)N)C)CC(=O)N)C)O,0,0.24432395,1.0,0
Cc1cc2c(cc1C(=C)c3ccc(cc3)C(=O)[O-])C(CCC2(C)C)(C)C,0,0.2725639,1.0,0
Cc1cc(no1)C(=O)NNCc2ccccc2,0,0.44054312,1.0,0
Cc1cc(nc(n1)O[C@H](C(=O)[O-])C(c2ccccc2)(c3ccccc3)OC)C,0,0.29134935,1.0,0
Cc1cc(n(c(=O)c1)[O-])C2CCCCC2,0,0.39859465,1.0,0
Cc1cc(cc(c1Oc2c(c(nc(n2)Nc3ccc(cc3)C#N)N)Br)C)C#N,0,0.53257054,1.0,1
Cc1cc(cc(c1Nc2ccnc(n2)Nc3ccc(cc3)C#N)C)/C=C/C#N,0,0.65417105,1.0,1
Cc1cc(cc(c1)OCC2CNC(=O)O2)C,0,0.43934757,1.0,0
Cc1cc(c(n1c2ccccc2)C)/C=C/c3ccc4cc(ccc4[n+]3C)N(C)C,0,0.36045867,1.0,0
Cc1cc(c(cn1)C(=O)N[C@H](c2ccc(cc2)O)C(=O)N[C@H]3[C@@H]4N(C3=O)C(=C(CS4)CSc5nnnn5C)C(=O)[O-])O,0,0.08717473,1.0,0
Cc1c2cc3nc(cc4[nH]c(cc5nc(cc(c1CCC(=O)[O-])[nH]2)C(=C5C)CCC(=O)OC)[C@]6(C4=CC=C([C@H]6C(=O)OC)C(=O)OC)C)C(=C3C=C)C,0,0.22886632,1.0,0
Cc1c2cc3c(c(c([nH]3)cc4nc(cc5nc(cc(c1C(C)O)[nH]2)C(=C5CCC(=O)[O-])C)C(=C4C)CCC(=O)[O-])C)C(C)OC(C)c6c(c7cc8c(c(c([nH]8)cc9nc(cc1nc(cc6[nH]7)C(=C1CCC(=O)[O-])C)C(=C9C)CCC(=O)[O-])C)C(C)O)C,0,0.29913938,1.0,0
Cc1c2c(c(c(c1OC)C/C=C(\C)/CCC(=O)OCC[NH+]3CCOCC3)[O-])C(=O)OC2,0,0.28065413,1.0,0
Cc1c2c(c(c(c1OC)C/C=C(\C)/CCC(=O)[O-])[O-])C(=O)OC2,0,0.34432548,1.0,0
CC1=C2[C@H](C(=O)[C@@]3([C@H](C[C@@H]4[C@]([C@H]3[C@@H]([C@@](C2(C)C)(C[C@@H]1OC(=O)[C@@H]([C@H](C5=CC=CC=C5)NC(=O)C6=CC=CC=C6)O)O)OC(=O)C7=CC=CC=C7)(CO4)OC(=O)C)O)C)OC(=O)C,1,0.8994988,1.0,1
Cc1c(sc[n+]1Cc2cnc(nc2N)C)CCO,0,0.36009192,1.0,0
Cc1c(sc(n1)c2ccc(c(c2)C#N)OCC(C)C)C(=O)[O-],0,0.32685465,1.0,0
CC1C(OCC[NH2+]1)c2ccccc2,0,0.27100256,1.0,0
Cc1c(=O)c2cccc(c2oc1c3ccccc3)C(=O)OCC[NH+]4CCCCC4,0,0.37581974,1.0,0
Cc1c(noc1N(C(=O)C)S(=O)(=O)c2ccc(cc2)N)C,0,0.41752267,1.0,0
Cc1c(noc1[N-]S(=O)(=O)c2ccc(cc2)N)C,0,0.40442047,1.0,0
Cc1c(nc[nH]1)CN2CCc3c(c4ccccc4n3C)C2=O,0,0.44597507,1.0,0
Cc1c(nc(nc1N)[C@H](CC(=O)N)[NH2+]C[C@@H](C(=O)N)N)C(=O)N[C@@H]([C@H](c2c[nH]cn2)O[C@H]3[C@H]([C@H]([C@@H]([C@@H](O3)CO)O)O)O[C@@H]4[C@H]([C@H]([C@@H]([C@H](O4)CO)O)OC(=O)N)O)C(=O)N[C@H](C)[C@H]([C@H](C)C(=O)N[C@@H]([C@@H](C)O)C(=O)NCCc5nc(cs5)c6nc(cs6)C(=O)NCCC[S+](C)C)O,0,0.20401062,1.0,0
CC1=C(N2[C@@H]([C@@H](C2=O)NC(=O)[C@@H](C3=CCC=CC3)[NH3+])SC1)C(=O)[O-],0,0.1364751,1.0,0
Cc1c(cno1)C(=O)Nc2ccc(cc2)C(F)(F)F,0,0.6606088,1.0,1
Cc1c(cccc1O)C(=O)N[C@@H](CSc2ccccc2)[C@@H](C[NH+]3C[C@H]4CCCC[C@H]4C[C@H]3C(=O)NC(C)(C)C)O,0,0.15286945,1.0,0
Cc1c(ccc2c1oc(=O)c(c2[O-])NC(=O)c3ccc(c(c3)CC=C(C)C)O)O[C@H]4[C@@H]([C@@H]([C@H](C(O4)(C)C)OC)OC(=O)N)O,0,0.24575932,1.0,0
Cc1c(ccc2c1c(nc(n2)N)N)CNc3cc(c(c(c3)OC)OC)OC,0,0.42497,1.0,0
Cc1c(ccc(c1)c2cc(c(cc2)N/N=C\3/C(=O)c4c(cc(cc4C=C3S(=O)(=O)[O-])S(=O)(=O)[O-])N)C)N/N=C\5/C(=O)c6c(cc(cc6C=C5S(=O)(=O)[O-])S(=O)(=O)[O-])N,0,0.3899059,1.0,0
Cc1c(cc2cc3c(c(c2c1O)[O-])C(=O)[C@H]([C@@H](C3)[C@@H](C(=O)[C@H]([C@@H](C)O)O)OC)O[C@H]4C[C@H]([C@@H]([C@H](O4)C)O)O[C@H]5C[C@H]([C@H]([C@H](O5)C)O)O[C@H]6C[C@]([C@@H]([C@H](O6)C)O)(C)O)O[C@H]7C[C@H]([C@@H]([C@H](O7)C)O)O[C@H]8C[C@H]([C@@H]([C@H](O8)C)O)O,0,0.24893714,1.0,0
CC1=C(C=C(C=C1)C(=O)NC2=CC(=C(C=C2)CN3CCN(CC3)C)C(F)(F)F)C#CC4=CN=C5N4N=CC=C5,1,0.8677435,1.0,1
CC1=C(C2=CC=CC=C2N1)CCNCC3=CC=C(C=C3)/C=C/C(=O)NO,1,0.65248275,1.0,1
Cc1c(c2cc(ccc2n1C(=O)c3ccc(cc3)Cl)OC)CC(=O)[O-],0,0.30224997,1.0,0
Cc1c(c2c3c4c1O[C@@](C4=O)(O/C=C/[C@@H]([C@H]([C@H]([C@@H]([C@@H]([C@@H]([C@H]([C@H](/C=C/C=C(\C(=O)NC(=C5C3=NC6([NH2+]5)CC[NH+](CC6)CC(C)C)C2=O)/C)C)O)C)O)C)OC(=O)C)C)OC)C)[O-],0,0.10744507,1.0,0
Cc1c(c2c3c4c1O[C@@](C4=O)(O/C=C/[C@@H]([C@H]([C@H]([C@@H]([C@@H]([C@@H]([C@H]([C@H](/C=C/C=C(\C(=O)Nc(c2O)c(c3O)/C=N/N5CC[NH+](CC5)C6CCCC6)/C)C)O)C)O)C)OC(=O)C)C)OC)C)O,0,0.16468403,1.0,0
Cc1c(c2c3c4c1O[C@@](C4=O)(O/C=C/[C@@H]([C@H]([C@H]([C@@H]([C@@H]([C@@H]([C@H]([C@H](/C=C/C=C(\C(=O)Nc(c2O)c(c3O)/C=N/N5CC[NH+](CC5)C)/C)C)O)C)O)C)OC(=O)C)C)OC)C)O,0,0.18044925,1.0,0
Cc1c(c2c(c(c1O)C)CCC(O2)(C)COc3ccc(cc3)CC4C(=O)[N-]C(=O)S4)C,0,0.5398738,1.0,1
CC1=C(C(=O)N2CCCCC2=N1)CCN3CCC(CC3)C4=NOC5=C4C=CC(=C5)F,1,0.6964984,1.0,1
CC1=C(C(=O)C[C@@H]1OC(=O)[C@@H]2[C@H](C2(C)C)C=C(C)C)C/C=C/C=C,0,0.49670675,1.0,0
CC1=C(C(=O)C2=C(C1=O)N3C[C@H]4[C@@H]([C@@]3([C@@H]2COC(=O)N)OC)N4)N,1,0.6671554,1.0,1
CC1=C(C(=O)C2=C(C1=O)[NH+]3C[C@H]4[C@@H]([C@@]3([C@@H]2COC(=O)N)OC)N4)[NH3+],0,0.4276671,1.0,0
Cc1c(c(no1)c2ccccc2)c3ccc(cc3)S(=O)(=O)N,0,0.55432504,1.0,1
CC1=C(C(=CC=C1)Cl)NC(=O)C2=CN=C(S2)NC3=NC(=NC(=C3)N4CCN(CC4)CCO)C,1,0.8336215,1.0,1
CC1=C(C(=CC=C1)C)N(CC(=O)NC2=CC=C(C=C2)C3=NOC=N3)C(=O)C4CCS(=O)(=O)CC4,1,0.8193291,1.0,1
CC1=C(C(CCC1)(C)C)/C=C/C(=C/C=C/C(=C/C=C/C=C(/C=C/C=C(/C=C/C2=C(CCCC2(C)C)C)\C)\C)/C)/C,0,0.3087611,1.0,0
Cc1c(c(c(cn1)COP(=O)([O-])[O-])C[NH+](CCN(Cc2c(cnc(c2O)C)COP(=O)([O-])[O-])CC(=O)[O-])CC(=O)[O-])O,0,0.19276364,1.0,0
CC1=C(C(=C(C2=C1COC2=O)O)C/C=C(\C)/CCC(=O)OCCN3CCOCC3)OC,1,0.66853136,1.0,1
CC1=C(C(C(=C(N1)C)C(=O)OCC[NH+](C)Cc2ccccc2)c3cccc(c3)[N+](=O)[O-])C(=O)OC,0,0.21670102,1.0,0
CC1=C(C(C(=C(N1)C)C(=O)OC(C)C)c2cccc3c2non3)C(=O)OC,0,0.3344546,1.0,0
Cc1[nH]c2c(n1)-c3ccccc3N(CC2)C(=O)c4ccc(cc4)NC(=O)c5ccccc5c6ccccc6,0,0.60837716,1.0,1
Cc1[nH+]cc2n1-c3ccc(cc3C(=NC2)c4ccccc4F)Cl,0,0.33583096,1.0,0
C=C1[C@H](C[C@@H]([C@H]1CO)O)n2cnc3c2nc([nH]c3=O)N,0,0.6133557,1.0,1
CC1(O[C@@H]2CO[C@@]3([C@H]([C@@H]2O1)OC(O3)(C)C)COS(=O)(=O)N)C,0,0.41487515,1.0,0
CC1(CC(C1)C2=NC(=C3N2C=CN=C3N)C4=CC5=C(C=C4)C=CC(=N5)C6=CC=CC=C6)O,1,0.7891649,1.0,1
CC1(C[C@@H]1C(=O)N/C(=C\CCCCSC[C@@H](C(=O)[O-])[NH3+])/C(=O)[O-])C,0,0.21550639,1.0,0
CC1(C2CCC(C2)C1(C)[NH2+]C)C,0,0.4205485,1.0,0
CC1(C2(C(=O)/C(=C\c3ccc(cc3)/C=C/4\C(=O)C5(C(C4CC5)(C)C)CS(=O)(=O)[O-])/C1CC2)CS(=O)(=O)[O-])C,0,0.43353933,1.0,0
CC1(C(=O)N(C(=O)N1)c2ccc(c(c2)C(F)(F)F)[N+](=O)[O-])C,0,0.41828072,1.0,0
CC1(C(C1C(=O)OCc2cccc(c2)Oc3ccccc3)C=C(Cl)Cl)C,0,0.45456836,1.0,0
CC1(C(=C)N(C2=CC=CC=C21)CCCCCC(=O)O)C,1,0.56972414,1.0,1
CC1(C([NH2+]C(S1)C(C(=O)NCCCCCC(=O)[O-])NC(=O)Cc2ccccc2)C(=O)[O-])C,0,0.16972382,1.0,0
CC1([C@@H]2[C@H]1[C@H](N(C2)C(=O)[C@H](C(C)(C)C)NC(=O)NC(C)(C)C)C(=O)NC(CC3CCC3)C(=O)C(=O)N)C,0,0.30162343,1.0,0
CC1([C@@H](N2[C@H](S1)[C@@H](C2=O)NC(=O)COc3ccccc3)C(=O)[O-])C,0,0.37242645,1.0,0
CC1([C@@H](N2[C@H](S1)[C@@H](C2=O)NC(=O)c3c(cccc3OC)OC)C(=O)[O-])C,0,0.33561438,1.0,0
CC1([C@@H](N2[C@H](S1)[C@@H](C2=O)NC(=O)C3(CCCCC3)[NH3+])C(=O)[O-])C,0,0.25364432,1.0,0
CC1([C@@H](N2[C@H](S1)[C@@H](C2=O)NC(=O)[C@@H](c3ccsc3)C(=O)[O-])C(=O)[O-])C,0,0.19637273,1.0,0
CC1([C@@H](N2[C@H](S1)[C@@H](C2=O)NC(=O)[C@@H](c3ccccc3)NC(=O)N4CCNC4=O)C(=O)[O-])C,0,0.22193329,1.0,0
CC1([C@@H](N2[C@H](S1)[C@@H](C2=O)N3C(=O)[C@H]([NH2+]C3(C)C)c4ccccc4)C(=O)[O-])C,0,0.21986754,1.0,0
CC1([C@@H](N2[C@H](S1)[C@@H](C2=O)/[NH+]=C/N3CCCCCC3)C(=O)[O-])C,0,0.32426947,1.0,0
CC1([C@@H](N2[C@H](S1(=O)=O)CC2=O)C(=O)[O-])C,0,0.3494466,1.0,0
CC(=O)S[C@@H]1CC2=CC(=O)CC[C@@]2([C@@H]3[C@@H]1[C@@H]4CC[C@]5([C@]4(CC3)C)CCC(=O)O5)C,0,0.34430775,1.0,0
CC(=O)OCC1=C(N2[C@@H]([C@@H](C2=O)NC(=O)CSc3ccncc3)SC1)C(=O)[O-],0,0.23093177,1.0,0
CC(=O)OCC(=O)[C@]1(CC[C@@H]2[C@@]1(CC(=O)[C@H]3[C@H]2CCC4=CC(=O)CC[C@]34C)C)O,0,0.50459,1.0,0
CC(=O)OCC(=O)[C@@]12[C@@H](C[C@@H]3[C@@]1(C[C@@H]([C@]4([C@H]3CCC5=CC(=O)C=C[C@@]54C)F)O)C)OC6(O2)CCCC6,0,0.3892787,1.0,0
CC(=O)Oc1ccccc1C(=O)Nc2ncc(s2)[N+](=O)[O-],0,0.46632156,1.0,0
CC(=O)Oc1ccc(cc1)C(c2ccc(cc2)OC(=O)C)c3ccccn3,0,0.4048153,1.0,0
CC(=O)Oc1cc2c(s1)CC[NH+](C2)C(c3ccccc3F)C(=O)C4CC4,0,0.18568651,1.0,0
CC(=O)O[C@H]1C[C@@H]2CC[C@@H]3[C@@H]([C@]2(C[C@@H]1N4CC[N+](CC4)(C)C)C)CC[C@]5([C@H]3C[C@@H]([C@@H]5OC(=O)C)N6CC[N+](CC6)(C)C)C,0,0.24292521,1.0,0
CC(=O)O[C@H]1[C@H](C[C@@H]2[C@@]1(CC[C@H]3[C@H]2CC[C@@H]4[C@@]3(C[C@@H]([C@H](C4)O)[NH+]5CCOCC5)C)C)[N+]6(CCCC6)CC=C,0,0.19290842,1.0,0
CC(=O)O[C@@H]1[C@@H](Sc2ccccc2N(C1=O)CC[NH+](C)C)c3ccc(cc3)OC,0,0.22504029,1.0,0
CC(=O)NC[C@H]1CN(C(=O)O1)c2ccc(c(c2)F)N3CCOCC3,0,0.4673269,1.0,0
CC(=O)Nc1nnc(s1)S(=O)(=O)N,0,0.41927144,1.0,0
CC(=O)Nc1c(c(c(c(c1I)N(C)C(=O)C)I)C(=O)N[C@@H]2[C@H]([C@@H]([C@H](OC2O)CO)O)O)I,0,0.312422,1.0,0
CC(=O)N[C@H]1CCc2cc(c(c(c2-c3c1cc(=O)c(cc3)OC)OC)OC)OC,0,0.42105508,1.0,0
CC(=O)N[C@@H]1[C@H](C=C(O[C@H]1[C@@H]([C@@H](CO)O)O)C(=O)[O-])[NH+]=C(N)N,0,0.25614035,1.0,0
CC(=O)N[C@@H]1[C@H]([C@H]([C@H](O[C@H]1O)OS(=O)(=O)[O-])O)O[C@H]2[C@@H]([C@H]([C@@H]([C@H](O2)C(=O)[O-])O)O)O,0,0.28182843,1.0,0
CC(=O)N(CC(CN(c1c(c(c(c(c1I)C(=O)NCC(CO)O)I)C(=O)NCC(CO)O)I)C(=O)C)O)c2c(c(c(c(c2I)C(=O)NCC(CO)O)I)C(=O)NCC(CO)O)I,0,0.25447756,1.0,0
CC(=O)N(C)c1c(c(c(c(c1I)C(=O)NCC(=O)Nc2c(c(c(c(c2I)C(=O)[O-])I)C(=O)NCCO)I)I)C(=O)NC)I,0,0.23648903,1.0,0
CC(=O)c1ccc2c(c1)N(c3ccccc3S2)CCC[NH+]4CCC(CC4)CCO,0,0.13364571,1.0,0
CC(=O)c1ccc(cc1)S(=O)(=O)[N-]C(=O)NC2CCCCC2,0,0.3724647,1.0,0
CC(=O)c1ccc(c(c1)OC)OCCC[NH+]2CCC(CC2)c3c4ccc(cc4on3)F,0,0.39720047,1.0,0
CC(=O)/N=c\1/n(nc(s1)S(=O)(=O)N)C,0,0.4963704,1.0,0
CC(CS(=O)(=O)c1ccc(cc1)F)(C(=O)Nc2ccc(c(c2)C(F)(F)F)C#N)O,0,0.5509736,1.0,1
CC(COc1ccccc1)[NH+](CCCl)Cc2ccccc2,0,0.37308443,1.0,0
CC(Cc1ccccc1)[NH+](C)Cc2ccccc2,0,0.3416561,1.0,0
CC(Cc1ccc2c(c1)OCO2)[NH2+]CC(c3ccc(c(c3)O)O)O,0,0.2528391,1.0,0
CC(C[NH2+]C1CCCCC1)OC(=O)c2ccccc2,0,0.36648756,1.0,0
CC(c1ccc(cc1)C(=O)c2cccs2)C(=O)[O-],0,0.2538698,1.0,0
CC(c1cc2ccccc2s1)N(C(=O)N)O,0,0.36329827,1.0,0
CC(C1C(=O)NC(CSSCC(C(=O)NC(C(=O)NC(C(=O)NC(C(=O)N1)CCCC[NH3+])Cc2c[nH]c3c2cccc3)Cc4ccccc4)NC(=O)C(Cc5ccccc5)[NH3+])C(=O)NC(CO)C(C)O)O,0,0.09752034,1.0,0
CC(C)OC(=O)CCC/C=C\C[C@H]1[C@H](C[C@H]([C@@H]1CC[C@H](CCc2ccccc2)O)O)O,0,0.20819335,1.0,0
