smiles,label,p_clinical_head,pred_label
B([C@H](CC(C)C)NC(=O)CNC(=O)C1=C(C=CC(=C1)Cl)Cl)(O)O,1,0.4441346,0
C(CO)N(c1c(c(c(c(c1I)C(=O)NCC(CO)O)I)C(=O)NCC(CO)O)I)C(=O)CO,0,0.44646782,0
c1c(c(cc(c1Cl)Cl)Cl)OCC#CI,0,0.44647774,0
c1c(cc(c(c1NC(=O)C(=O)[O-])Cl)NC(=O)C(=O)[O-])C#N,0,0.44777483,0
c1c(cc(c(c1S(=O)(=O)N)Cl)Cl)S(=O)(=O)N,0,0.44287336,0
c1cc(c(c(c1)Cl)CC(=O)[NH+]=C(N)N)Cl,0,0.44767943,0
c1cc(c(cc1[C@H](C[NH3+])O)O)O,0,0.4465964,0
c1cc(c(cc1C[C@@H](C(=O)[O-])[NH3+])O)O,0,0.44671923,0
c1cc(c(cc1CC[NH3+])O)O,0,0.45241663,0
c1cc(c(cc1N)C(=O)[O-])O,0,0.4555758,0
c1cc(c(cc1N)O)C(=O)[O-],0,0.45480424,0
c1cc(cc(c1)[131I])C[NH+]=C(N)N,0,0.44506517,0
c1cc(ccc1[C@H]([C@@H](CO)NC(=O)[C-](Cl)Cl)O)[N+](=O)[O-],0,0.44503415,0
c1cc(ccc1[C@H]([C@@H](COC(=O)CCC(=O)[O-])NC(=O)[C-](Cl)Cl)O)[N+](=O)[O-],0,0.44650275,0
c1cc(ccc1C(CC(=O)[O-])C[NH3+])Cl,0,0.4440648,0
c1cc(ccc1C(=O)NCC(=O)[O-])N,0,0.44786108,0
c1cc(ccc1C[C@@H](C(=O)[O-])[NH3+])N(CCCl)CCCl,0,0.45453268,0
c1cc(ccc1C[C@@H](C(=O)[O-])[NH3+])O,0,0.44644704,0
c1cc(ccc1C[NH3+])S(=O)(=O)N,0,0.4449303,0
c1cc(ccc1CCCC(=O)[O-])N(CCCl)CCCl,0,0.45130032,0
c1cc(ccc1N)S(=O)(=O)N,0,0.44552165,0
c1cc(ccc1O)O,0,0.46247336,0
c1cc(ccc1OCC(COC(=O)N)O)Cl,0,0.44506615,0
c1cc(ccc1SC(P(=O)([O-])[O-])P(=O)([O-])[O-])Cl,0,0.4440883,0
c1ccc(cc1)C(COC(=O)N)COC(=O)N,0,0.44596535,0
c1ccc(cc1)C(=O)[O-],0,0.44452342,0
c1ccc(cc1)C(=O)NCC(=O)[O-],0,0.44491962,0
c1ccc(cc1)CC(=O)[O-],0,0.4438089,0
c1ccc(cc1)CC(=O)NC(=O)N,0,0.44545418,0
c1ccc(cc1)CCCC(=O)[O-],0,0.44345328,0
c1ccc(cc1)CCNN,0,0.44433436,0
c1ccc(cc1)COCC(C(=O)[O-])N(CCN(CC[NH+](CC(=O)[O-])CC(=O)[O-])CC(=O)[O-])CC(=O)[O-],0,0.44493207,0
C1=CC=C(C=C1)NC(=O)CCCCCCC(=O)NO,1,0.45443287,0
C[C@@H]([C@@H](c1ccc(c(c1)O)O)O)[NH3+],0,0.44739798,0
C[C@@H]([C@@H](c1cccc(c1)O)O)[NH3+],0,0.44511792,0
C[C@@H]([C@H](c1ccccc1)O)[NH2+]C,0,0.44435424,0
C[C@@H](C(=O)Nc1c(c(c(c(c1I)C(=O)NC(CO)CO)I)C(=O)NC(CO)CO)I)O,0,0.44908664,0
C[C@@H](Cc1ccccc1)[NH3+],0,0.44381183,0
C[C@@H](Cc1ccccc1)NC(=O)[C@H](CCCC[NH3+])[NH3+],0,0.44520748,0
C[C@](Cc1ccc(c(c1)O)O)(C(=O)[O-])[NH3+],0,0.44464338,0
C[C@](Cc1ccc(cc1)O)(C(=O)[O-])[NH3+],0,0.44448373,0
C[C@H]([C@H](c1ccccc1)O)[NH3+],0,0.44392842,0
C[C@H](Cc1ccccc1)[NH+](C)CC#C,0,0.4443985,0
C[NH+](CC#C)Cc1ccccc1,0,0.4459308,0
C[NH2+]C[C@@H](c1ccc(c(c1)O)O)O,0,0.44639155,0
C[NH2+]C[C@@H](c1cccc(c1)O)O,0,0.44536754,0
CC(C(c1cc(ccc1OC)OC)O)[NH3+],0,0.444765,0
CC(C(=O)c1cccc(c1)Cl)[NH2+]C(C)(C)C,0,0.44496801,0
CC(C)(C)[NH2+]C[C@@H](c1ccc(c(c1)CO)O)O,0,0.44478917,0
CC(C)(C)[NH2+]CC(c1cc(cc(c1)O)O)O,0,0.445554,0
CC(C)(C)[NH2+]CC(c1ccc(c(c1)CO)O)O,0,0.44462672,0
CC(C)(C)C(=O)Oc1ccc(cc1OC(=O)C(C)(C)C)C(C[NH2+]C)O,0,0.44658777,0
CC(C)(C)CC(C)(C)c1ccc(cc1)O,0,0.44428778,0
CC(C)(Cc1ccc(cc1)Cl)[NH3+],0,0.44331056,0
CC(C)(Cc1ccccc1)[NH2+]C,0,0.44362444,0
CC(C)(Cc1ccccc1)[NH3+],0,0.4434797,0
CC(C)/[NH+]=C(\N)/[NH+]=C(\N)/Nc1ccc(cc1)Cl,0,0.4455715,0
CC(C)[C@@H](Cc1ccc(c(c1)OCCCOC)OC)C[C@@H]([C@H](C[C@@H](C(C)C)C(=O)NCC(C)(C)C(=O)N)O)[NH3+],0,0.44384986,0
CC(C)[NH2+]C(C)Cc1ccc(cc1)[123I],0,0.44386867,0
CC(C)[NH2+]CC(c1cc(cc(c1)O)O)O,0,0.4461342,0
CC(C)[NH2+]CC(c1ccc(c(c1)O)O)O,0,0.44559938,0
CC(C)[NH2+]CC(c1ccc(cc1)NS(=O)(=O)C)O,0,0.44504797,0
CC(C)[NH2+]CC(COc1ccc(cc1)CC(=O)N)O,0,0.4460099,0
CC(C)[NH2+]CC(COc1ccc(cc1)CCC(=O)OC)O,0,0.44538063,0
CC(C)[NH2+]CC(COc1ccc(cc1)CCOC)O,0,0.44468465,0
CC(C)[NH2+]CC(COc1ccc(cc1)COCCOC(C)C)O,0,0.4452312,0
CC(C)[NH2+]CC(COc1ccccc1OCC=C)O,0,0.44914722,0
CC(C)C(=O)Nc1ccc(c(c1)C(F)(F)F)[N+](=O)[O-],0,0.45135602,0
CC(C)c1cccc(c1NC(=O)C[NH+](CC(=O)[O-])CC(=O)[O-])C(C)C,0,0.44733816,0
CC(C)c1cccc(c1O)C(C)C,0,0.44089645,0
CC(C)c1cccc(c1OCOP(=O)([O-])[O-])C(C)C,0,0.44266295,0
CC(C)Cc1ccc(cc1)C(C)C(=O)[O-],0,0.44344714,0
CC(C)NC(=O)c1ccc(cc1)CNNC,0,0.44543934,0
CC(Cc1ccc(cc1)O)[NH3+],0,0.4464173,0
CC(Cc1ccccc1)[NH2+]C,0,0.44400576,0
CC(Cc1ccccc1)[NH3+],0,0.44384253,0
CC(CN(c1c(cc(c(c1I)N)I)I)C(=O)C)C(=O)[O-],0,0.45133248,0
CC(=O)[N-]S(=O)(=O)c1ccc(cc1)N,0,0.44575727,0
CC(=O)N(CC(CO)O)c1c(c(c(c(c1I)C(=O)NCC(CO)O)I)C(=O)NCC(CO)O)I,0,0.44674665,0
CC(=O)N(CC(CO)O)c1c(c(c(c(c1I)C(=O)NCC(CO)O)I)C(=O)NCCO)I,0,0.44685212,0
CC(=O)N[C@H](COC)C(=O)NCc1ccccc1,0,0.4449369,0
CC(=O)Nc1c(c(c(c(c1I)C(=O)[O-])I)C(=O)NC)I,0,0.44702804,0
CC(=O)Nc1c(c(c(c(c1I)N(C)C(=O)C)I)C(=O)[O-])I,0,0.44785142,0
CC(=O)Nc1c(c(c(c(c1I)NC(=O)C)I)C(=O)[O-])I,0,0.4476951,0
CC(=O)Nc1c(cc(c(c1I)C(=O)[O-])I)I,0,0.4485864,0
CC(=O)Nc1ccc(cc1)O,0,0.45611173,0
CC(=O)NCc1c(c(c(c(c1I)NC(=O)C)I)C(=O)[O-])I,0,0.44724643,0
CC(=O)Oc1ccccc1C(=O)[O-],0,0.44549796,0
CC(=O)OC1=CC=CC=C1C(=O)O,1,0.44555166,0
Cc1c(c(c(c(c1C(=O)[O-])I)NC(=O)C)I)C(=O)NC,0,0.44725254,0
Cc1cc(c(c(c1/C=C/C(=C/C=C/C(=C/C(=O)[O-])/C)/C)C)C)OC,0,0.44807512,0
Cc1cc(c(c(c1NC(=O)C[NH+](CC(=O)[O-])CC(=O)[O-])C)Br)C,0,0.447075,0
Cc1cc(c(c(c1OC(=O)C)C)C)OCC(C[NH2+]C(C)C)O,0,0.4455769,0
Cc1ccc(c(c1)OCCCC(C)(C)C(=O)[O-])C,0,0.44386038,0
Cc1cccc(c1NC(=O)C(C)[NH3+])C,0,0.4447585,0
Cc1cccc(c1NC(=O)C[NH+](CC(=O)[O-])CC(=O)[O-])C,0,0.44674283,0
Cc1cccc(c1OCC(C)[NH3+])C,0,0.44421887,0
CC[C@@H](c1cccc(c1)O)[C@@H](C)C[NH+](C)C,0,0.44264668,0
CC[N+](C)(C)c1cccc(c1)O,0,0.44387797,0
CC[N+](C)(C)Cc1ccccc1Br,0,0.44379717,0
CC[N+](CC)(CC)CCOc1cccc(c1OCC[N+](CC)(CC)CC)OCC[N+](CC)(CC)CC,0,0.44393772,0
CC[NH+](CC)C(C)C(=O)c1ccccc1,0,0.44552687,0
CC[NH+](CC)CC(=O)Nc1c(cccc1C)C,0,0.44456872,0
CC[NH+](CC)CCNC(=O)c1cc(c(cc1OC)N)Cl,0,0.44558442,0
CC[NH+](CC)CCNC(=O)c1ccc(cc1)N,0,0.44592685,0
CC[NH+](CC)CCOC(=O)c1ccc(cc1)N,0,0.44641584,0
CC[NH+](CC)CCOC(=O)c1ccc(cc1Cl)N,0,0.44618508,0
CCC(C(c1ccc(c(c1)O)O)O)[NH2+]C(C)C,0,0.44563007,0
CCC(=C)C(=O)c1ccc(c(c1Cl)Cl)OCC(=O)[O-],0,0.45519102,0
CCC(Cc1c(cc(c(c1I)N)I)I)C(=O)[O-],0,0.4513725,0
CCC[NH+](CC)C(CC)C(=O)Nc1c(cccc1C)C,0,0.44570285,0
CCC[NH2+]C(C)C(=O)Nc1ccccc1C,0,0.44481283,0
CCCC(=O)Nc1c(cc(c(c1I)CC(CC)C(=O)[O-])I)I,0,0.44951192,0
CCCC(=O)Nc1ccc(c(c1)C(=O)C)OCC(C[NH2+]C(C)C)O,0,0.44899616,0
CCCCC(CC)COC(=O)/C=C/c1ccc(cc1)OC,0,0.4442993,0
CCCCCCC[NH+](CC)CCCC(c1ccc(cc1)NS(=O)(=O)C)O,0,0.44621688,0
CCCCCCCCc1ccc(cc1)CCC(CO)(CO)[NH3+],0,0.44215164,0
CCCCCCCCCc1ccc(cc1)OCCOCCOCCOCCOCCOCCOCCOCCOCCO,0,0.4458882,0
CCCCNC(=O)[N-]S(=O)(=O)c1ccc(cc1)C,0,0.4456782,0
CCCCNc1ccc(cc1)C(=O)OCC[NH+](C)C,0,0.44626892,0
CCCCNc1ccc(cc1)C(=O)OCCOCCOCCOCCOCCOCCOCCOCCOCCOC,0,0.45190084,0
CCCCOc1cc(ccc1N)C(=O)OCC[NH+](CC)CC,0,0.4471566,0
CCCN(CCC)S(=O)(=O)c1ccc(cc1)C(=O)[O-],0,0.4455386,0
CCCNC(=O)[N-]S(=O)(=O)c1ccc(cc1)Cl,0,0.4448184,0
CCCOc1cc(ccc1C(=O)OCC[NH+](CC)CC)N,0,0.44719675,0
CCCOc1ccc(cc1N)C(=O)OCC[NH+](CC)CC,0,0.44645286,0
CCN(C)C(=O)Oc1cccc(c1)[C@H](C)[NH+](C)C,0,0.4446126,0
CCN(c1ccccc1C)C(=O)/C=C/C,0,0.451234,0
CCN(CC)C(=O)/C(=C/c1cc(c(c(c1)O)[O-])[N+](=O)[O-])/C#N,0,0.44826466,0
CCN(CC)CC(=O)NC1=C(C=CC=C1C)C,1,0.444862,0
CCOC(=O)/C=C(\C)/C=C/C=C(\C)/C=C/c1c(cc(c(c1C)C)OC)C,0,0.44747177,0
CCOC(=O)[C@](C)(Cc1ccc(c(c1)O)O)[NH3+],0,0.44548148,0
CCOC(=O)C(C)(C)Oc1ccc(cc1)Cl,0,0.4477655,0
CCOC(=O)CCCCCCCCC(C)c1ccccc1I,0,0.443178,0
CCOc1ccc(cc1)CC(CN(CC[NH+](CC(=O)[O-])CC(=O)[O-])CC(=O)[O-])[NH+](CC(=O)[O-])CC(=O)[O-],0,0.44745964,0
CN(C)/C=[NH+]/c1c(cc(c(c1I)CCC(=O)[O-])I)I,0,0.449115,0
CN(CC(CO)O)C(=O)c1c(c(c(c(c1I)NC(=O)COC)I)C(=O)NCC(CO)O)I,0,0.44669116,0
CN/C(=[NH+]\C)/NCc1ccccc1,0,0.4458033,0
COC(CNC(=O)c1ccccc1OCC(=O)[O-])C[Hg]O,0,0.44458908,0
COC(=O)c1ccccc1O,0,0.4515248,0
COc1ccc(c(c1)C(CNC(=O)C[NH3+])O)OC,0,0.4457114,0
COc1ccc(cc1)O,0,0.46051648,0
COc1ccccc1OCC(CO)O,0,0.44487697,0
COc1ccccc1OCC(COC(=O)N)O,0,0.44513258,0
COCCCC/C(=N\OCC[NH3+])/c1ccc(cc1)C(F)(F)F,0,0.44940028,0
*C(=O)[C@H](CCCCNC(=O)OCCOC)NC(=O)OCCOC,0,0.44532034,0
[C@H]([C@@H]([C@@H](C(=O)[O-])O)O)([C@H](C(=O)[O-])O)O,0,0.44479766,0
[N+](=O)([O-])[O-],0,0.4438476,0
[N]=O,0,0.44337112,0
[O-][99Tc](=O)(=O)=O,0,0.4433788,0
[O-]P(=O)([O-])F,0,0.44317022,0
[O-]S(=O)(=O)[O-],0,0.44341394,0
[O-]S(=O)(=S)[O-],0,0.44082946,0
[Se],1,0.4439704,0
C#N,0,0.4431102,0
C(#N)[Fe-2](C#N)(C#N)(C#N)(C#N)N=O,0,0.4430872,0
C([C@@H](C(=O)[O-])[NH3+])S,0,0.44578272,0
C([C@H]([C@@H]([C@H](C=O)O)O)O)O,0,0.44473577,0
C([C@H]([C@H]([C@@H]([C@@H](CO)O)O)O)O)O,0,0.44443068,0
C([C@H]([C@H]([C@@H]([C@H](C(=O)[O-])O)O)O)O)O,0,0.4448013,0
C([C@H]([C@H]([C@@H]([C@H](CO)O)O)O)O)O,0,0.4444533,0
C(=[NH2+])(N)N,0,0.4466455,0
C(C(C(C(C(F)(F)Br)(F)F)(F)F)(F)F)(C(C(C(F)(F)F)(F)F)(F)F)(F)F,0,0.44353867,0
C(C(C(C(F)(F)F)(F)F)(F)F)(C(C(F)(F)F)(F)F)(F)F,0,0.44345975,0
C(C(C(=O)[O-])O)(C(=O)[O-])O,0,0.44403312,0
C(C(C(=O)[O-])S)(C(=O)[O-])S,0,0.44546852,0
C(C(Cl)(Cl)Cl)OP(=O)([O-])[O-],0,0.44507775,0
C(C(CO)(CO)[NH3+])O,0,0.44467863,0
C(C(CO)O)O,0,0.44376975,0
C(C(CO[N+](=O)[O-])O[N+](=O)[O-])O[N+](=O)[O-],0,0.44652072,0
C(C(CS)S)O,0,0.44378385,0
C(C(F)(F)F)(C(F)(F)F)(F)F,0,0.44331086,0
C(C(F)(F)F)(Cl)Br,0,0.4433878,0
C(C(F)(F)F)(OC(F)F)Cl,0,0.4431179,0
C(C(F)(F)F)(OC(F)F)F,0,0.44299966,0
C(=C(F)F)(F)F,0,0.44287923,0
C(C(=O)[O-])[NH3+],0,0.44741595,0
C(C(=O)[O-])C(CC(=O)[O-])(C(=O)[O-])O,0,0.44413728,0
C(C(OC(F)F)(F)F)(F)Cl,0,0.4430905,0
C(=C/C(=O)[O-])\C(=O)[O-],0,0.4472827,0
C(C[C@@H](C(=O)[O-])[NH3+])C[NH+]=C(N)N,0,0.44651952,0
C(C[NH2+]CCNCC[NH2+]CCN)N,0,0.44790563,0
C(C[NH3+])C(O)(P(=O)([O-])[O-])P(=O)([O-])[O-],0,0.44537586,0
C(C[NH3+])C[NH2+]CCSP(=O)([O-])[O-],0,0.44611427,0
C(CC(C(F)F)(C(=O)[O-])[NH3+])C[NH3+],0,0.44484597,0
C(CC(O)(P(=O)([O-])[O-])P(=O)([O-])[O-])C[NH3+],0,0.4442422,0
C(CC(=O)[O-])C(=O)[O-],0,0.44401103,0
C(CC(=O)[O-])C(=O)C[NH3+],0,0.44495913,0
C(CC(=O)[O-])CO,0,0.44375408,0
C(CC(=O)N)[C@@H](C(=O)[O-])[NH3+],0,0.44591698,0
C(CC(=O)N[C@@H](CSSC[C@@H](C(=O)NCC(=O)[O-])NC(=O)CC[C@@H](C(=O)[O-])[NH3+])C(=O)NCC(=O)[O-])[C@@H](C(=O)[O-])[NH3+],0,0.44877565,0
C(CCC(=O)[O-])CC[NH3+],0,0.44320887,0
C(CCCC(=O)[O-])CCCC(=O)[O-],0,0.44443935,0
C(CN(CC(=O)[O-])CC(=O)[O-])[NH+](CC(=O)[O-])CC(=O)[O-],0,0.44396475,0
C(CN(CC[NH+](CC(=O)[O-])CC(=O)[O-])CC(=O)[O-])[NH+](CC(=O)[O-])CC(=O)[O-],0,0.44388738,0
C(CNCC[NH2+]CCN)[NH3+],0,0.44830233,0
C(CS(=O)(=O)[O-])S,0,0.44323608,0
C(CS)[NH3+],0,0.44384772,0
C(=O)([O-])[O-],0,0.44352287,0
C(=O)([O-])P(=O)([O-])[O-],0,0.44384903,0
C(=O)(N)N,0,0.4458783,0
C(=O)(N)NO,0,0.44425002,0
C(OC(C(F)(F)F)C(F)(F)F)F,0,0.44313216,0
C[C@@H]([NH2+]CC(C[NH2+][C@@H](/C(=N/O)/C)C)(C)C)/C(=N/O)/C,0,0.44463766,0
C[N+](C)(C)C[C@@H](CC(=O)[O-])O,0,0.4437532,0
C[N+](C)(C)CC(=O)[O-],0,0.4423725,0
C[N+](C)(C)CCCCCC[NH2+]CC=C,0,0.44205797,0
C[N+](C)(C)CCCCCCCCCC[N+](C)(C)C,0,0.44142917,0
C[N+](C)(C)CCOC(=O)CCC(=O)OCC[N+](C)(C)C,0,0.4431042,0
C[N+](C)(C)CCOC(=O)N,0,0.44266415,0
C[NH+](CCCl)CCCl,0,0.44293988,0
C[NH2+]C[C@@H]([C@H]([C@@H]([C@@H](CO)O)O)O)O,0,0.4445363,0
CC(C(=O)[O-])O,0,0.44430634,0
CC(C(=O)NCC(=O)[O-])S,0,0.44537714,0
CC(C)([C@H](C(=O)[O-])[NH3+])S,0,0.44528857,0
CC(C)(CO)[C@H](C(=O)NCCC(=O)[O-])O,0,0.44561145,0
CC(C)(CO)[C@H](C(=O)NCCCO)O,0,0.44490448,0
CC(C)C[C@@H](CC(=O)[O-])C[NH3+],0,0.44386178,0
CC(C)O,0,0.44411165,0
CC(C)OP(=O)(OC(C)C)F,0,0.44495535,0
CC(C[N+](C)(C)C)OC(=O)C,0,0.44374853,0
CC(C[N+](C)(C)C)OC(=O)N,0,0.44370168,0
CC(O)(P(=O)([O-])[O-])P(=O)([O-])[O-],0,0.44413596,0
CC(=O)[O-],0,0.4449434,0
CC(=O)N(CCCCCNC(=O)CCC(=O)N(CCCCCNC(=O)CCC(=O)N(CCCCC[NH3+])O)O)O,0,0.44839692,0
CC(=O)N[C@@H](CS)C(=O)[O-],0,0.44473362,0
CC(=O)NCCCS(=O)(=O)[O-],0,0.44381183,0
CC(=O)NO,0,0.44426575,0
CC(=O)OCC[N+](C)(C)C,0,0.4429365,0
CC[C@@H](CO)[NH2+]CCN[C@@H](CC)CO,0,0.44543895,0
CCC(/C=C/Cl)(C#C)O,0,0.4455266,0
CCC(C)C(C)(COC(=O)N)COC(=O)N,0,0.44444624,0
C=CC(CCC(=O)[O-])[NH3+],0,0.44425836,0
CCCC(C)(COC(=O)N)COC(=O)N,0,0.44525993,0
CCCC(C)(COC(=O)N)COC(=O)NC(C)C,0,0.44466478,0
CCCC(CCC)C(=O)[O-],0,0.44336826,0
CCCCC[NH+](C)CCC(O)(P(=O)([O-])[O-])P(=O)([O-])[O-],0,0.4439224,0
CCCCCCCC(=O)OCC(CO)O,0,0.4431721,0
CCCCCCCC/C=C\CCCCCCCC(=O)[O-],0,0.44378573,0
CCCCCCCCCCCCCC(=O)OC[C@H](COP(=O)([O-])OCC[N+](C)(C)C)OC(=O)CCCCCCCCCCCCC,0,0.44287217,0
CCCCCCCCCCCCCCCC(=O)OCC(COP(=O)([O-])OCC[N+](C)(C)C)OC(=O)CCCCCCCCCCCCCCC,0,0.4428736,0
CCCCCCCCCCCCCCCCCCCCCCO,0,0.44353822,0
CCCCCCCCCCCCCCCCO,0,0.4428615,0
CCCCCCCCCCCCCCOS(=O)(=O)[O-],0,0.44258544,0
CCCCCCCCCCCCOCCOCCOCCOCCOCCOCCOCCOCCOCCO,0,0.44380844,0
CCCCCCOC(=O)CCC(=O)C[NH3+],0,0.44737515,0
CCN(CC)C(=S)SSC(=S)N(CC)CC,0,0.4456811,0
CCO,0,0.44431478,0
CCOC(=O)CC(C(=O)OCC)SP(=S)(OC)OC,0,0.45091918,0
CCOCCP(CCOCC)CCP(CCOCC)CCOCC,0,0.4463031,0
CCOP(=O)(OCC)SCC[N+](C)(C)C,0,0.4432369,0
Cl[201Tl],0,0.44351438,0
Cl[Cr](Cl)Cl,0,0.44112074,0
Cl[Cu]Cl,0,0.44350734,0
Cl[Mn]Cl,0,0.4432609,0
Cl[Zn]Cl,0,0.44073,0
CN(C)C(=[NH2+])NC(=[NH2+])N,0,0.4447737,0
CNC(=O)C[NH+](CCN(CCN(CC(=O)NC)CC(=O)[O-])CC(=O)[O-])CC(=O)[O-],0,0.44401088,0
CO[Si](C)(C)O[Si](C)(C)C,0,0.44042188,0
COC(C(Cl)Cl)(F)F,0,0.44339633,0
COC(CNC(=O)N)C[Hg]Cl,0,0.44365484,0
COC(=O)CCC(=O)C[NH3+],0,0.44500303,0
COCCNC(=O)C[NH+](CCN(CCN(CC(=O)NCCOC)CC(=O)[O-])CC(=O)[O-])CC(=O)[O-],0,0.4440006,0
COCCO,0,0.44334617,0
CS(=O)C,0,0.44353056,0
II,0,0.4427706,0
N(=O)[O-],0,0.44341832,0
O[32P](=O)([O-])[O-],0,0.44348174,0
O=[Al]O[Al]=O,0,0.44338864,0
O[Si](=O)O,0,0.44151935,0
O=[Ti]=O,0,0.44423798,0
O=[Zn],0,0.44428185,0
OCl(=O)(=O)=O,0,0.4431975,0
S=[Se]=S,0,0.43996498,0
C[C@@H]1C[C@H]2[C@@H]3C[C@@H](C4=CC(=O)C=C[C@@]4([C@]3([C@H](C[C@@]2([C@]1(C(=O)COC(=O)C(C)(C)C)O)C)O)F)C)F,0,0.45816195,0
C[C@@H]1C[C@H]2[C@@H]3C[C@@H](C4=CC(=O)C=C[C@@]4([C@]3([C@H](C[C@@]2([C@H]1C(=O)COC(=O)C(C)(C)C)C)O)Cl)C)F,0,0.45743006,0
C[C@@H]1C[C@H]2[C@@H]3C[C@@H](C4=CC(=O)C=C[C@@]4([C@H]3[C@H](C[C@@]2([C@]1(C(=O)COC(=O)C)O)C)O)C)F,0,0.4590725,0
C[C@@H]1C[C@H]2[C@@H]3CCC4=CC(=O)C=C[C@@]4([C@]3([C@H](C[C@@]2([C@]1(C(=O)CO)O)C)O)F)C,1,0.46038932,0
C[C@@H]1C[C@H]2[C@@H]3CCC4=CC(=O)C=C[C@@]4([C@]3([C@H](C[C@@]2([C@]1(C(=O)COP(=O)([O-])[O-])O)C)O)F)C,0,0.45725495,0
C[C@@H]1C[C@H]2[C@@H]3CCC4=CC(=O)C=C[C@@]4([C@]3([C@H](C[C@@]2([C@H]1C(=O)CO)C)O)F)C,0,0.4590619,0
C[C@]12C[C@@H]([C@]3([C@H]([C@@H]1C[C@H]([C@@]2(C(=O)CO)O)O)CCC4=CC(=O)C=C[C@@]43C)F)O,0,0.46168226,0
C[C@]12C[C@@H]([C@H]3[C@H]([C@@H]1CC[C@@]2(C(=O)CO)O)C[C@@H](C4=CC(=O)C=C[C@]34C)F)O,0,0.4615953,0
C[C@]12C[C@@H]([C@H]3[C@H]([C@@H]1CC[C@@]2(C(=O)CO)O)CCC4=CC(=O)C=C[C@]34C)O,1,0.4634123,0
C[C@]12C[C@@H]([C@H]3[C@H]([C@@H]1CC[C@@]2(C(=O)COC(=O)CC(C)(C)C)O)CCC4=CC(=O)C=C[C@]34C)O,0,0.46022612,0
C[C@H]1C[C@H]2[C@@H]3C[C@@H](C4=CC(=O)C=C[C@@]4([C@]3([C@H](C[C@@]2([C@]1(C(=O)COC(=O)C)OC(=O)C)C)O)F)C)F,0,0.4552782,0
C[C@H]1C[C@H]2[C@@H]3CC[C@@]([C@]3(C[C@@H]([C@@]2([C@@]4(C1=CC(=O)C=C4)C)F)O)C)(C(=O)C)O,0,0.46066508,0
C[C@H]1C[C@H]2[C@@H]3CC[C@@]([C@]3(C[C@@H]([C@@]2([C@@]4(C1=CC(=O)C=C4)C)F)O)C)(C(=O)C)OC(=O)C,0,0.45748022,0
C[C@H]1C[C@H]2[C@@H]3CC[C@@]([C@]3(C[C@@H]([C@@H]2[C@@]4(C1=CC(=O)C=C4)C)O)C)(C(=O)CO)O,0,0.46016857,0
C[C@H]1C[C@H]2[C@@H]3CC[C@@]([C@]3(C[C@@H]([C@@H]2[C@@]4(C1=CC(=O)C=C4)C)O)C)(C(=O)COC(=O)CCC(=O)[O-])O,0,0.4569494,0
C[C@H]1C[C@H]2[C@@H]3CCC4=CC(=O)C=C[C@@]4([C@]3([C@H](C[C@@]2([C@]1(C(=O)CO)O)C)O)F)C,0,0.45902687,0
C[C@H]1C[C@H]2[C@@H]3CCC4=CC(=O)C=C[C@@]4([C@]3([C@H](C[C@@]2([C@]1(C(=O)COC(=O)C)O)C)O)F)C,0,0.45855156,0
CCC(=O)[C@]1([C@@H](CC2[C@@]1(C[C@@H](C3C2CCC4=CC(=O)C=C[C@]34C)O)C)C)C,0,0.45762652,0
CCC(=O)O[C@@]1([C@@H](C[C@@H]2[C@@]1(C[C@@H]([C@]3([C@H]2C[C@@H](C4=CC(=O)C=C[C@@]43C)F)F)O)C)C)C(=O)SCF,0,0.45663014,0
CCC(=O)O[C@@]1([C@H](C[C@@H]2[C@@]1(C[C@@H]([C@]3([C@H]2CCC4=CC(=O)C=C[C@@]43C)F)O)C)C)C(=O)CCl,0,0.45818126,0
CCC(=O)O[C@@]1([C@H](CC2C1(CC([C@]3(C2C[C@@H](C4=CC(=O)C=CC43C)F)F)O)C)C)C(=O)CCl,0,0.44899848,0
CCC(=O)OCC(=O)[C@]1([C@@H](C[C@@H]2[C@@]1(C[C@@H]([C@H]3[C@H]2[C@@H](CC4=CC(=O)C=C[C@]34C)Cl)O)C)C)OC(=O)CC,0,0.45584255,0
CCC(=O)OCC(=O)[C@]1([C@H](C[C@@H]2[C@@]1(C[C@@H]([C@]3([C@H]2CCC4=CC(=O)C=C[C@@]43C)Cl)O)C)C)OC(=O)CC,0,0.45687982,0
CCC(=O)OCC(=O)[C@]1(CC[C@@H]2[C@@]1(C[C@@H]([C@H]3[C@H]2CCC4=CC(=O)C=C[C@]34C)O)C)OC(=O)OCC,0,0.45670307,0
CCCC(=O)O[C@@]1(CC[C@@H]2[C@@]1(C[C@@H]([C@]3([C@H]2C[C@@H](C4=CC(=O)C=C[C@@]43C)F)F)O)C)C(=O)COC(=O)C,0,0.45587286,0
CCCCC(=O)O[C@@]1([C@H](C[C@@H]2[C@@]1(C[C@@H]([C@]3([C@H]2CCC4=CC(=O)C=C[C@@]43C)F)O)C)C)C(=O)CO,0,0.45686096,0
CCOC(=O)O[C@@]1(CC[C@@H]2[C@@]1(C[C@@H]([C@H]3[C@H]2CCC4=CC(=O)C=C[C@]34C)O)C)C(=O)OCCl,0,0.4579136,0
C[C@]12CC[C@H]3[C@H]([C@@H]1CC[C@@H]2O)CCC4=CC(=O)CC[C@]34C,0,0.47197682,0
C[C@]12CC[C@H]3[C@H]([C@@H]1CC[C@]2(C#C)O)CCC4=CC(=O)CC[C@H]34,0,0.47244176,0
C[C@]12CCC(=O)C=C1CC[C@@H]3[C@@]2([C@H](C[C@]4([C@H]3CC[C@]4(C)O)C)O)F,0,0.4695976,0
C[C@]12CCC(=O)C=C1CC[C@@H]3[C@@H]2[C@H](C[C@]4([C@H]3CC[C@@]4(C(=O)CO)O)C)O,1,0.46415776,0
C[C@]12CCC(=O)C=C1CC[C@@H]3[C@@H]2[C@H](C[C@]4([C@H]3CC[C@@]4(C(=O)COC(=O)CCC(=O)[O-])O)C)O,0,0.45896038,0
C[C@]12CCC(=O)C=C1CC[C@@H]3[C@@H]2[C@H](C[C@]4([C@H]3CC[C@@]4(C(=O)COP(=O)([O-])[O-])O)C)O,0,0.4594616,0
C[C@]12CCC(=O)C=C1CC[C@@H]3[C@@H]2CC[C@]4([C@H]3CC[C@]4(C)O)C,0,0.47226283,0
C[C@H]1C[C@@H]2[C@H](CC[C@]3([C@H]2CC[C@@]3(C(=O)C)OC(=O)C)C)[C@@]4(C1=CC(=O)CC4)C,0,0.46042034,0
C[C@H]1C[C@H]2[C@@H]3CC[C@@H]([C@]3(C[C@@H]([C@@H]2[C@@]4(C1=CC(=O)CC4)C)O)C)C(=O)C,0,0.46287593,0
CC(=O)[C@H]1CC[C@@H]2[C@@]1(CC[C@H]3[C@H]2CCC4=CC(=O)CC[C@]34C)C,0,0.46633276,0
CC(=O)O[C@]1(CC[C@@H]2[C@@]1(CC[C@H]3[C@H]2CCC4=CC(=O)CC[C@H]34)C)C#C,0,0.46600193,0
CC(=O)OCC(=O)[C@]1(CC[C@@H]2[C@@]1(C[C@@H]([C@]3([C@H]2CCC4=CC(=O)CC[C@@]43C)F)O)C)O,0,0.45919886,0
CC(=O)OCC(=O)[C@]1(CC[C@@H]2[C@@]1(C[C@@H]([C@H]3[C@H]2CCC4=CC(=O)CC[C@]34C)O)C)O,0,0.45955798,0
CC(=O)OCC(=O)[C@H]1CC[C@@H]2[C@@]1(CC[C@H]3[C@H]2CCC4=CC(=O)CC[C@]34C)C,0,0.4609956,0
CC12CCC3C(C1CCC2C(=O)COC(=O)C(C)(C)C)CCC4=CC(=O)CCC34C,0,0.44515538,0
CC[C@]12CC[C@H]3[C@H]([C@@H]1CC[C@]2(C#C)O)CCC4=CC(=O)CC[C@H]34,0,0.47204438,0
CC[NH+](CC)CC(=O)OCC(=O)[C@]1(CC[C@@H]2[C@@]1(C[C@@H]([C@H]3[C@H]2CCC4=CC(=O)CC[C@]34C)O)C)O,0,0.4548737,0
CCC(=O)O[C@H]1CC[C@@H]2[C@@]1(CC[C@H]3[C@H]2CCC4=CC(=O)CC[C@]34C)C,0,0.46517894,0
CCCC(=O)O[C@@]1(CC[C@@H]2[C@@]1(C[C@@H]([C@H]3[C@H]2CCC4=CC(=O)CC[C@]34C)O)C)C(=O)CO,0,0.4574056,0
CCCC(=O)O[C@@]1(CC[C@@H]2[C@@]1(C[C@@H]([C@H]3[C@H]2CCC4=CC(=O)CC[C@]34C)O)C)C(=O)COC(=O)CC,0,0.45727313,0
CCCCC(=O)O[C@@]1(CC[C@@H]2[C@@]1(C[C@@H]([C@H]3[C@H]2CCC4=CC(=O)CC[C@]34C)O)C)C(=O)CO,0,0.45756376,0
CCCCCC(=O)O[C@@]1(CC[C@@H]2[C@@]1(CC[C@H]3[C@H]2CCC4=CC(=O)CC[C@]34C)C)C(=O)C,0,0.4617888,0
CCCCCCC(=O)O[C@H]1CC[C@@H]2[C@@]1(CC[C@H]3[C@H]2CCC4=CC(=O)CC[C@]34C)C,0,0.46711057,0
CCCCCCCCCC(=O)O[C@H]1CC[C@@H]2[C@@]1(CC[C@H]3[C@H]2CCC4=CC(=O)CC[C@H]34)C,0,0.46775907,0
c1c(c(c(c(c1Cl)Cl)Cc2c(c(cc(c2Cl)Cl)Cl)O)O)Cl,0,0.4467273,0
c1ccc(c(c1)C(c2ccc(cc2)Cl)C(Cl)Cl)Cl,0,0.4491689,0
c1ccc(cc1)C(c2ccccc2)[S@](=O)CC(=O)N,0,0.44980744,0
c1ccc(cc1)C(c2ccccc2)S(=O)CC(=O)N,0,0.45207414,0
C[NH+](C)CCC(c1ccccc1)(c2ccccc2Cl)O,0,0.4431133,0
C[NH+](C)CCOC(c1ccccc1)c2ccccc2,0,0.44375786,0
CC(C)[N+](C)(CCC(c1ccccc1)(c2ccccc2)C(=O)N)C(C)C,0,0.4430085,0
CC(C)C(=O)Oc1ccc(cc1[C@H](CC[NH+](C(C)C)C(C)C)c2ccccc2)CO,0,0.4439906,0
Cc1ccc(c(c1)[C@H](CC[NH+](C(C)C)C(C)C)c2ccccc2)O,0,0.44213533,0
Cc1ccccc1C(c2ccccc2)OCC[NH+](C)C,0,0.44367778,0
CC[C@@H](C(C[C@H](C)[NH+](C)C)(c1ccccc1)c2ccccc2)OC(=O)C,0,0.4424866,0
CCC(=O)C(CC(C)[NH+](C)C)(c1ccccc1)c2ccccc2,0,0.44176373,0
c1nc(c2c(n1)n(cn2)[C@H]3[C@@H]([C@@H]([C@H](O3)CO)O)O)N,0,0.44709536,0
c1nc(c2c(n1)n(cn2)[C@H]3[C@H]([C@@H]([C@H](O3)CO)O)O)N,0,0.44730434,0
C1=NC2=C(N1[C@H]3[C@H]([C@@H]([C@H](O3)CO)O)F)N=C(N=C2N)Cl,1,0.4463984,0
C1=NC2=C(N1[C@H]3[C@H]([C@@H]([C@H](O3)CO)O)O)N=C(N=C2N)F,1,0.4472727,0
C1=NC2=C(N1[C@H]3[C@H]([C@@H]([C@H](O3)COP(=O)(O)O)O)O)N=C(N=C2N)F,1,0.44715947,0
c1nc2c(nc(nc2n1[C@H]3[C@H]([C@@H]([C@H](O3)CO)O)F)Cl)N,0,0.4463984,0
c1nc2c(nc(nc2n1[C@H]3[C@H]([C@@H]([C@H](O3)COP(=O)([O-])[O-])O)O)F)N,0,0.44707936,0
c1nc2c(nc(nc2n1[C@H]3C[C@@H]([C@H](O3)CO)O)Cl)N,0,0.4477928,0
COc1c2c(nc(n1)N)n(cn2)[C@H]3[C@H]([C@@H]([C@H](O3)CO)O)O,0,0.44720247,0
C[C@@H](CN1c2ccccc2Sc3c1cc(cc3)OC)C[NH+](C)C,0,0.44941145,0
C[NH+](C)CCCN1c2ccccc2Sc3c1cc(cc3)C(F)(F)F,0,0.44806087,0
C[NH+](C)CCCN1c2ccccc2Sc3c1cc(cc3)Cl,0,0.44810212,0
C[NH+](C)CCCN1c2ccccc2Sc3c1cccc3,0,0.44769013,0
CC(CN1c2ccccc2Sc3c1cccc3)[NH+](C)C,0,0.44719064,0
CC(CN1c2ccccc2Sc3c1cccc3)C[NH+](C)C,0,0.44785276,0
CC[NH+](CC)C(C)CN1c2ccccc2Sc3c1cccc3,0,0.44824675,0
CCC(=O)c1ccc2c(c1)N(c3ccccc3S2)CC(C)[NH+](C)C,0,0.4490246,0
C[C@@H](C1=CC2=C(C=C1)C=C(C=C2)OC)C(=O)OCCCCO[N+](=O)[O-],1,0.45538476,0
C[C@@H](c1ccc2cc(ccc2c1)OC)C(=O)[O-],0,0.45043713,0
CC(C)(C)C#C/C=C/C[NH+](C)Cc1cccc2c1cccc2,0,0.4444254,0
CC(C)[NH2+]CC(COc1cccc2c1cccc2)O,0,0.44724712,0
CC(C)NCC(COC1=CC=CC2=CC=CC=C21)O,1,0.44684705,0
CC(=O)CCc1ccc2cc(ccc2c1)OC,0,0.45056015,0
Cc1cc(c2ccccc2c1OP(=O)([O-])[O-])OP(=O)([O-])[O-],0,0.4501902,0
CN(C)c1cccc2c1ccc(c2)S(=O)(=O)[O-],0,0.4474771,0
c1ccc(c(c1)C2=NC(C(=O)Nc3c2cc(cc3)Cl)O)Cl,0,0.4537193,0
c1ccc(c(c1)C2=NCC(=O)Nc3c2cc(cc3)[N+](=O)[O-])Cl,0,0.45366123,0
c1ccc(cc1)C2=NC(C(=O)Nc3c2cc(cc3)Cl)C(=O)[O-],0,0.45384726,0
c1ccc(cc1)C2=NC(C(=O)Nc3c2cc(cc3)Cl)O,0,0.454862,0
c1ccc(cc1)C2=NCC(=O)N(c3c2cc(cc3)Cl)CC(F)(F)F,0,0.4535949,0
CC[NH+](CC)CCN1c2ccc(cc2C(=NCC1=O)c3ccccc3F)Cl,0,0.44906616,0
CN1c2ccc(cc2C(=NC(C1=O)O)c3ccccc3)Cl,0,0.45221114,0
CN1c2ccc(cc2C(=NCC1=O)c3ccccc3)Cl,0,0.4521251,0
c1cc(c(c(c1)C(=O)c2ccc(cc2)Br)N)CC(=O)[O-],0,0.45521554,0
c1ccc(cc1)C(=O)c2cccc(c2N)CC(=O)N,0,0.44842228,0
CC(C)(C(=O)[O-])Oc1ccc(cc1)C(=O)c2ccc(cc2)Cl,0,0.45465496,0
CC(C)(C(=O)NCCS(=O)(=O)[O-])Oc1ccc(cc1)C(=O)c2ccc(cc2)Cl,0,0.45015502,0
CC(C)OC(=O)C(C)(C)Oc1ccc(cc1)C(=O)c2ccc(cc2)Cl,0,0.45529395,0
CC(c1cccc(c1)C(=O)c2ccccc2)C(=O)[O-],0,0.44698763,0
Cc1ccc(cc1)C(=O)c2cc(c(c(c2)O)[O-])[N+](=O)[O-],0,0.46110582,0
COc1ccc(c(c1)O)C(=O)c2ccccc2,0,0.4623293,0
[C@@H]1([C@@H]([C@@H]([C@H]([C@@H]([C@@H]1Cl)Cl)Cl)Cl)Cl)Cl,0,0.44469637,0
C#CC1(CCCCC1)OC(=O)N,0,0.44536498,0
C1[C@@H](CC[C@H](C1)C(=O)[O-])C[NH3+],0,0.444867,0
C1CC[C@H]([C@@H](C1)[NH3+])N,0,0.44548193,0
C1CCC(CC1)(CC(=O)[O-])C[NH3+],0,0.44399664,0
C1CCC(CC1)NC(=O)N(CCCl)N=O,0,0.4444185,0
C[C@@H]1CC[C@H]([C@@H](C1)O)C(C)C,0,0.4427679,0
CC(C)C(=O)OC(C)OC(=O)NCC1(CCCCC1)CC(=O)[O-],0,0.44443107,0
CC(C)CC1(C(=O)NC(=O)NC1=O)CC=C,0,0.44607762,0
CCC#CC(C)C1(C(=O)NC(=O)N(C1=O)C)CC=C,0,0.4467155,0
CCC(C)C1(C(=O)NC(=O)NC1=O)CC,0,0.44411066,0
CCC(C)C1(C(=O)NC(=O)NC1=O)CC=C,0,0.44585034,0
CCC1(C(=O)NC(=O)N(C1=O)C)CC,0,0.44465917,0
CCCC(C)C1(C(=O)NC(=O)NC1=O)CC,0,0.44403642,0
CCCC(C)C1(C(=O)NC(=O)NC1=O)CC=C,0,0.44568735,0
C[NH+](C)CC[C@@H](c1ccc(cc1)Br)c2ccccn2,0,0.4439123,0
C[NH+](C)CCC(c1ccc(cc1)Br)c2ccccn2,0,0.4450216,0
C[NH+](C)CCC(c1ccc(cc1)Cl)c2ccccn2,0,0.44493765,0
C[NH+](C)CCC(c1ccccc1)c2ccccn2,0,0.44489002,0
C[NH+](C)CCOC(c1ccc(cc1)Cl)c2ccccn2,0,0.44612348,0
CC(C)[NH+](CCC(c1ccccc1)(c2ccccn2)C(=O)N)C(C)C,0,0.4450409,0
CC(c1ccccc1)(c2ccccn2)OCC[NH+](C)C,0,0.44454935,0
C[C@H]1[C@@H]([C@H](C[C@@H](O1)O[C@H]2C[C@@](Cc3c2c(c4c(c3[O-])C(=O)c5cccc(c5C4=O)OC)[O-])(C(=O)CO)O)[NH3+])O,0,0.45968652,0
C[C@H]1[C@H]([C@H](C[C@@H](O1)O[C@H]2C[C@@](CC3=C(C4=C(C(=C23)O)C(=O)C5=C(C4=O)C=CC=C5OC)O)(C(=O)C)O)N)O.Cl,1,0.46583584,0
C[C@H]1[C@H]([C@H](C[C@@H](O1)O[C@H]2C[C@@](CC3=C(C4=C(C(=C23)O)C(=O)C5=C(C4=O)C=CC=C5OC)O)(C(=O)CO)O)N)O.Cl,1,0.4643377,0
C[C@H]1[C@H]([C@H](C[C@@H](O1)O[C@H]2C[C@@](Cc3c2c(c4c(c3[O-])C(=O)c5cccc(c5C4=O)OC)[O-])(C(=O)C)O)[NH3+])O,0,0.46342522,0
C[C@H]1[C@H]([C@H](C[C@@H](O1)O[C@H]2C[C@@](Cc3c2c(c4c(c3[O-])C(=O)c5cccc(c5C4=O)OC)[O-])(C(=O)CO)O)[NH3+])O,0,0.4613197,0
C[C@H]1[C@H]([C@H](C[C@@H](O1)O[C@H]2C[C@@](Cc3c2c(c4c(c3[O-])C(=O)c5ccccc5C4=O)[O-])(C(=O)C)O)[NH3+])O,0,0.4640303,0
CCCCC(=O)OCC(=O)[C@@]1(Cc2c(c(c3c(c2[O-])C(=O)c4cccc(c4C3=O)OC)[O-])[C@H](C1)OC5CC(C(C(O5)C)O)NC(=O)C(F)(F)F)O,0,0.45082852,0
C[C@]12C[C@@H]([C@]3([C@H]([C@@H]1C[C@@H]4[C@]2(OC(O4)(C)C)C(=O)CO)C[C@@H](C5=CC(=O)C=C[C@@]53C)F)F)O,0,0.45730585,0
C[C@]12C[C@@H]([C@]3([C@H]([C@@H]1C[C@@H]4[C@]2(OC(O4)(C)C)C(=O)CO)CCC5=CC(=O)C=C[C@@]53C)F)O,0,0.45831963,0
C[C@]12C[C@@H]([C@]3([C@H]([C@@H]1C[C@@H]4[C@]2(OC(O4)(C)C)C(=O)COC(=O)CC(C)(C)C)CCC5=CC(=O)C=C[C@@]53C)F)O,0,0.4567478,0
C[C@]12C[C@@H]([C@H]3[C@H]([C@@H]1C[C@@H]4[C@]2(OC(O4)(C)C)C(=O)CO)C[C@@H](C5=CC(=O)C=C[C@]35C)F)O,0,0.45759767,0
C[C@]12C[C@@H]([C@H]3[C@H]([C@@H]1C[C@@H]4[C@]2(OC(O4)(C)C)C(=O)CO)CCC5=CC(=O)C=C[C@]35C)O,0,0.45882452,0
CC(=O)OCC(=O)[C@@]12[C@@H](C[C@@H]3[C@@]1(C[C@@H]([C@]4([C@H]3C[C@@H](C5=CC(=O)C=C[C@@]54C)F)F)O)C)OC(O2)(C)C,0,0.455127,0
CCCC1O[C@@H]2C[C@H]3[C@@H]4CCC5=CC(=O)C=C[C@@]5([C@H]4[C@H](C[C@@]3([C@@]2(O1)C(=O)CO)C)O)C,0,0.457117,0
c1cc(cnc1)C(=O)[O-],0,0.44654578,0
c1cc(cnc1)C(=O)N,0,0.4467218,0
c1cc(cnc1)CC(O)(P(=O)([O-])[O-])P(=O)([O-])[O-],0,0.44477066,0
c1cnccc1C(=O)NN,0,0.44709265,0
CC(C)(C)[NH2+]CC(c1ccc(c(n1)CO)O)O,0,0.44528762,0
Cc1c(c(c(cn1)CO)CO)O,0,0.44551936,0
CCc1cc(ccn1)C(=S)N,0,0.4466267,0
CC1=C(C(CCC1)(C)C)/C=C/C(=C/C=C/C(=C/C(=O)[O-])/C)/C,0,0.44714707,0
CC1=C(C(CCC1)(C)C)/C=C/C(=C/C=C/C(=C/CO)/C)/C,0,0.44573757,0
CC1=C(C(CCC1)(C)C)/C=C/C(=C/C=C/C(=C\C(=O)[O-])/C)/C,0,0.44714823,0
CC1=C(C(CCC1)(C)C)/C=C/C(=C\C=C\C(=C\C(=O)[O-])\C)/C,0,0.44714594,0
CCC(CC)O[C@@H]1C=C(C[C@@H]([C@H]1NC(=O)C)[NH3+])C(=O)OCC,0,0.44786307,0
CCCCCCCCCCCCCCCC(=O)OC/C=C(\C)/C=C/C=C(\C)/C=C/C1=C(CCCC1(C)C)C,0,0.44567418,0
CC1=C(C(C(=C(N1)C)C(=O)OC(C)C)c2cccc(c2)[N+](=O)[O-])C(=O)OCCOC,0,0.45430955,0
CC1=C(C(C(=C(N1)C)C(=O)OC)c2ccccc2[N+](=O)[O-])C(=O)OC,0,0.45222753,0
CC1=C(C(C(=C(N1)C)C(=O)OCC(C)C)c2ccccc2[N+](=O)[O-])C(=O)OC,0,0.45424998,0
CCCC(=O)OCOC(=O)C1=C(NC(=C(C1c2cccc(c2Cl)Cl)C(=O)OC)C)C,0,0.45198575,0
CCOC(=O)C1=C(NC(=C(C1c2cccc(c2Cl)Cl)C(=O)OC)C)C,0,0.45211047,0
CCOC(=O)C1=C(NC(=C(C1c2ccccc2Cl)C(=O)OC)C)COCC[NH3+],0,0.45363268,0
C[NH+](C)CC(c1ccc(cc1)O)C2(CCCCC2)O,0,0.44509304,0
C[NH+](C)CC(c1ccc(cc1)OC)C2(CCCCC2)O,0,0.44333118,0
CC[N+](C)(CC)CCOC(=O)C(c1ccccc1)(C2CCCCC2)O,0,0.4445655,0
CC[N+](CC)(CC)CCC(c1ccccc1)(C2CCCCC2)O,0,0.4429919,0
CC[NH+](CC)CC#CCOC(=O)C(c1ccccc1)(C2CCCCC2)O,0,0.44956067,0
CN(C)CC(C1=CC=C(C=C1)OC)C2(CCCCC2)O,1,0.44377923,0
C[C@]12CC[C@@H]3c4ccc(cc4C[C@H]([C@H]3[C@@H]1CC[C@@H]2O)CCCCCCCCCS(=O)CCCC(C(F)(F)F)(F)F)O,0,0.46976274,0
C[C@]12CC[C@@H]3c4ccc(cc4CC[C@H]3[C@@H]1CC[C@@H]2O)O,0,0.4719287,0
C[C@]12CC[C@@H]3c4ccc(cc4CC[C@H]3[C@@H]1CC[C@@H]2OP(=O)([O-])[O-])OC(=O)N(CCCl)CCCl,0,0.45999542,0
C[C@]12CC[C@@H]3c4ccc(cc4CC[C@H]3[C@@H]1CC[C@]2(C#C)O)O,0,0.47258678,0
C[C@]12CC[C@@H]3c4ccc(cc4CC[C@H]3[C@@H]1CC[C@]2(C#C)O)OC,0,0.47157627,0
CCCCC(=O)O[C@H]1CC[C@@H]2[C@@]1(CC[C@H]3[C@H]2CCc4c3ccc(c4)O)C,0,0.47153354,0
C1=CN(C(=O)N=C1N)[C@H]2[C@H]([C@@H]([C@H](O2)CO)O)O,1,0.4473016,0
C1=CN(C(=O)N=C1N)[C@H]2C([C@@H]([C@H](O2)CO)O)(F)F,1,0.44579324,0
C1=CN(C(=O)N=C1N)[C@H]2C([C@@H]([C@H](O2)CO)O)(F)F.Cl,1,0.4452571,0
c1cn(c(=O)nc1N)[C@H]2CC[C@H](O2)CO,0,0.44695193,0
CCCCCOC(=O)Nc1c(cn(c(=O)n1)[C@H]2[C@@H]([C@@H]([C@H](O2)C)O)O)F,0,0.44907203,0
CCCCCOC(=O)NC1=NC(=O)N(C=C1F)[C@H]2[C@@H]([C@@H]([C@H](O2)C)O)O,1,0.44907203,0
c1ccc2c(c1)N(c3cc(ccc3S2)C(F)(F)F)CCCN4CC[NH+](CC4)CCO,0,0.4464471,0
c1ccc2c(c1)N(c3cc(ccc3S2)Cl)CCCN4CC[NH+](CC4)CCO,0,0.44674805,0
C[NH+]1CCN(CC1)CCCN2c3ccccc3Sc4c2cc(cc4)C(F)(F)F,0,0.4463547,0
C[NH+]1CCN(CC1)CCCN2c3ccccc3Sc4c2cc(cc4)Cl,0,0.4464133,0
CC(=O)c1ccc2c(c1)N(c3ccccc3S2)CCCN4CC[NH+](CC4)CCO,0,0.44723925,0
CCSc1ccc2c(c1)N(c3ccccc3S2)CCCN4CC[NH+](CC4)C,0,0.44677547,0
c1c[nH+]ccc1N,0,0.45734653,0
C[n+]1cccc(c1)OC(=O)N(C)C,0,0.44679675,0
C[n+]1ccccc1/C=N/O,0,0.4457518,0
CC(C(C)(C)C)/N=C(\NC#N)/Nc1cc[nH+]cc1,0,0.44940796,0
CCC(=O)OCCNC(=O)C[n+]1ccccc1,0,0.44827923,0
CCCCCCCCCCCC(=O)OCCNC(=O)C[n+]1ccccc1,0,0.44922403,0
c1c(cc(c(c1I)Oc2cc(c(c(c2)I)[O-])I)I)C[C@@H](C(=O)[O-])[NH3+],0,0.45403194,0
c1c(cc(c(c1I)Oc2cc(c(c(c2)I)[O-])I)I)C[C@H](C(=O)[O-])[NH3+],0,0.45327812,0
c1cc(c(cc1Cl)O)Oc2ccc(cc2Cl)Cl,0,0.44895676,0
c1cc(c(cc1Oc2c(cc(cc2I)C[C@@H](C(=O)[O-])[NH3+])I)I)O,0,0.45499715,0
CC(c1cccc(c1)Oc2ccccc2)C(=O)[O-],0,0.44909963,0
CCCCNc1cc(cc(c1Oc2ccccc2)S(=O)(=O)N)C(=O)[O-],0,0.45221713,0
c1c([nH]cn1)CC[NH3+],0,0.4466179,0
c1cn(cn1)CC(O)(P(=O)([O-])[O-])P(=O)([O-])[O-],0,0.44412237,0
Cc1c(nc[nH]1)CSCCN/C(=N/C#N)/NC,0,0.44647926,0
Cc1ncc(n1CCO)[N+](=O)[O-],0,0.44544747,0
CCS(=O)(=O)CCn1c(ncc1[N+](=O)[O-])C,0,0.44572192,0
CN(C)/N=N/c1c(nc[nH]1)C(=O)N,0,0.44600782,0
Cc1c(ccnc1C[S@@](=O)c2[nH]c3ccccc3n2)OCC(F)(F)F,0,0.4519994,0
Cc1c(ccnc1CS(=O)c2[nH]c3ccccc3n2)OCC(F)(F)F,0,0.45284355,0
Cc1c(ccnc1CS(=O)c2[nH]c3ccccc3n2)OCCCOC,0,0.45082864,0
Cc1cnc(c(c1OC)C)CS(=O)c2[nH]c3cc(ccc3n2)OC,0,0.4523813,0
COc1ccnc(c1OC)CS(=O)c2[nH]c3cc(ccc3n2)OC(F)F,0,0.45335084,0
CC1([C@@H](N2[C@H](S1)[C@@H](C2=O)NC(=O)[C@@H](c3ccc(cc3)O)[NH3+])C(=O)[O-])C,0,0.44942656,0
CC1([C@@H](N2[C@H](S1)[C@@H](C2=O)NC(=O)[C@@H](c3ccccc3)[NH3+])C(=O)[O-])C,0,0.4467313,0
CC1([C@@H](N2[C@H](S1)[C@@H](C2=O)NC(=O)C(c3ccccc3)C(=O)[O-])C(=O)[O-])C,0,0.44656694,0
CC1([C@@H](N2[C@H](S1)[C@@H](C2=O)NC(=O)Cc3ccccc3)C(=O)[O-])C,0,0.44610384,0
CCOC(=O)OC(C)OC(=O)[C@H]1C(S[C@H]2N1C(=O)[C@H]2NC(=O)[C@@H](c3ccccc3)[NH3+])(C)C,0,0.44889027,0
CC(C)OC(=O)OC(C)OC(=O)C1=C(CS[C@H]2N1C(=O)[C@H]2NC(=O)/C(=N\OC)/c3csc(n3)N)COC,0,0.45018786,0
CC(=O)OCC1=C(N2[C@@H]([C@@H](C2=O)NC(=O)/C(=N\OC)/c3csc(n3)N)SC1)C(=O)[O-],0,0.4473757,0
C=CC1=C(N2[C@@H]([C@@H](C2=O)NC(=O)/C(=N\O)/c3csc(n3)N)SC1)C(=O)[O-],0,0.4476199,0
C=CC1=C(N2[C@@H]([C@@H](C2=O)NC(=O)/C(=N\OCC(=O)[O-])/c3csc(n3)N)SC1)C(=O)[O-],0,0.44965053,0
CO/N=C(/c1csc(n1)N)\C(=O)N[C@H]2[C@@H]3N(C2=O)C(=CCS3)C(=O)[O-],0,0.44643837,0
C[NH+]1CC[C@]23c4c5ccc(c4O[C@H]2C(=O)CC[C@]3([C@H]1C5)O)O,0,0.45236522,0
C[NH+]1CC[C@]23c4c5ccc(c4O[C@H]2C(=O)CC[C@]3([C@H]1C5)O)OC,0,0.45047545,0
C[NH+]1CC[C@]23c4c5ccc(c4O[C@H]2C(=O)CC[C@H]3[C@H]1C5)O,0,0.45359442,0
C[NH+]1CC[C@]23c4c5ccc(c4O[C@H]2C(=O)CC[C@H]3[C@H]1C5)OC,0,0.45134223,0
C=CC[NH+]1CC[C@]23c4c5ccc(c4O[C@H]2C(=O)CC[C@]3([C@H]1C5)O)O,0,0.45202252,0
C[NH+](C)CCCN1c2ccccc2CCc3c1cc(cc3)Cl,0,0.44843566,0
C[NH+](C)CCCN1c2ccccc2CCc3c1cccc3,0,0.44816282,0
C[NH2+]CCCN1c2ccccc2CCc3c1cccc3,0,0.4489435,0
CC(CN1c2ccccc2CCc3c1cccc3)C[NH+](C)C,0,0.44804326,0
CC(=O)O[C@H]1CC2=CC=CC=C2N(C3=CC=CC=C13)C(=O)N,1,0.45112044,0
C[C@H](/C=C/[C@H](C)C(C)C)[C@H]1CC[C@@H]\2[C@@]1(CCC/C2=C\C=C/3\C[C@H](C[C@@H](C3=C)O)O)C,0,0.4434344,0
C[C@H](/C=C/[C@H](C)C(C)C)[C@H]1CC[C@@H]\2[C@@]1(CCC/C2=C\C=C/3\C[C@H](CCC3=C)O)C,0,0.4436675,0
C[C@H](CCCC(C)(C)O)[C@H]1CC[C@@H]\2[C@@]1(CCC/C2=C\C=C/3\C[C@H](C[C@@H](C3=C)O)O)C,1,0.4443919,0
C[C@H](CCCC(C)(C)O)[C@H]1CC[C@@H]\2[C@@]1(CCC/C2=C\C=C/3\C[C@H](CCC3=C)O)C,0,0.44415292,0
C[C@H](CCCC(C)C)[C@H]1CC[C@@H]\2[C@@]1(CCC/C2=C\C=C/3\C[C@H](CCC3=C)O)C,0,0.44515267,0
C[C@]1(c2cccc(c2C(=O)C3=C([C@]4([C@@H]([C@H]([C@@H]31)O)[C@@H](C(=C(C4=O)C(=O)N)[O-])[NH+](C)C)O)[O-])[O-])O,0,0.45138833,0
C[C@]1(c2cccc(c2C(=O)C3=C([C@]4([C@@H](C[C@@H]31)[C@@H](C(=C(C4=O)C(=O)N)[O-])[NH+](C)C)O)[O-])[O-])O,0,0.45287094,0
C[C@H]1c2cccc(c2C(=O)C3=C([C@]4([C@@H]([C@H]([C@H]13)O)[C@@H](C(=C(C4=O)C(=O)N)[O-])[NH+](C)C)O)[O-])[O-],0,0.45024016,0
C[NH+](C)[C@H]1[C@@H]2C[C@@H]3[C@@H](c4c(ccc(c4C(=O)C3=C([C@@]2(C(=O)C(=C1[O-])C(=O)N)O)[O-])[O-])Cl)O,0,0.45030352,0
CC(C)(C)[NH2+]CC(=O)Nc1cc(c2c(c1[O-])C(=O)C3=C([C@]4([C@@H](C[C@@H]3C2)[C@@H](C(=C(C4=O)C(=O)N)[O-])[NH+](C)C)O)[O-])N(C)C,0,0.44988742,0
c1cc2c(cc(c(c2nc1)O)Cl)Cl,0,0.4544757,0
c1cc2c(cc(c(c2nc1)O)I)Cl,0,0.4546674,0
c1cc2cccnc2c(c1)O,0,0.45576203,0
CC(CCC[NH3+])Nc1cc(cc2c1nccc2)OC,0,0.45408076,0
CCCCOc1cc(c2ccccc2n1)C(=O)NCC[NH+](CC)CC,0,0.44958365,0
C1C(N(C2=C(N1)NC(=NC2=O)N)C=O)CNC3=CC=C(C=C3)C(=O)N[C@@H](CCC(=O)[O-])C(=O)[O-].[Ca+2],1,0.4479682,0
C1C(N(C2=C(N1)NC(=NC2=O)N)C=O)CNC3=CC=C(C=C3)C(=O)N[C@@H](CCC(=O)O)C(=O)O,1,0.44761655,0
c1cc(ccc1C(=O)N[C@@H](CCC(=O)[O-])C(=O)[O-])NC[C@H]2CNc3c(c(=O)nc([nH]3)N)N2C=O,0,0.4479894,0
c1cc(ccc1C(=O)N[C@@H](CCC(=O)[O-])C(=O)[O-])NCC2CNc3c(c(=O)nc([nH]3)N)N2C=O,0,0.44789532,0
CN1c2c([nH]c(nc2=O)N)NC[C@@H]1CNc3ccc(cc3)C(=O)N[C@@H](CCC(=O)[O-])C(=O)[O-],0,0.4479554,0
c1c(c(=O)[nH]c(=O)n1[C@H]2C[C@@H]([C@H](O2)CO)O)C(F)(F)F,0,0.44670218,0
c1c(c(=O)[nH]c(=O)n1[C@H]2C[C@@H]([C@H](O2)CO)O)F,0,0.44547775,0
c1c(c(=O)[nH]c(=O)n1[C@H]2C[C@@H]([C@H](O2)CO)O)I,0,0.44635755,0
Cc1cn(c(=O)[nH]c1=O)[C@@H]2C[C@H]([C@@H](O2)CO)O,0,0.44737008,0
Cc1cn(c(=O)[nH]c1=O)[C@H]2C[C@@H]([C@H](O2)CO)N=[N+]=[N-],0,0.4451707,0
Cc1cccc(c1NC(=O)C2CCCC[NH+]2C)C,0,0.44453338,0
CCC[NH+]1CCCC[C@H]1C(=O)Nc2c(cccc2C)C,0,0.44648594,0
CCCC[NH+]1CCCC[C@H]1C(=O)Nc2c(cccc2C)C,0,0.44740054,0
CCCC[NH+]1CCCCC1C(=O)Nc2c(cccc2C)C,0,0.44652948,0
Cc1cc([nH]c1/C=C\2/c3ccccc3NC2=O)C,0,0.45549837,0
CC[NH+](CC)CCNC(=O)c1c(c([nH]c1C)/C=C\2/c3cc(ccc3NC2=O)F)C,0,0.44845217,0
CCN(CC)CCNC(=O)C1=C(NC(=C1C)/C=C\2/C3=C(C=CC(=C3)F)NC2=O)C,1,0.4480957,0
CCN(CC)CCNC(=O)C1=C(NC(=C1C)/C=C\2/C3=C(C=CC(=C3)F)NC2=O)C.C([C@@H](C(=O)O)O)C(=O)O,1,0.44700384,0
CC(=O)CCCCn1c(=O)c2c(ncn2C)n(c1=O)C,0,0.44623312,0
Cn1c2c(c(=O)n(c1=O)C)[nH]cn2,0,0.44604775,0
Cn1c2c(c(=O)n(c1=O)C)n(cn2)CC(CO)O,0,0.44497767,0
Cn1cnc2c1c(=O)n(c(=O)n2C)C,0,0.44550368,0
C[NH+](C)CCOc1ccc(cc1)/C(=C(/CCCl)\c2ccccc2)/c3ccccc3,0,0.44489127,0
CC/C(=C(\c1ccccc1)/c2ccc(cc2)OCC[NH+](C)C)/c3ccccc3,0,0.44471258,0
CC[NH+](CC)CCOc1ccc(cc1)/C(=C(/c2ccccc2)\Cl)/c3ccccc3,0,0.44645604,0
COc1ccc(cc1)C(=C(c2ccc(cc2)OC)Cl)c3ccc(cc3)OC,0,0.45124346,0
C[C@H](Cn1cnc2c1ncnc2N)OCP(=O)([O-])[O-],0,0.44574466,0
C[C@H](Cn1cnc2c1ncnc2N)OCP(=O)(OCOC(=O)OC(C)C)OCOC(=O)OC(C)C,0,0.44965115,0
CC(C)(C)C(=O)OCOP(=O)(COCCN1C=NC2=C1N=CN=C2N)OCOC(=O)C(C)(C)C,1,0.44970885,0
CC(=O)OCC(CCn1cnc2c1nc(nc2)N)COC(=O)C,0,0.44550383,0
C[C@@H]1CC[C@H]2C[C@@H](/C(=C/C=C/C=C/[C@H](C[C@H](C(=O)[C@@H]([C@@H](/C(=C/[C@H](C(=O)C[C@H](OC(=O)[C@@H]3CCCCN3C(=O)C(=O)[C@@]1(O2)O)[C@H](C)C[C@@H]4CC[C@H]([C@@H](C4)OC)O)C)/C)O)OC)C)C)/C)OC,0,0.4480064,0
C[C@@H]1CC[C@H]2C[C@@H](/C(=C/C=C/C=C/[C@H](C[C@H](C(=O)[C@@H]([C@@H](/C(=C/[C@H](C(=O)C[C@H](OC(=O)[C@@H]3CCCCN3C(=O)C(=O)[C@@]1(O2)O)[C@H](C)C[C@@H]4CC[C@H]([C@@H](C4)OC)OCCO)C)/C)O)OC)C)C)/C)OC,1,0.44778714,0
C[C@@H]1CC[C@H]2C[C@@H](/C(=C/C=C/C=C\\[C@H](C[C@H](C(=O)[C@@H]([C@@H](/C(=C/[C@H](C(=O)C[C@H](OC(=O)[C@@H]3CCCCN3C(=O)C(=O)[C@@]1(O2)O)[C@H](C)C[C@@H]4CC[C@H]([C@@H](C4)OC)OCCO)C)/C)O)OC)C)C)/C)OC,0,0.44778836,0
C[C@@H]1CCC2C[C@@H](/C(=C/C=C/C=C/[C@H](C[C@H](C(=O)[C@@H]([C@@H](/C(=C/[C@H](C(=O)C[C@H](OC(=O)[C@@H]3CCCCN3C(=O)C(=O)[C@@]1(O2)O)[C@H](C)C[C@@H]4CC[C@H]([C@@H](C4)OC)OC(=O)C(C)(CO)CO)C)/C)O)OC)C)C)/C)OC,0,0.44814226,0
c1nc2c(n1CCC(CO)CO)[nH]c(nc2=O)N,0,0.4457495,0
c1nc2c(n1COCCO)[nH]c(nc2=O)N,0,0.4465712,0
CC(C)[C@@H](C(=O)OCC(CO)OCn1cnc2c1[nH]c(nc2=O)N)[NH3+],0,0.4472395,0
CC(C)[C@@H](C(=O)OCCOCN1C=NC2=C1NC(=NC2=O)N)N,1,0.44722003,0
c1ccc(cc1)[C@H](c2ccc(cc2)Cl)N3CC[NH+](CC3)CCOCC(=O)[O-],0,0.4444941,0
c1ccc(cc1)C(c2ccc(cc2)Cl)N3CC[NH+](CC3)CCOCC(=O)[O-],0,0.4457369,0
c1ccc(cc1)C(c2ccc(cc2)Cl)N3CC[NH+](CC3)CCOCCO,0,0.44545513,0
C[NH+]1CCN(CC1)C(c2ccccc2)c3ccccc3,0,0.44464496,0
c1c2c(cc(c1F)N3CC[NH2+]CC3)n(cc(c2=O)C(=O)[O-])C4CC4,0,0.45025107,0
C[C@@H]1CN(C[C@@H]([NH2+]1)C)c2c(c(c3c(c2F)n(cc(c3=O)C(=O)[O-])C4CC4)N)F,0,0.45800135,0
Cc1c2c(cc(c1F)N3CC[NH2+]C(C3)C)n(cc(c2=O)C(=O)[O-])C4CC4,0,0.4502561,0
CC1CN(CC[NH2+]1)c2c(cc3c(c2OC)n(cc(c3=O)C(=O)[O-])C4CC4)F,0,0.449273,0
c1c2c(cc(c1Cl)S(=O)(=O)N)S(=O)(=O)NC(N2)C(Cl)Cl,0,0.4439514,0
c1c2c(cc(c1Cl)S(=O)(=O)N)S(=O)(=O)NCN2,0,0.44474062,0
CN1C(Nc2cc(c(cc2S1(=O)=O)S(=O)(=O)N)Cl)CCl,0,0.444214,0
CN1C(Nc2cc(c(cc2S1(=O)=O)S(=O)(=O)N)Cl)CSCC(F)(F)F,0,0.44349506,0
c1[nH]c2c(n1)[nH]c(nc2=S)N,0,0.45219713,0
c1[nH]c2c(n1)[nH]cnc2=S,0,0.4503652,0
C1=NC2=C(N1)C(=S)N=C(N2)N,1,0.45219713,0
C1=NC2=C(N1)C(=S)N=CN2,1,0.4503652,0
C1[C@@H]([C@H]([C@@H]([C@H]([C@@H]1[NH3+])O[C@@H]2[C@@H]([C@H]([C@@H]([C@H](O2)CO)O)[NH3+])O)O)O[C@@H]3[C@@H](C[C@@H]([C@H](O3)C[NH3+])O)[NH3+])[NH3+],0,0.4484489,0
C1[C@@H]([C@H]([C@@H]([C@H]([C@@H]1NC(=O)[C@H](CC[NH3+])O)O[C@@H]2[C@@H]([C@H]([C@@H]([C@H](O2)CO)O)[NH3+])O)O)O[C@@H]3[C@@H]([C@H]([C@@H]([C@H](O3)C[NH3+])O)O)O)[NH3+],0,0.4486638,0
C1[C@H]([C@@H]([C@H]([C@@H]([C@H]1[NH3+])O[C@@H]2[C@@H]([C@H]([C@@H]([C@H](O2)C[NH3+])O)O)O)O)O[C@@H]3[C@@H]([C@H]([C@@H]([C@H](O3)CO)O)[NH3+])O)[NH3+],0,0.4483657,0
CC(C1CCC(C(O1)OC2C(CC(C(C2O)OC3C(C(C(CO3)(C)O)[NH2+]C)O)[NH3+])[NH3+])[NH3+])[NH2+]C,0,0.44527438,0
COCCOC1=C(C=C2C(=C1)C(=NC=N2)NC3=CC=CC(=C3)C#C)OCCOC,1,0.45487687,0
COCCOC1=C(C=C2C(=C1)C(=NC=N2)NC3=CC=CC(=C3)C#C)OCCOC.Cl,1,0.45471847,0
COCCOc1cc2c(cc1OCCOC)ncnc2Nc3cccc(c3)C#C,0,0.45487687,0
CCCSc1ccc2c(c1)nc([nH]2)NC(=O)OC,0,0.45675457,0
CN1C2=C(C=C(C=C2)N(CCCl)CCCl)N=C1CCCC(=O)O.Cl,1,0.45116508,0
Cn1c2ccc(cc2nc1CCCC(=O)[O-])N(CCCl)CCCl,0,0.4517181,0
CCCCCCC(=O)OCCN1CC[NH+](CC1)CCCN2c3ccccc3Sc4c2cc(cc4)C(F)(F)F,0,0.44935825,0
CCCCCCCCCC(=O)OCCN1CC[NH+](CC1)CCCN2c3ccccc3Sc4c2cc(cc4)C(F)(F)F,0,0.4482478,0
CN1CC[NH+](CC1)CCCN2c3ccccc3Sc4c2cc(cc4)Cl,0,0.44673955,0
CCCCC(C)(C/C=C/[C@H]1[C@@H](CC(=O)[C@@H]1CCCCCCC(=O)OC)O)O,0,0.44370896,0
CCCCC[C@@H](/C=C/[C@H]1[C@@H](CC(=O)[C@@H]1C/C=C\CCCC(=O)[O-])O)O,0,0.44386655,0
CCCCC[C@@H](/C=C/[C@H]1[C@@H](CC(=O)[C@@H]1CCCCCCC(=O)[O-])O)O,0,0.4437015,0
CCC[C@@H]1C[C@H]([NH+](C1)C)C(=O)N[C@@H]([C@@H]2[C@@H]([C@@H]([C@H]([C@H](O2)SC)O)O)O)[C@@H](C)O,0,0.44652668,0
CCC[C@@H]1C[C@H]([NH+](C1)C)C(=O)NC([C@@H]2[C@@H]([C@@H]([C@H]([C@H](O2)SC)O)O)O)C(C)Cl,0,0.44695944,0
CCCCCCCCCCCCCCCC(=O)O[C@@H]1[C@H]([C@H]([C@H](O[C@@H]1SC)C(C(C)Cl)NC(=O)[C@@H]2C[C@H](C[NH+]2C)CCC)O)O,0,0.44633105,0
CC[C@@H]1[C@@]([C@@H]([C@H](C(=O)[C@@H](C[C@@]([C@@H]([C@H]([C@@H]([C@H](C(=O)O1)C)O[C@H]2C[C@@]([C@H]([C@@H](O2)C)O)(C)OC)C)O[C@H]3[C@@H]([C@H](C[C@H](O3)C)[NH+](C)C)O)(C)O)C)C)O)(C)O,0,0.4454716,0
CC[C@@H]1[C@@]([C@@H]([C@H](C(=O)[C@@H](C[C@@]([C@@H]([C@H]([C@@H]([C@H](C(=O)O1)C)O[C@H]2C[C@@]([C@H]([C@@H](O2)C)O)(C)OC)C)O[C@H]3[C@@H]([C@H](C[C@H](O3)C)[NH+](C)C)O)(C)OC)C)C)O)(C)O,0,0.44527024,0
CC[C@@H]1[C@@]([C@@H]([C@H](C(=O)[C@@H](C[C@@]([C@@H]([C@H]([C@@H]([C@H](C(=O)O1)C)O[C@H]2C[C@@]([C@H]([C@@H](O2)C)O)(C)OC)C)O[C@H]3[C@@H]([C@H](C[C@H](O3)C)[NH+](C)C)OC(=O)CC)(C)O)C)C)O)(C)O,0,0.44624144,0
Cc1c(c(=O)n2c(n1)C(CCC2)O)CC[NH+]3CCC(CC3)c4c5ccc(cc5on4)F,0,0.44797382,0
Cc1c(c(=O)n2c(n1)CCCC2)CC[NH+]3CCC(CC3)c4c5ccc(cc5on4)F,0,0.4479396,0
CCCCCCCCCCCCCCCC(=O)O[C@@H]1CCCn2c1nc(c(c2=O)CC[NH+]3CCC(CC3)c4c5ccc(cc5on4)F)C,0,0.45156008,0
Cc1c(c(no1)c2c(cccc2Cl)Cl)C(=O)N[C@H]3[C@@H]4N(C3=O)[C@H](C(S4)(C)C)C(=O)[O-],0,0.4478166,0
Cc1c(c(no1)c2ccccc2)C(=O)N[C@H]3[C@@H]4N(C3=O)[C@H](C(S4)(C)C)C(=O)[O-],0,0.44821244,0
Cc1c(c(no1)c2ccccc2Cl)C(=O)N[C@H]3[C@@H]4N(C3=O)[C@H](C(S4)(C)C)C(=O)[O-],0,0.44812024,0
Cc1c(c(c(c2c1O[C@](CC2)(C)CCC[C@H](C)CCC[C@H](C)CCCC(C)C)C)OC(=O)C)C,0,0.4415875,0
Cc1c(c(c(c2c1OC(CC2)(C)CCCC(C)CCCC(C)CCCC(C)C)C)OC(=O)C)C,0,0.4427328,0
Cc1c(c2c(c(c1O)C)CC[C@@](O2)(C)CCC[C@H](C)CCC[C@H](C)CCCC(C)C)C,0,0.44176275,0
CC(=O)O[C@H]1C[C@@H]2CC[C@@H]3[C@@H]([C@]2(C[C@@H]1[N+]4(CCCCC4)C)C)CC[C@]5([C@H]3C[C@@H]([C@@H]5OC(=O)C)[N+]6(CCCCC6)C)C,0,0.45121196,0
CC(=O)O[C@H]1C[C@@H]2CC[C@@H]3[C@@H]([C@]2(C[C@@H]1[NH+]4CCCCC4)C)CC[C@]5([C@H]3C[C@@H]([C@@H]5OC(=O)C)[N+]6(CCCCC6)C)C,0,0.45239097,0
CCC(=O)O[C@H]1[C@H](C[C@@H]2[C@@]1(CC[C@H]3[C@H]2CC[C@@H]4[C@@]3(C[C@@H]([C@H](C4)OC(=O)C)[NH+]5CCCCC5)C)C)[N+]6(CCCCC6)CC=C,0,0.45012766,0
CC(C)C[C@@H](C(=O)N[C@@H](CCCN=C(N)N)C(=O)N1CCC[C@H]1C(=O)NNC(=O)N)NC(=O)[C@@H](COC(C)(C)C)NC(=O)[C@H](CC2=CC=C(C=C2)O)NC(=O)[C@H](CO)NC(=O)[C@H](CC3=CNC4=CC=CC=C43)NC(=O)[C@H](CC5=CN=CN5)NC(=O)[C@@H]6CCC(=O)N6,1,0.44758907,0
CC(C)CC(C(=O)NC(CCC[NH+]=C(N)N)C(=O)N1CCCC1C(=O)NNC(=O)N)NC(=O)C(COC(C)(C)C)NC(=O)C(Cc2ccc(cc2)O)NC(=O)C(CO)NC(=O)C(Cc3c[nH]c4c3cccc4)NC(=O)C(Cc5cnc[nH]5)NC(=O)C6CCC(=O)N6,0,0.44729137,0
CCNC(=O)[C@@H]1CCCN1C(=O)[C@H](CCCNC(=[NH2+])N)NC(=O)[C@H](CC(C)C)NC(=O)[C@@H](CC(C)C)NC(=O)[C@H](Cc2ccc(cc2)O)NC(=O)[C@H](CO)NC(=O)[C@H](Cc3c[nH]c4c3cccc4)NC(=O)[C@H](Cc5cnc[nH]5)NC(=O)[C@@H]6CCC(=O)N6,0,0.44761768,0
CC(C)[NH2+]CC(COc1cccc2c1cc[nH]2)O,0,0.45075953,0
CCCCCNC(=[NH2+])N/N=C/c1c[nH]c2c1cc(cc2)OC,0,0.45432836,0
CNS(=O)(=O)Cc1ccc2c(c1)c(c[nH]2)CC[NH+](C)C,0,0.44616178,0
C[NH+]1CC[C@@]23CCCC[C@@H]2[C@@H]1Cc4c3cc(cc4)OC,0,0.4477857,0
C[NH+]1CC[C@]23CCCC[C@H]2[C@H]1Cc4c3cc(cc4)O,0,0.4537253,0
C=CC[NH+]1CC[C@]23CCCC[C@H]2[C@H]1Cc4c3cc(cc4)O,0,0.45396835,0
C[N+]1(C2CCC1CC(C2)OC(=O)C(c3ccccc3)O)C,0,0.4447708,0
C[NH+]1[C@@H]2CC[C@H]1C[C@H](C2)OC(=O)C(CO)c3ccccc3,0,0.44887555,0
CC(C)[N+]1([C@@H]2CC[C@@H]1CC(C2)OC(=O)C(CO)c3ccccc3)C,0,0.44626564,0
C[C@H](C(=O)N)NC(=O)[C@@H]1CCCN1C(=O)[C@H](CCCC[NH2+]C(C)C)NC(=O)[C@H](CC(C)C)NC(=O)[C@@H](CC(=O)N)NC(=O)[C@H](Cc2ccc(cc2)O)N(C)C(=O)[C@H](CO)NC(=O)[C@@H](Cc3cccnc3)NC(=O)[C@@H](Cc4ccc(cc4)Cl)NC(=O)[C@@H](Cc5ccc6ccccc6c5)NC(=O)C,0,0.44761854,0
C[C@H](C(=O)N)NC(=O)[C@@H]1CCCN1C(=O)[C@H](CCCNC(=[NH2+])N)NC(=O)[C@H](CC(C)C)NC(=O)[C@@H](CCCNC(=O)N)NC(=O)[C@H](Cc2ccc(cc2)O)NC(=O)[C@H](CO)NC(=O)[C@@H](Cc3cccnc3)NC(=O)[C@@H](Cc4ccc(cc4)Cl)NC(=O)[C@@H](Cc5ccc6ccccc6c5)NC(=O)C,0,0.4473409,0
CCNC(=[NH+]CCCC[C@H](C(=O)N[C@@H](CC(C)C)C(=O)N[C@@H](CCCC[NH+]=C(NCC)NCC)C(=O)N1CCC[C@H]1C(=O)N[C@H](C)C(=O)N)NC(=O)[C@H](Cc2ccc(cc2)O)NC(=O)[C@H](CO)NC(=O)[C@@H](Cc3cccnc3)NC(=O)[C@@H](Cc4ccc(cc4)Cl)NC(=O)[C@@H](Cc5ccc6ccccc6c5)NC(=O)C)NCC,0,0.44802362,0
C[C@@H]1[C@H]([C@H](C[C@@H](O1)O[C@@H]2[C@H](O[C@H](C[C@@H]2O)O[C@@H]3[C@H](O[C@H](C[C@@H]3O)O[C@H]4CC[C@]5([C@@H](C4)CC[C@@H]6[C@@H]5C[C@H]([C@]7([C@@]6(CC[C@@H]7C8=CC(=O)OC8)O)C)O)C)C)C)O)O,0,0.45333275,0
C[C@@H]1[C@H]([C@H](C[C@@H](O1)O[C@@H]2[C@H](O[C@H](C[C@@H]2O)O[C@@H]3[C@H](O[C@H](C[C@@H]3O)O[C@H]4CC[C@]5([C@@H](C4)CC[C@@H]6[C@@H]5CC[C@]7([C@@]6(CC[C@@H]7C8=CC(=O)OC8)O)C)C)C)C)O)O,0,0.45323053,0
C[C@@H]1[C@H]([C@H](C[C@@H](O1)OC2[C@H](O[C@H](C[C@@H]2O)O[C@@H]3[C@H](O[C@H](C[C@@H]3O)OC4CC[C@]5([C@@H](C4)CC[C@@H]6[C@@H]5CC[C@]7([C@@]6(CC[C@@H]7C8=CC(=O)OC8)O)C)C)C)C)OC(=O)C)O,0,0.45399186,0
C[C@@H]([C@@H](c1ccc(cc1)O)O)[NH2+]CCc2ccc(cc2)O,0,0.44847718,0
C[C@H](Cc1ccc(cc1)OC)[NH2+]C[C@@H](c2ccc(c(c2)NC=O)O)O,0,0.4508617,0
CC(Cc1ccc(cc1)OC)[NH2+]CC(c2ccc(c(c2)NC=O)O)O,0,0.4468147,0
c1cnc(nc1)[N-]S(=O)(=O)c2ccc(cc2)N,0,0.4463598,0
Cc1ccnc(n1)[N-]S(=O)(=O)c2ccc(cc2)N,0,0.44650185,0
COc1cnc(nc1)[N-]S(=O)(=O)c2ccc(cc2)N,0,0.44659603,0
c1ccc(cc1)COc2ccc(cc2)O,0,0.46460024,0
C[NH2+]CCC(c1ccccc1)Oc2ccc(cc2)C(F)(F)F,0,0.44755965,0
Cc1ccccc1O[C@H](CC[NH2+]C)c2ccccc2,0,0.4435968,0
c1ccc(cc1)CC[C@@H](C(=O)[O-])[NH2+][C@@H](CCCC[NH3+])C(=O)N2CCC[C@H]2C(=O)[O-],0,0.4471329,0
C[C@@H](C(=O)N1CCC[C@H]1C(=O)[O-])[NH2+][C@@H](CCc2ccccc2)C(=O)[O-],0,0.4460398,0
CCOC(=O)[C@H](CCc1ccccc1)[NH2+][C@@H](C)C(=O)N2CCC[C@H]2C(=O)[O-],0,0.44722226,0
c1ccc(cc1)C[C@H]2C(=O)N[C@H](C(=O)N[C@H](C(=O)N[C@@H](CSSCCC(=O)N[C@H](C(=O)N2)Cc3ccc(cc3)O)C(=O)N4CCC[C@H]4C(=O)N[C@H](CCCNC(=[NH2+])N)C(=O)NCC(=O)N)CC(=O)N)CCC(=O)N,0,0.4469897,0
c1ccc(cc1)CC2C(=O)NC(C(=O)NC(C(=O)NC(CSSCC(C(=O)NC(C(=O)N2)Cc3ccc(cc3)O)[NH3+])C(=O)N4CCCC4C(=O)NC(CCC[NH+]=C(N)N)C(=O)NCC(=O)N)CC(=O)N)CCC(=O)N,0,0.4455087,0
c1ccc(cc1)CC2C(=O)NC(C(=O)NC(C(=O)NC(CSSCC(C(=O)NC(C(=O)N2)Cc3ccc(cc3)O)[NH3+])C(=O)N4CCCC4C(=O)NC(CCCC[NH3+])C(=O)NCC(=O)N)CC(=O)N)CCC(=O)N,0,0.44653365,0
c1ccc(cc1)C2=NCc3nncn3-c4c2cc(cc4)Cl,0,0.4530731,0
Cc1nnc2n1-c3ccc(cc3C(=NC2)c4ccccc4)Cl,0,0.4529489,0
Cc1nnc2n1-c3ccc(cc3C(=NC2)c4ccccc4Cl)Cl,0,0.45279446,0
c1ccc(cc1)C2(CC[NH+](CC2)CCC(C#N)(c3ccccc3)c4ccccc4)C(=O)[O-],0,0.44830433,0
CCOC(=O)C1(CC[NH+](CC1)CCC(C#N)(c2ccccc2)c3ccccc3)c4ccccc4,0,0.44946954,0
CN(C)C(=O)C(CC[NH+]1CCC(CC1)(c2ccc(cc2)Cl)O)(c3ccccc3)c4ccccc4,0,0.44678384,0
c1ccc(c(c1)CC(=O)N[C@H]2[C@@H]3N(C2=O)C(=C(CS3)CSc4nnnn4CC(=O)[O-])C(=O)[O-])C[NH3+],0,0.4475651,0
c1ccc(cc1)[C@H](C(=O)N[C@H]2[C@@H]3N(C2=O)C(=C(CS3)CSc4nnnn4CS(=O)(=O)[O-])C(=O)[O-])O,0,0.44692597,0
Cn1c(nnn1)SCC2=C(N3[C@@H]([C@@H](C3=O)NC(=O)[C@@H](c4ccccc4)O)SC2)C(=O)[O-],0,0.4477026,0
c1ccc(c(c1)CC(=O)[O-])Nc2c(cccc2Cl)Cl,0,0.45158964,0
Cc1ccc(c(c1Cl)Nc2ccccc2C(=O)[O-])Cl,0,0.45289215,0
Cc1cccc(c1C)Nc2ccccc2C(=O)[O-],0,0.45240143,0
c1cc(oc1/C=N/NC(=O)N)[N+](=O)[O-],0,0.44724935,0
C[NH2+]/C(=C\[N+](=O)[O-])/NCCSCc1ccc(o1)C[NH+](C)C,0,0.44495097,0
CN/C(=C\[N+](=O)[O-])/[NH2+]CCSCc1ccc(o1)C[NH+](C)C,0,0.44499648,0
C1CC(=O)NC(=O)C1N2C(=O)C3=C(C2=O)C(=CC=C3)N,1,0.45203662,0
C1CC(=O)NC(=O)C1N2C(=O)C3=CC=CC=C3C2=O,1,0.44903678,0
c1ccc2c(c1)C(=O)N(C2=O)C3CCC(=O)NC3=O,0,0.44903678,0
C1C2CC3CC1CC(C2)(C3)[NH3+],0,0.44357887,0
CC(C12CC3CC(C1)CC(C3)C2)[NH3+],0,0.44362837,0
CC12CC3CC(C1)(CC(C3)(C2)[NH3+])C,0,0.44373223,0
c1c(c(=O)[nH]c(=O)[nH]1)F,0,0.44642487,0
c1c(c(=O)[nH]c(=O)[nH]1)N(CCCl)CCCl,0,0.44583815,0
C1=C(C(=O)NC(=O)N1)F,1,0.44642487,0
C1[C@@H]([C@H](O[C@H]1N2C=NC(=NC2=O)N)CO)O,1,0.4459791,0
c1nc(nc(=O)n1[C@H]2[C@@H]([C@@H]([C@H](O2)CO)O)O)N,0,0.44526702,0
c1nc(nc(=O)n1[C@H]2C[C@@H]([C@H](O2)CO)O)N,0,0.4459791,0
C1[C@@H]([C@H]([C@@H]([C@H]([NH+]1CCO)CO)O)O)O,0,0.4473614,0
CCCC[NH+]1C[C@@H]([C@H]([C@@H]([C@H]1CO)O)O)O,0,0.4473109,0
CCCCCCCCC[NH+]1C[C@@H]([C@H]([C@@H]([C@H]1CO)O)O)O,0,0.44644317,0
C1[C@@H]([C@@H]2[C@H](O1)[C@@H](CO2)O[N+](=O)[O-])O,0,0.44454837,0
C1[C@H]([C@@H]2[C@H](O1)[C@H](CO2)O)O,0,0.4452343,0
C1[C@H]([C@@H]2[C@H](O1)[C@H](CO2)O[N+](=O)[O-])O[N+](=O)[O-],0,0.44489154,0
C([C@@H]1[C@H]([C@@H]([C@H]([C@H](O1)O)F)O)O)O,0,0.44444907,0
CCP(=[Au]S[C@H]1[C@@H]([C@H]([C@@H]([C@H](O1)COC(=O)C)OC(=O)C)OC(=O)C)OC(=O)C)(CC)CC,0,0.44923893,0
CN(C(=O)N[C@@H]1[C@H]([C@@H]([C@H](O[C@@H]1O)CO)O)O)N=O,0,0.4462317,0
CS(=O)(=O)CCNCC1=CC=C(O1)C2=CC3=C(C=C2)N=CN=C3NC4=CC(=C(C=C4)OCC5=CC(=CC=C5)F)Cl,1,0.45237634,0
CS(=O)(=O)CCNCc1ccc(o1)c2ccc3c(c2)c(ncn3)Nc4ccc(c(c4)Cl)OCc5cccc(c5)F,0,0.45237634,0
COc1ccc2c(c1)c(ccn2)[C@@H]([C@H]3C[C@@H]4CC[NH+]3C[C@@H]4C=C)O,0,0.45240182,0
COc1ccc2c(c1)c(ccn2)[C@H]([C@@H]3C[C@@H]4CC[NH+]3C[C@@H]4C=C)O,0,0.45184922,0
COc1cc(cc(c1OC)OC)C(=O)O[C@@H]2C[C@@H]3C[NH+]4CCc5c6ccccc6[nH]c5[C@H]4C[C@@H]3[C@@H]([C@H]2OC)C(=O)OC,0,0.45435524,0
COc1ccc2c(c1)[nH]c3c2CC[NH+]4[C@@H]3C[C@H]5[C@@H](C4)C[C@H]([C@@H]([C@H]5C(=O)OC)OC)OC(=O)c6cc(c(c(c6)OC)OC)OC,0,0.45446235,0
COC(=O)[C@H](c1ccccc1)[C@H]2CCCC[NH2+]2,0,0.4451416,0
COC(=O)C(c1ccccc1)C2CCCC[NH2+]2,0,0.4483143,0
CNC(=O)c1cc(ccn1)Oc2ccc(cc2)NC(=O)Nc3ccc(c(c3)C(F)(F)F)Cl,0,0.45507735,0
CNC(=O)C1=NC=CC(=C1)OC2=CC=C(C=C2)NC(=O)NC3=CC(=C(C=C3)Cl)C(F)(F)F,1,0.45507735,0
CN(CCOC1=CC=C(C=C1)CC2C(=O)NC(=O)S2)C3=CC=CC=N3,1,0.45423567,0
CN(CCOC1=CC=C(C=C1)CC2C(=O)NC(=O)S2)C3=CC=CC=N3.C(=C\C(=O)O)\C(=O)O,1,0.45275605,0
CN(Cc1cnc2c(n1)c(nc(n2)N)N)c3ccc(cc3)C(=O)N[C@@H](CCC(=O)[O-])C(=O)[O-],0,0.45051464,0
CN(CC1=CN=C2C(=N1)C(=NC(=N2)N)N)C3=CC=C(C=C3)C(=O)N[C@@H](CCC(=O)O)C(=O)O,1,0.4498217,0
CCOC(=O)[C@H](CCc1ccccc1)[NH2+][C@@H](C)C(=O)N2Cc3cc(c(cc3C[C@H]2C(=O)[O-])OC)OC,0,0.4506736,0
CCOC(=O)[C@H](CCc1ccccc1)[NH2+][C@@H](C)C(=O)N2Cc3ccccc3C[C@H]2C(=O)[O-],0,0.44835812,0
CCn1cc(c(=O)c2c1c(c(c(c2)F)N3CC[NH2+]C(C3)C)F)C(=O)[O-],0,0.4473591,0
CCn1cc(c(=O)c2c1cc(c(c2)F)N3CC[NH2+]CC3)C(=O)[O-],0,0.44844276,0
CCN(CC)c1ccc(cc1)C(=C2C=CC(=[N+](CC)CC)C=C2)c3cc(ccc3S(=O)(=O)[O-])S(=O)(=O)[O-],0,0.44790965,0
CN(C)c1ccc(cc1)C(=C2C=CC(=[N+](C)C)C=C2)c3ccc(cc3)N(C)C,0,0.4560289,0
CCCS(=O)(=O)NC1=C(C(=C(C=C1)F)C(=O)C2=CNC3=NC=C(C=C23)C4=CC=C(C=C4)Cl)F,1,0.45469314,0
CCCS(=O)(=O)Nc1ccc(c(c1F)C(=O)c2c[nH]c3c2cc(cn3)c4ccc(cc4)Cl)F,0,0.45469314,0
CCCCC[C@@H](/C=C/[C@H]1[C@@H](C[C@@H]([C@@H]1C/C=C\CCCC(=O)[O-])O)O)O,0,0.4452214,0
CCCCCCCC(=O)CC[C@H]1[C@@H](C[C@@H]([C@@H]1C/C=C\CCCC(=O)OC(C)C)O)O,0,0.44676068,0
CCCCc1c(c2cc(ccc2o1)NS(=O)(=O)C)C(=O)c3ccc(cc3)OCCC[NH+](CCCC)CCCC,0,0.4522896,0
CCCCc1c(c2ccccc2o1)C(=O)c3cc(c(c(c3)I)OCC[NH+](CC)CC)I,0,0.45112485,0
CCC1(CCC(=O)NC1=O)c2ccc(cc2)N,0,0.4510216,0
CCC1(CCC(=O)NC1=O)c2ccccc2,0,0.44463032,0
CCC1(C(=O)N(C(=O)N1)C)c2ccccc2,0,0.4456113,0
CCN1C(=O)C(NC1=O)c2ccccc2,0,0.4477655,0
CCC(=O)O[C@@](Cc1ccccc1)(c2ccccc2)[C@@H](C)C[NH+](C)C,0,0.44301698,0
CCC(=O)O[C@](Cc1ccccc1)(c2ccccc2)[C@H](C)C[NH+](C)C,0,0.44294906,0
CC[NH+](CC)CCCC(C)Nc1cc[nH+]c2c1ccc(c2)Cl,0,0.45237273,0
CC[NH+](CCCC(C)Nc1cc[nH+]c2c1ccc(c2)Cl)CCO,0,0.45177317,0
CC[C@H](C)C(=O)O[C@H]1C[C@H](C=C2[C@H]1[C@H]([C@H](C=C2)C)CC[C@@H]3C[C@H](CC(=O)O3)O)C,1,0.4531888,0
CCC(C)(C)C(=O)O[C@H]1C[C@H](C=C2[C@H]1[C@H]([C@H](C=C2)C)CC[C@@H]3C[C@H](CC(=O)O3)O)C,0,0.45394665,0
CC[C@H](C)[C@H]1C(=O)N[C@H](C(=O)N[C@H](C(=O)N[C@@H](CSSC[C@@H](C(=O)N[C@H](C(=O)N1)Cc2ccc(cc2)O)[NH3+])C(=O)N3CCC[C@H]3C(=O)N[C@@H](CC(C)C)C(=O)NCC(=O)N)CC(=O)N)CCC(=O)N,0,0.44877383,0
CCC(C)C1C(=O)NC(C(=O)NC(C(=O)NC(CSSCC(C(=O)NC(C(=O)N1)Cc2ccc(cc2)O)[NH3+])C(=O)N3CCCC3C(=O)NC(CC(C)C)C(=O)NCC(=O)N)CC(=O)N)C(C)O,0,0.44643998,0
CC[C@]12CC[C@H]3[C@H]([C@@H]1CC[C@]2(C#C)O)CCC4=C/C(=N/O)/CC[C@H]34,0,0.4723275,0
CC[C@]12CC[C@H]3[C@H]([C@@H]1CC[C@]2(C#C)OC(=O)C)CCC4=C/C(=N/O)/CC[C@H]34,0,0.46989274,0
CC[C@@H](CO)NC(=O)[C@H]1C[NH+]([C@@H]2Cc3c[nH]c4c3c(ccc4)C2=C1)C,0,0.45271382,0
CC[C@@H](CO)NC(=O)[C@H]1C[NH+]([C@@H]2Cc3cn(c4c3c(ccc4)C2=C1)C)C,0,0.4498663,0
CC[C@@H](C(=O)N)N1CCCC1=O,0,0.44545087,0
C=CN1CCCC1=O,0,0.4449234,0
CC[C@@]1(C[C@@H]2C[C@@](C3=C(CCN(C2)C1)C4=CC=CC=C4N3)(C5=C(C=C6C(=C5)[C@]78CCN9[C@H]7[C@@](C=CC9)([C@H]([C@@]([C@@H]8N6C=O)(C(=O)OC)O)OC(=O)C)CC)OC)C(=O)OC)O,1,0.45199394,0
CC[C@@]1(C[C@@H]2C[C@@](C3=C(CCN(C2)C1)C4=CC=CC=C4N3)(C5=C(C=C6C(=C5)[C@]78CCN9[C@H]7[C@@](C=CC9)([C@H]([C@@]([C@@H]8N6C=O)(C(=O)OC)O)OC(=O)C)CC)OC)C(=O)OC)O.OS(=O)(=O)O,1,0.449648,0
Cc1ccc(cc1)/C(=C\C[NH+]2CCCC2)/c3cccc(n3)/C=C/C(=O)[O-],0,0.4492831,0
Cc1ccc(cc1)/C(=C\C[NH+]2CCCC2)/c3ccccn3,0,0.44764,0
Cc1cc2c(cc1C)n(c-3nc(=O)[nH]c(=O)c3n2)C[C@@H]([C@@H]([C@@H](CO)O)O)O,0,0.45221108,0
Cc1cc2c(cc1C)n(c-3nc(=O)[nH]c(=O)c3n2)C[C@@H]([C@@H]([C@@H](COP(=O)([O-])[O-])O)O)O,0,0.45240688,0
Cc1cc(=O)oc2c1cc3cc(oc3c2C)C,0,0.45296407,0
COc1c2c(ccc(=O)o2)cc3c1occ3,0,0.45628133,0
CC1=C2[C@H](C(=O)[C@@]3([C@H](C[C@@H]4[C@]([C@H]3[C@@H]([C@@](C2(C)C)(C[C@@H]1OC(=O)[C@@H]([C@H](C5=CC=CC=C5)NC(=O)OC(C)(C)C)O)O)OC(=O)C6=CC=CC=C6)(CO4)OC(=O)C)O)C)O,1,0.4493945,0
CC1=C2[C@H](C(=O)[C@@]3([C@H](C[C@@H]4[C@]([C@H]3[C@@H]([C@@](C2(C)C)(C[C@@H]1OC(=O)[C@@H]([C@H](c5ccccc5)NC(=O)OC(C)(C)C)O)O)OC(=O)c6ccccc6)(CO4)OC(=O)C)OC)C)OC,0,0.4488709,0
CC1=C(C=C(C=C1)NC(=O)C2=CC=C(C=C2)CN3CCN(CC3)C)NC4=NC=CC(=N4)C5=CN=CC=C5,1,0.44763738,0
CC1=C(C=C(C=C1)NC(=O)C2=CC=C(C=C2)CN3CCN(CC3)C)NC4=NC=CC(=N4)C5=CN=CC=C5.CS(=O)(=O)O,1,0.44603553,0
CC1=C(C=C(C=C1)C(=O)NC2=CC(=CC(=C2)N3C=C(N=C3)C)C(F)(F)F)NC4=NC=CC(=N4)C5=CN=CC=C5,1,0.45506498,0
Cc1ccc(cc1Nc2nccc(n2)c3cccnc3)C(=O)Nc4cc(cc(c4)n5cc(nc5)C)C(F)(F)F,0,0.45506498,0
CC1=C(C(=O)c2ccccc2C1=O)C/C=C(\C)/CCC[C@H](C)CCC[C@H](C)CCCC(C)C,0,0.4439945,0
CC1=CC(=O)c2ccccc2C1=O,0,0.45597547,0
CC1(CC(=O)N(C1=O)C)c2ccccc2,0,0.444648,0
CN1C(=O)CC(C1=O)c2ccccc2,0,0.44495356,0
CC1(C(=O)N(C(=O)O1)C)C,0,0.44425163,0
CCC1(C(=O)N(C(=O)O1)C)C,0,0.44407496,0
CC/C(=C(/CC)\c1ccc(cc1)O)/c2ccc(cc2)O,0,0.45553443,0
CC/C(=C(/CC)\c1ccc(cc1)OP(=O)([O-])[O-])/c2ccc(cc2)OP(=O)([O-])[O-],0,0.44568926,0
CC(OC(=O)C)OC(=O)C1=C(CS[C@H]2N1C(=O)[C@H]2NC(=O)/C(=N\OC)/c3ccco3)COC(=O)N,0,0.44840366,0
CO/N=C(/c1ccco1)\C(=O)N[C@H]2[C@@H]3N(C2=O)C(=C(CS3)COC(=O)N)C(=O)[O-],0,0.44703266,0
CC(=O)OCC1=C(N2[C@@H]([C@@H](C2=O)NC(=O)Cc3cccs3)SC1)C(=O)[O-],0,0.45019367,0
CO[C@@]1([C@@H]2N(C1=O)C(=C(CS2)COC(=O)N)C(=O)[O-])NC(=O)Cc3cccs3,0,0.44796094,0
CC(=O)O[C@H]1CC[C@@H]2[C@H]3CC[C@]4([C@H]([C@@H]3CCC2=C1)CC[C@]4(C#C)OC(=O)C)C,0,0.46644768,0
CC[C@@]1(CC[C@@H]2[C@@]1(CC[C@H]3[C@H]2CCC4=CCCC[C@H]34)C)O,0,0.46240228,0
CC(=O)O[C@H]1CC[C@@]2([C@H]3CC[C@]4([C@H]([C@@H]3CC=C2C1)CC=C4c5cccnc5)C)C,0,0.4660927,0
CC(=O)O[C@H]1CC[C@@]2([C@H]3CC[C@]4([C@H]([C@@H]3CC=C2C1)CC=C4C5=CN=CC=C5)C)C,1,0.4660927,0
CC(=O)N1CCN(CC1)C2=CC=C(C=C2)OC[C@H]3CO[C@](O3)(CN4C=CN=C4)C5=C(C=C(C=C5)Cl)Cl,1,0.45139524,0
CC(=O)N1CCN(CC1)c2ccc(cc2)OC[C@H]3CO[C@](O3)(Cn4ccnc4)c5ccc(cc5Cl)Cl,0,0.45139524,0
CC(=O)CC(c1ccccc1)c2c(c3ccccc3oc2=O)[O-],0,0.4560065,0
CCC(c1ccccc1)c2c(c3ccccc3oc2=O)[O-],0,0.45513037,0
CC(=O)[C@H]1CC[C@@H]2[C@@]1(CC[C@@H]3[C@H]2C=CC4=CC(=O)CC[C@@]34C)C,0,0.46517268,0
CC1=C[C@@H]2[C@H](CC[C@]3([C@H]2CC[C@@]3(C(=O)C)OC(=O)C)C)[C@@]4(C1=CC(=O)CC4)C,0,0.45962617,0
CC(CCc1ccc(cc1)O)[NH2+]CCc2ccc(c(c2)O)O,0,0.45032918,0
CC(CCc1ccccc1)[NH2+]CC(c2ccc(c(c2)C(=O)N)O)O,0,0.44595936,0
CC(C)CN(C[C@H]([C@H](Cc1ccccc1)NC(=O)O[C@H]2CCOC2)O)S(=O)(=O)c3ccc(cc3)N,0,0.44817337,0
CC(C)CN(C[C@H]([C@H](Cc1ccccc1)NC(=O)O[C@H]2CCOC2)OP(=O)([O-])[O-])S(=O)(=O)c3ccc(cc3)N,0,0.4482888,0
CC(C)[NH2+]C[C@@H](COc1ccc(cc1)CCOCC2CC2)O,0,0.44586247,0
CC(C)[NH2+]CC(COc1ccc(cc1)CCOCC2CC2)O,0,0.44608277,0
CC(C)[N+](C)(CCOC(=O)C1c2ccccc2Oc3c1cccc3)C(C)C,0,0.44912532,0
CC[N+](C)(CC)CCOC(=O)C1c2ccccc2Oc3c1cccc3,0,0.44864076,0
CC(C)(C)c1ccc(cc1)C[NH+]2CCN(CC2)C(c3ccccc3)c4ccc(cc4)Cl,0,0.44571668,0
Cc1cccc(c1)C[NH+]2CCN(CC2)C(c3ccccc3)c4ccc(cc4)Cl,0,0.4461237,0
CC(C)(C#N)c1cc(cc(c1)C(C)(C)C#N)Cn2cncn2,0,0.44516334,0
CC(C)(C#N)C1=CC(=CC(=C1)CN2C=NC=N2)C(C)(C)C#N,1,0.44516334,0
CC(C(=O)O)O.CN1CCN(CC1)C2=CC3=C(C=C2)N/C(=C\4/C(=C5C(=NC4=O)C=CC=C5F)N)/N3.O,1,0.44660154,0
CN1CCN(CC1)C2=CC3=C(C=C2)N/C(=C/4\C(=C5C(=NC4=O)C=CC=C5F)N)/N3,1,0.45040286,0
CC#C[C@@]1(CC[C@@H]2[C@@]1(C[C@@H](C3=C4CCC(=O)C=C4CC[C@@H]23)c5ccc(cc5)N(C)C)C)O,0,0.467677,0
CC(=O)[C@]1(CC[C@@H]2[C@@]1(C[C@@H](C3=C4CCC(=O)C=C4CC[C@@H]23)c5ccc(cc5)N(C)C)C)OC(=O)C,0,0.46307924,0
C[NH2+]CC[C@@H](c1cccs1)Oc2cccc3c2cccc3,0,0.4494992,0
CNCC[C@@H](C1=CC=CS1)OC2=CC=CC3=CC=CC=C32,1,0.44795445,0
C[NH+]1CCCCC1CCN2c3ccccc3Sc4c2cc(cc4)S(=O)C,0,0.44807005,0
C[NH+]1CCCCC1CCN2c3ccccc3Sc4c2cc(cc4)SC,0,0.4487874,0
C[NH+]1[C@@H]2C[C@H](C[C@H]1[C@H]3[C@@H]2O3)OC(=O)[C@H](CO)c4ccccc4,0,0.4468903,0
C[NH+]1C2CC(CC1C3C2O3)OC(=O)C(CO)c4ccccc4,0,0.44843394,0
C[NH+](CCc1ccc(cc1)NS(=O)(=O)C)CCOc2ccc(cc2)NS(=O)(=O)C,0,0.44586644,0
CCOc1ccccc1OCC[NH2+][C@H](C)Cc2ccc(c(c2)S(=O)(=O)N)OC,0,0.44902304,0
C[NH+](C)CCN(Cc1ccc(cc1)OC)c2ccccn2,0,0.44767606,0
C[NH+](C)CCN(Cc1ccccc1)c2ccccn2,0,0.44638917,0
C[NH+](C)CCC[C@@]1(c2ccc(cc2CO1)C#N)c3ccc(cc3)F,0,0.445505,0
C[NH+](C)CCCC1(c2ccc(cc2CO1)C#N)c3ccc(cc3)F,0,0.44492447,0
C[NH+](C)C[C@H]1CCCC[C@@]1(c2cccc(c2)OC)O,0,0.4442312,0
CN(C)C[C@H]1CCCC[C@@]1(C2=CC(=CC=C2)OC)O,1,0.44467834,0
C[N+]1(CCc2cc(c3cc2[C@@H]1Cc4ccc(cc4)Oc5c6c(cc(c5OC)OC)CC[N+]([C@@H]6Cc7ccc(c(c7)O3)OC)(C)C)OC)C,0,0.44783008,0
C[NH+]1CCc2cc(c3cc2[C@@H]1Cc4ccc(cc4)Oc5c6c(cc(c5O)OC)CC[N+]([C@@H]6Cc7ccc(c(c7)O3)O)(C)C)OC,0,0.4486019,0
C[N+]1(CCc2cc(c(cc2C1Cc3ccc(c(c3)OC)OC)OC)OC)CCC(=O)OCCCCCOC(=O)CC[N+]4(CCc5cc(c(cc5C4Cc6ccc(c(c6)OC)OC)OC)OC)C,0,0.44858372,0
C[N@@+]1(CCc2cc(c(cc2[C@H]1Cc3ccc(c(c3)OC)OC)OC)OC)CCC(=O)OCCCCCOC(=O)CC[N@+]4(CCc5cc(c(cc5[C@H]4Cc6ccc(c(c6)OC)OC)OC)OC)C,0,0.45179325,0
C[C@H]1COc2c3n1cc(c(=O)c3cc(c2N4CC[NH+](CC4)C)F)C(=O)[O-],0,0.44795683,0
CC1COc2c3n1cc(c(=O)c3cc(c2N4CC[NH+](CC4)C)F)C(=O)[O-],0,0.44638515,0
C[C@H]1[C@H]([C@@](C[C@@H](O1)O[C@@H]2[C@H]([C@@H]([C@H](O[C@H]2Oc3c4cc5cc3Oc6ccc(cc6Cl)[C@H]([C@H](C(=O)N[C@H](C(=O)N[C@H]5C(=O)N[C@@H]7c8ccc(c(c8)-c9c(cc(cc9O)O)[C@H](NC(=O)[C@H]([C@@H](c1ccc(c(c1)Cl)O4)O)NC7=O)C(=O)[O-])O)CC(=O)N)NC(=O)[C@@H](CC(C)C)[NH2+]C)O)CO)O)O)(C)[NH3+])O,0,0.45200738,0
CCCCCCCCCCNCC[NH2+][C@]1(C[C@@H](O[C@H]([C@H]1O)C)O[C@@H]2[C@H]([C@@H]([C@H](O[C@H]2Oc3c4cc5cc3Oc6ccc(cc6Cl)[C@H]([C@H](C(=O)N[C@H](C(=O)N[C@H]5C(=O)N[C@@H]7c8ccc(c(c8)-c9c(cc(c(c9O)C[NH2+]CP(=O)([O-])[O-])O)[C@H](NC(=O)[C@H]([C@@H](c1ccc(c(c1)Cl)O4)O)NC7=O)C(=O)[O-])O)CC(=O)N)NC(=O)[C@@H](CC(C)C)[NH2+]C)O)CO)O)O)C,0,0.4497533,0
C[C@H](CCC(=O)[O-])[C@H]1CC[C@@H]2[C@@]1(CC[C@H]3[C@H]2[C@@H](C[C@H]4[C@@]3(CC[C@H](C4)O)C)O)C,0,0.44682097,0
C[C@H](CCC(=O)[O-])[C@H]1CC[C@@H]2[C@@]1(CC[C@H]3[C@H]2[C@H](C[C@H]4[C@@]3(CC[C@H](C4)O)C)O)C,0,0.447098,0
C[C@]12CCC(=O)C=C1[C@H](C[C@@H]3[C@@H]2[C@H](C[C@]4([C@H]3C[C@@H]5[C@]4(OC(O5)(C)C)C(=O)CO)C)O)F,0,0.45830864,0
C[C@]12CCC(=O)C=C1CC[C@@H]3[C@@]2([C@H](C[C@]4([C@H]3C[C@@H]5[C@]4(OC(O5)(C)C)C(=O)CCl)C)O)F,0,0.45794865,0
C[C@]12CC[C@H]3[C@H]([C@@H]1CC[C@@H]2C(=O)NC4=C(C=CC(=C4)C(F)(F)F)C(F)(F)F)CC[C@@H]5[C@@]3(C=CC(=O)N5)C,1,0.4650487,0
C[C@]12CC[C@H]3[C@H]([C@@H]1CC[C@@H]2C(=O)Nc4cc(ccc4C(F)(F)F)C(F)(F)F)CC[C@@H]5[C@@]3(C=CC(=O)N5)C,0,0.4650487,0
C[C@]12CC[C@@H]3c4ccc(cc4CC[C@H]3[C@@H]1CCC2=O)O,0,0.47218338,0
C[C@]12CC[C@@H]3c4ccc(cc4CC[C@H]3[C@@H]1CCC2=O)OS(=O)(=O)[O-],0,0.4610564,0
C[C@]12CC(=O)[C@H]3[C@H]([C@@H]1CC[C@@]2(C(=O)CO)O)CCC4=CC(=O)C=C[C@]34C,1,0.46217972,0
C[C@H]1C[C@H]2[C@@H]3CCC4=CC(=O)C=C[C@@]4([C@H]3C(=O)C[C@@]2([C@]1(C(=O)CO)O)C)C,0,0.4585905,0
C[C@@H]1OC[C@@H]2[C@@H](O1)[C@@H]([C@H]([C@@H](O2)O[C@@H]3c4cc5c(cc4[C@H]([C@@H]6[C@@H]3COC6=O)c7cc(c(c(c7)OC)O)OC)OCO5)O)O,0,0.4547268,0
C[C@@H]1OC[C@@H]2[C@@H](O1)[C@@H]([C@H]([C@@H](O2)O[C@H]3[C@H]4COC(=O)[C@@H]4[C@@H](C5=CC6=C(C=C35)OCO6)C7=CC(=C(C(=C7)OC)O)OC)O)O,1,0.4524637,0
C[C@@H]1C[C@H]2[C@@H]3C[C@@H](C4=CC(=O)C=C[C@@]4([C@]3([C@H](C[C@@]2([C@]1(C(=O)SCF)OC(=O)c5ccco5)C)O)F)C)F,0,0.45753163,0
C[C@@H]1C[C@H]2[C@@H]3CCC4=CC(=O)C=C[C@@]4([C@]3([C@H](C[C@@]2([C@]1(C(=O)CCl)OC(=O)c5ccco5)C)O)Cl)C,0,0.45876732,0
C[C@@H]1C[C@@H]([C@@H]2[C@H](C[C@H]([C@@](O2)(C(=O)C(=O)N3CCCC[C@H]3C(=O)O[C@@H]([C@@H]([C@H](CC(=O)[C@@H](/C=C(/C1)\C)CC=C)O)C)/C(=C/[C@@H]4CC[C@H]([C@@H](C4)OC)O)/C)O)C)OC)OC,0,0.44747978,0
CC[C@@H]1/C=C(\\C[C@@H](C[C@@H]([C@@H]2[C@H](C[C@H]([C@@](O2)(C(=O)C(=O)N3CCCC[C@H]3C(=O)O[C@@H]([C@@H]([C@H](CC1=O)O)C)/C(=C/[C@@H]4CC[C@@H]([C@@H](C4)OC)Cl)/C)O)C)OC)OC)C)/C,0,0.44692257,0
C[C@@H]1[C@@H]2[C@H](C(=O)N2C(=C1S[C@H]3C[C@H]([NH2+]C3)C(=O)N(C)C)C(=O)[O-])[C@@H](C)O,0,0.4477554,0
C[C@@H]1[C@@H]2[C@H](C(=O)N2C(=C1S[C@H]3C[C@H]([NH2+]C3)CNS(=O)(=O)N)C(=O)[O-])[C@@H](C)O,0,0.4493611,0
c1nc2c(=O)[nH]c(nc2n1COC(CO)CO)N,0,0.4459984,0
CC(C)[C@@H](C(=O)OCCOCn1cnc2c1nc([nH]c2=O)N)[NH3+],0,0.44747442,0
C1COC1=O,0,0.44414127,0
CCCCCCCCCCC[C@@H](C[C@H]1[C@@H](C(=O)O1)CCCCCC)OC(=O)[C@H](CC(C)C)NC=O,0,0.44422692,0
c1cnccc1c2cc(c(=O)[nH]c2)N,0,0.45343867,0
Cc1c(cc(c(=O)[nH]1)C#N)c2ccncc2,0,0.4495152,0
C1CNCC[NH2+]1,0,0.44647118,0
CCN(CC)C(=O)N1CC[NH+](CC1)C,0,0.44476578,0
C1CN(P(=O)(OC1)NCCCl)CCCl,1,0.4448829,0
C1CNP(=O)(OC1)N(CCCl)CCCl,1,0.44534767,0
C1CN(CCN(CCN(CC[NH+]1CC(=O)[O-])CC(=O)[O-])C(CO)C(CO)O)CC(=O)[O-],0,0.44508255,0
CC(CN1CC[NH+](CCN(CCN(CC1)CC(=O)[O-])CC(=O)[O-])CC(=O)[O-])O,0,0.445454,0
c1ccc2c(c1)[NH+]=C(c3cc(ccc3O2)Cl)N4CC[NH2+]CC4,0,0.4520681,0
C[NH+]1CCN(CC1)C2=[NH+]c3ccccc3Oc4c2cc(cc4)Cl,0,0.4486682,0
c1ccc(cc1)CC2=[NH+]CCN2,0,0.44744563,0
Cc1cc(c(c(c1CC2=[NH+]CCN2)C)O)C(C)(C)C,0,0.4427803,0
c1ccc(cc1)C2C[C@H]2[NH3+],0,0.44545817,0
CCN(CC)C(=O)[C@@]1(C[C@@H]1C[NH3+])c2ccccc2,0,0.44737235,0
c1ccc(cc1)C2C(=O)c3ccccc3C2=O,0,0.45626277,0
COc1ccc(cc1)C2C(=O)c3ccccc3C2=O,0,0.4574179,0
c1ccc(cc1)C2(C(=O)N(C(=O)N2)COP(=O)([O-])[O-])c3ccccc3,0,0.44607955,0
c1ccc(cc1)C2(C(=O)NC(=O)N2)c3ccccc3,0,0.4492573,0
c1ccc(c(c1)C[NH+]2CCc3c(ccs3)C2)Cl,0,0.44767177,0
COC(=O)[C@H](c1ccccc1Cl)[NH+]2CCc3c(ccs3)C2,0,0.44873792,0
c1cc2c(nc1)C(=C3CC[NH2+]CC3)c4ccc(cc4CC2)Cl,0,0.45299643,0
C[NH+]1CCC(=C2c3ccccc3CCc4c2nccc4)CC1,0,0.45035985,0
c1cc2c(cc1OC(F)(F)F)sc(n2)N,0,0.4594538,0
CCOc1ccc2c(c1)sc(n2)S(=O)(=O)N,0,0.4488592,0
C1CC(=O)NC(=O)C1N2CC3=C(C2=O)C=CC=C3N,1,0.45129254,0
c1cc2c(c(c1)N)CN(C2=O)C3CCC(=O)NC3=O,0,0.45129254,0
c1cc(ccc1N)S(=O)(=O)c2ccc(cc2)N,0,0.44880947,0
c1cc(ccc1NCS(=O)[O-])S(=O)(=O)c2ccc(cc2)NCS(=O)[O-],0,0.4458123,0
c1cc(ccc1CCCC[NH2+]C[C@@H](c2ccc(c(c2)O)O)O)O,0,0.45131654,0
CC(C)C(CCC[NH+](C)CCc1ccc(c(c1)OC)OC)(C#N)c2ccc(c(c2)OC)OC,0,0.44431418,0
c1cc(ccc1CCc2c[nH]c3c2c(=O)nc([nH]3)N)C(=O)N[C@@H](CCC(=O)[O-])C(=O)[O-],0,0.44946268,0
C1=CC(=CC=C1CCC2=CNC3=C2C(=O)N=C(N3)N)C(=O)N[C@@H](CCC(=O)O)C(=O)O,1,0.44853738,0
c1cc(c2c3c1C[C@@H]4[C@]5([C@]3(CC[NH+]4CC6CC6)[C@@H](O2)C(=O)CC5)O)O,0,0.45324478,0
C[N+]1(CC[C@]23c4c5ccc(c4O[C@H]2C(=O)CC[C@]3([C@H]1C5)O)O)CC6CC6,0,0.45212182,0
c1cc(c2c(c1NCC[NH2+]CCO)C(=O)c3c(ccc(c3C2=O)[O-])[O-])NCC[NH2+]CCO,0,0.45205852,0
C1=CC(=C2C(=C1NCCNCCO)C(=O)C3=C(C=CC(=C3C2=O)O)O)NCCNCCO,1,0.45190024,0
c1cc(c(cc1F)F)n2cc(c(=O)c3c2nc(c(c3)F)N4C[C@@H]5[C@H](C4)[C@H]5[NH3+])C(=O)[O-],0,0.4583623,0
C[C@@H](C(=O)N[C@@H](C)C(=O)NC1[C@H]2[C@@H]1CN(C2)c3c(cc4c(=O)c(cn(c4n3)c5ccc(cc5F)F)C(=O)[O-])F)[NH3+],0,0.4526595,0
c1cc(c(cc1Cl)Cl)COC(Cn2ccnc2)c3ccc(cc3Cl)Cl,0,0.44868693,0
c1cc(ccc1COC(Cn2ccnc2)c3ccc(cc3Cl)Cl)Cl,0,0.44911313,0
c1cc(c(cc1c2ccc(cc2F)F)C(=O)[O-])O,0,0.45323658,0
CC(c1ccc(c(c1)F)c2ccccc2)C(=O)[O-],0,0.4439519,0
c1c[nH]nc1CC[NH3+],0,0.4465607,0
Cc1c[nH]nc1,0,0.4475395,0
c1c2c(c(c(c1[131I])[O-])[131I])Oc3c(cc(c(c3[131I])[O-])[131I])C24c5c(c(c(c(c5Cl)Cl)Cl)Cl)C(=O)O4,0,0.4482574,0
c1ccc2c(c1)C(=O)OC23c4ccc(cc4Oc5c3ccc(c5)O)O,0,0.45684668,0
C1C(O1)CCl,0,0.44291764,0
C[C@H]1[C@H](O1)P(=O)([O-])[O-],0,0.4438819,0
c1c(nc(s1)[NH+]=C(N)N)CSCCC(=NS(=O)(=O)N)N,0,0.44546244,0
CN/C(=C\[N+](=O)[O-])/[NH2+]CCSCc1csc(n1)C[NH+](C)C,0,0.44470838,0
c1c(cc(c(c1Cl)NC2=[NH+]CCN2)Cl)N,0,0.45306954,0
c1cc(c(c(c1)Cl)NC2=[NH+]CCN2)Cl,0,0.45134655,0
c1c(c(nc(=O)n1[C@@H]2CS[C@@H](O2)CO)N)F,0,0.44414267,0
c1cn(c(=O)nc1N)[C@@H]2CS[C@@H](O2)CO,0,0.44457546,0
c1c(c([nH]c(=O)n1)N)F,0,0.44625714,0
c1cn(c(=O)nc1N)C[C@@H](CO)OCP(=O)([O-])[O-],0,0.4453146,0
C1[C@H]([C@@H]([C@H]([C@@H]([C@H]1[NH3+])O[C@@H]2[C@@H]([C@H]([C@@H]([C@H](O2)C[NH3+])O)O)[NH3+])O[C@H]3[C@@H]([C@@H]([C@H](O3)CO)O[C@@H]4[C@@H]([C@H]([C@@H]([C@@H](O4)C[NH3+])O)O)[NH3+])O)O)[NH3+],0,0.44828746,0
C1[C@H]([C@@H]([C@H]([C@@H]([C@H]1[NH3+])O[C@@H]2[C@@H]([C@H]([C@@H]([C@H](O2)CO)O)O)[NH3+])O[C@H]3[C@@H]([C@@H]([C@H](O3)CO)O[C@@H]4[C@@H]([C@H]([C@@H]([C@@H](O4)C[NH3+])O)O)[NH3+])O)O)[NH3+],0,0.44839808,0
C1[C@@H](NC(=[NH+][C@H]1O)N)[C@H]2C(=O)NC[C@@H](C(=O)N[C@H](C(=O)N[C@H](C(=O)N/C(=C\\NC(=O)N)/C(=O)N2)CO)CO)NC(=O)C[C@H](CCC[NH3+])[NH3+],0,0.4488303,0
C1C[NH+]=C(N[C@H]1[C@H]2C(=O)NC[C@@H](C(=O)N[C@H](C(=O)N[C@H](C(=O)N/C(=C/NC(=O)N)/C(=O)N2)CNC(=O)C[C@H](CCC[NH3+])[NH3+])CO)[NH3+])N,0,0.44895157,0
c1(c(nc(c(n1)Cl)N)N)C(=O)NC(=[NH2+])N,0,0.44654763,0
c1cnc(cn1)C(=O)N,0,0.44653618,0
C/C=C/C1=C(N2[C@@H]([C@@H](C2=O)NC(=O)[C@@H](c3ccc(cc3)O)[NH3+])SC1)C(=O)[O-],0,0.45126382,0
CC(=O)OCC1=C(N2[C@@H]([C@@H](C2=O)NC(=O)[C@@H](c3ccccc3)[NH3+])SC1)C(=O)[O-],0,0.44810012,0
C([C@@H]1[C@H]([C@@H]([C@H]([C@@H](O1)O[C@]2([C@H]([C@@H]([C@H](O2)OS(=O)(=O)O[Al](O)O)OS(=O)(=O)O[Al](O)O)OS(=O)(=O)O[Al](O)O)COS(=O)(=O)O[Al](O)O)OS(=O)(=O)O[Al](O)O)OS(=O)(=O)O[Al](O)O)OS(=O)(=O)O[Al](O)O)OS(=O)(=O)O[Al](O)O,0,0.44451487,0
C([C@@H]1[C@H]([C@@H]([C@H]([C@H](O1)O[C@]2([C@H]([C@@H]([C@H](O2)CO)O)O)CO)O)O)O)O,0,0.44459257,0
B([C@H](CC(C)C)NC(=O)[C@H](Cc1ccccc1)NC(=O)c2cnccn2)(O)O,0,0.4449581,0
B([C@H](CC(C)C)NC(=O)[C@H](CC1=CC=CC=C1)NC(=O)C2=NC=CN=C2)(O)O,1,0.4449581,0
O1[As]2O[As]1O2,0,0.44239238,0
CS(=O)(=O)O.C1CO[P@@](=O)(O[C@@H]1C2=CC(=CC=C2)Cl)COCCN3C=NC4=C3N=CN=C4N,1,0.44934347,0
CS(=O)(=O)c1ccc(cc1)C2=C(C(=O)OC2)c3ccccc3,0,0.45398688,0
COc1ccccc1OCC[NH2+]CC(COc2cccc3c2c4ccccc4[nH]3)O,0,0.45443925,0
COc1ccc2c(c1)[nH]c3c2CC[NH+]4[C@@H]3C[C@H]5[C@@H](C4)C[C@H]([C@@H]([C@H]5C(=O)OC)OC)OC(=O)/C=C/c6cc(c(c(c6)OC)OC)OC,0,0.45400757,0
COc1ccc(cc1C23CC4CC(C2)CC(C4)C3)c5ccc6cc(ccc6c5)C(=O)[O-],0,0.45929983,0
COc1ccc(cc1C(=O)NCCc2ccc(cc2)S(=O)(=O)[N-]C(=O)NC3CCCCC3)Cl,0,0.44688943,0
COc1cc2c(cc1OCCC[NH+]3CCOCC3)c(ncn2)Nc4ccc(c(c4)Cl)F,0,0.45246124,0
COc1cc2c(cc1OC)nc(nc2N)N3CCN(CC3)C(=O)C4COc5ccccc5O4,0,0.45234442,0
COc1cc2c(cc1OC)nc(nc2N)N3CCN(CC3)C(=O)C4CCCO4,0,0.45155677,0
COc1cc2c(cc1OC)C(=O)C(C2)CC3CC[NH+](CC3)Cc4ccccc4,0,0.44838342,0
COC1=CC(=O)OC(C1)/C=C/C2=CCCC=C2,1,0.44985914,0
COc1cc(cc(c1OC)OC)Cc2cnc(nc2N)N,0,0.45124167,0
COc1cc(cc(c1OC)OC)[C@@H]2c3cc4c(cc3[C@@H]([C@@H]5[C@@H]2C(=O)OC5)O)OCO4,0,0.4573623,0
COc1cc(cc(c1O)OC)[C@@H]2c3cc4c(cc3[C@H]([C@@H]5[C@@H]2C(=O)OC5)O[C@H]6[C@@H]([C@H]([C@H]7[C@H](O6)COC(O7)c8cccs8)O)O)OCO4,0,0.45534402,0
COc1cc(c(cc1C(=O)NC2CC[NH+](CC2OC)CCCOc3ccc(cc3)F)Cl)N,0,0.44842005,0
COc1c2c(cc(c1N3C[C@@H]4CCC[NH2+][C@@H]4C3)F)c(=O)c(cn2C5CC5)C(=O)[O-],0,0.4542632,0
COc1c(ncnc1OC)[N-]S(=O)(=O)c2ccc(cc2)N,0,0.44645438,0
COC1=C(C=C2C(=C1)N=CN=C2NC3=CC(=C(C=C3)F)Cl)OCCCN4CCOCC4,1,0.45228451,0
COC(=O)Nc1[nH]c2ccc(cc2n1)C(=O)c3ccccc3,0,0.45980254,0
CO[C@@H]1[C@@H]([C@H]([C@@H]([C@H](O1)COS(=O)(=O)[O-])O[C@H]2[C@@H]([C@H]([C@@H]([C@@H](O2)C(=O)[O-])O[C@@H]3[C@@H]([C@H]([C@@H]([C@H](O3)COS(=O)(=O)[O-])O[C@H]4[C@@H]([C@H]([C@@H]([C@H](O4)C(=O)[O-])O[C@@H]5[C@@H]([C@H]([C@@H]([C@H](O5)COS(=O)(=O)[O-])O)O)NS(=O)(=O)[O-])O)O)OS(=O)(=O)[O-])NS(=O)(=O)[O-])O)OS(=O)(=O)[O-])O)NS(=O)(=O)[O-],0,0.44564313,0
CO/N=C/1\CN(CC1C[NH3+])c2c(cc3c(=O)c(cn(c3n2)C4CC4)C(=O)[O-])F,0,0.44928297,0
CNS(=O)(=O)CCc1ccc2c(c1)c(c[nH]2)C3CC[NH+](CC3)C,0,0.44602615,0
CNC1=[NH+]c2ccc(cc2C(=[N+](C1)[O-])c3ccccc3)Cl,0,0.4548247,0
CNC(=O)c1cnn(c1)c2nc(c3c(n2)n(cn3)[C@H]4[C@@H]([C@@H]([C@H](O4)CO)O)O)N,0,0.44689116,0
CN1C=NC=C1[C@@](C2=CC=C(C=C2)Cl)(C3=CC4=C(C=C3)N(C(=O)C=C4C5=CC(=CC=C5)Cl)C)N,1,0.45208636,0
Cn1cnc(c1Sc2c3c(nc[nH]3)ncn2)[N+](=O)[O-],0,0.44665223,0
CN1C=NC(=C1C[N+](C)(C)C/C=C/C(=O)NC2=NC=C3C(=C2)C(=NC=N3)NC4=CC(=C(C=C4)Cl)Br)[N+](=O)[O-],1,0.4502559,0
CN1CCC[NH+]=C1COC(=O)C(c2ccccc2)(C3CCCCC3)O,0,0.4483337,0
CN1CCC(CC1)CNC2=NN3C(=NC=C3C4=CC(=CC=C4)OC(F)(F)F)C=C2,1,0.45379326,0
Cn1cc[nH]c1=S,0,0.4463631,0
CN1CC[C@@]23C=C[C@@H](C[C@@H]2OC4=C(C=CC(=C34)C1)OC)O,1,0.44839022,0
CN1CC(=O)N2[C@@H](C1=O)Cc3c4ccccc4[nH]c3[C@H]2c5ccc6c(c5)OCO6,0,0.45520338,0
Cn1c2ccccc2c(n1)C(=O)NC3CC4CCCC(C3)[NH+]4C,0,0.44755244,0
CN1C(S(=O)(=O)CCC1=O)c2ccc(cc2)Cl,0,0.44531897,0
CN1C(=O)N2C=NC(=C2N=N1)C(=O)N,1,0.44524944,0
Cn1c(nnn1)SCC2=C(N3[C@@H]([C@@H](C3=O)NC(=O)/C(=N\OC)/c4csc(n4)N)SC2)C(=O)[O-],0,0.44626808,0
Cn1c(nnn1)SCC2=C(N3[C@@H]([C@@](C3=O)(NC(=O)CSCC#N)OC)SC2)C(=O)[O-],0,0.44573748,0
Cn1c(nnn1)SCC2=C(N3[C@@H]([C@@](C3=O)(NC(=O)C4SC(=C(C(=O)N)C(=O)[O-])S4)OC)SC2)C(=O)[O-],0,0.4467922,0
Cn1c(nnn1)SCC2=C(N3[C@@H]([C@@](C3=O)(NC(=O)C(c4ccc(cc4)O)C(=O)[O-])OC)OC2)C(=O)[O-],0,0.44862416,0
Cn1c(nc(=O)c(=O)[nH]1)SCC2=C(N3[C@@H]([C@@H](C3=O)NC(=O)/C(=N\OC)/c4csc(n4)N)SC2)C(=O)[O-],0,0.4466199,0
CN1C(=C(c2ccccc2S1(=O)=O)O)C(=O)Nc3ccccn3,0,0.45215377,0
CN(CCOc1ccc(cc1)CC2C(=O)[N-]C(=O)S2)c3ccccn3,0,0.45428035,0
CN(CCCNC(=O)C1CCCO1)c2nc3cc(c(cc3c(n2)N)OC)OC,0,0.45355532,0
CN(CCCCCCCCCCN(C)C(=O)Oc1cccc(c1)[N+](C)(C)C)C(=O)Oc2cccc(c2)[N+](C)(C)C,0,0.44498584,0
CN(c1c(c(c(c(c1I)C(=O)NC(CO)C(CO)O)I)C(=O)NC(CO)C(CO)O)I)C(=O)CC(=O)N(C)c2c(c(c(c(c2I)C(=O)NC(CO)C(CO)O)I)C(=O)NC(CO)C(CO)O)I,0,0.44612643,0
CN(C)N/N=C/1\C(=NC=N1)C(=O)N,1,0.44413134,0
CN(C)c1nc(nc(n1)N(C)C)N(C)C,0,0.44573888,0
CCOCCn1c2ccccc2nc1N3CCC[NH+](CC3)C,0,0.4469217,0
CCOc1nc2cccc(c2n1Cc3ccc(cc3)c4ccccc4c5[nH]oc(=O)n5)C(=O)OCc6c(oc(=O)o6)C,0,0.45392567,0
CCOc1ccc2ccccc2c1C(=O)N[C@H]3[C@@H]4N(C3=O)[C@H](C(S4)(C)C)C(=O)[O-],0,0.45181653,0
CCOC1=CC=C(C=C1)C2=CC(=CN2C3=CC=C(C=C3)S(=O)(=O)N)C,1,0.44990247,0
CCOc1cc(ccc1C(=O)[O-])CC(=O)N[C@@H](CC(C)C)c2ccccc2N3CCCCC3,0,0.4509636,0
CCOC(=O)Nc1ccc2c(c1)N(c3ccccc3S2)C(=O)CC[NH+]4CCOCC4,0,0.45003334,0
CCOC(=O)Nc1ccc(cc1N)NCc2ccc(cc2)F,0,0.45586783,0
CCOC(=O)N1CCC(=C2c3ccc(cc3CCc4c2nccc4)Cl)CC1,0,0.45302486,0
CCOC(=O)c1cncn1C(C)c2ccccc2,0,0.45034766,0
CCOC(=O)c1ccc(nc1)C#Cc2ccc3c(c2)C(CCS3)(C)C,0,0.44800606,0
CCOC(=O)c1c2n(cn1)-c3ccc(cc3C(=O)N(C2)C)F,0,0.44950205,0
CCOC(=O)C1(CC[NH+](CC1)CCc2ccc(cc2)N)c3ccccc3,0,0.4471608,0
CCOC(=O)C1(CC[NH+](CC1)C)c2ccccc2,0,0.44459113,0
CCOC(=O)[C@H](CCc1ccccc1)[NH2+][C@H]2CCc3ccccc3N(C2=O)CC(=O)[O-],0,0.45058018,0
CCOC(=O)[C@H](CCc1ccccc1)[NH2+][C@@H](C)C(=O)N2CC3(C[C@H]2C(=O)[O-])SCCS3,0,0.44791874,0
CCOC(=O)[C@H](CCc1ccccc1)[NH2+][C@@H](C)C(=O)N2[C@H]3CCCC[C@@H]3C[C@H]2C(=O)[O-],0,0.44937783,0
CCOC(=O)[C@H](CCc1ccccc1)[NH2+][C@@H](C)C(=O)N2[C@H]3CCC[C@H]3C[C@H]2C(=O)[O-],0,0.4484697,0
CCO/N=C(/c1nc(sn1)NP(=O)([O-])[O-])\C(=O)N[C@H]2[C@@H]3N(C2=O)C(=C(CS3)Sc4nc(cs4)c5cc[n+](cc5)C)C(=O)[O-],0,0.45060056,0
CCNC(=O)CCC/C=C\C[C@H]1[C@H](C[C@H]([C@@H]1/C=C/[C@H](CCc2ccccc2)O)O)O,0,0.44601524,0
CCNC(=O)[C@@H]1CCCN1C(=O)[C@H](CCCNC(=[NH2+])N)NC(=O)[C@H](CC(C)C)NC(=O)[C@@H](Cc2cn(cn2)Cc3ccccc3)NC(=O)[C@H](Cc4ccc(cc4)O)NC(=O)[C@H](CO)NC(=O)[C@H](Cc5c[nH]c6c5cccc6)NC(=O)[C@H](Cc7cnc[nH]7)NC(=O)[C@@H]8CCC(=O)N8,0,0.44777665,0
CCN1CCN(C(=O)C1=O)C(=O)N[C@H](c2ccccc2)C(=O)N[C@H]3[C@@H]4N(C3=O)[C@H](C(S4)(C)C)C(=O)[O-],0,0.44519717,0
CCN1CCN(C(=O)C1=O)C(=O)N[C@H](c2ccc(cc2)O)C(=O)N[C@H]3[C@@H]4N(C3=O)C(=C(CS4)CSc5nnnn5C)C(=O)[O-],0,0.4462941,0
CCn1ccc(nc1=O)[N-]S(=O)(=O)c2ccc(cc2)N,0,0.4464288,0
CCn1cc(c(=O)c2c1nc(cc2)C)C(=O)[O-],0,0.44893956,0
CCn1cc(c(=O)c2c1nc(c(c2)F)N3CC[NH2+]CC3)C(=O)[O-],0,0.4472333,0
CCN1CC(C(C1=O)(c2ccccc2)c3ccccc3)CC[NH+]4CCOCC4,0,0.44751358,0
CCn1c2cc3c(cc2c(=O)c(n1)C(=O)[O-])OCO3,0,0.44841197,0
CCN(Cc1ccncc1)C(=O)C(CO)c2ccccc2,0,0.44851327,0
CCN(CC)CCS(=O)(=O)[C@@H]1CCN2C1C(=O)O[C@@H]([C@@H](/C=C/C(=O)NC/C=C/C(=C/[C@H](CC(=O)Cc3nc(co3)C2=O)O)/C)C)C(C)C,0,0.44819024,0
CCN(CC)C(=O)C1C[NH+]2CCc3cc(c(cc3C2CC1OC(=O)C)OC)OC,0,0.44813755,0
CCN(c1cccc(c1)c2ccnc3n2ncc3C#N)C(=O)C,0,0.4536334,0
CCCSc1nc(c2c(n1)n(nn2)[C@@H]3C[C@@H]([C@H]([C@H]3O)O)OCCO)N[C@@H]4C[C@H]4c5ccc(c(c5)F)F,0,0.4545714,0
CCCOC(=O)Cn1cc(c(=O)c(c1)I)I,0,0.44911984,0
CCCCS(=O)(=O)N[C@@H](Cc1ccc(cc1)OCCCCC2CC[NH2+]CC2)C(=O)[O-],0,0.4477837,0
CCCCOCCOCCOCc1cc2c(cc1CCC)OCO2,0,0.44995373,0
CCCCOc1ccc(cc1)OCCC[NH+]2CCOCC2,0,0.4501292,0
CCCCOc1ccc(cc1)C(=O)CC[NH+]2CCCCC2,0,0.45092586,0
CCCCN1C(=O)[C@H](NC(=O)C12CCN(CC2)CC3=CC=C(C=C3)OC4=CC=C(C=C4)C(=O)O)[C@@H](C5CCCCC5)O,1,0.4513715,0
CCCCCOc1ccc(cc1)c2ccc(cc2)c3ccc(cc3)C(=O)N[C@H]4C[C@H]([C@H](NC(=O)[C@@H]5[C@H]([C@H](CN5C(=O)[C@@H](NC(=O)[C@@H](NC(=O)[C@@H]6C[C@H](CN6C(=O)[C@@H](NC4=O)[C@@H](C)O)O)[C@@H]([C@H](c7ccc(cc7)O)O)O)[C@@H](C)O)C)O)O)O,0,0.45284745,0
CCCCCOc1ccc(cc1)c2cc(no2)c3ccc(cc3)C(=O)N[C@H]4C[C@H]([C@H](NC(=O)[C@@H]5[C@H]([C@H](CN5C(=O)[C@@H](NC(=O)[C@@H](NC(=O)[C@@H]6C[C@H](CN6C(=O)[C@@H](NC4=O)[C@@H](C)O)O)[C@@H]([C@H](c7ccc(c(c7)OS(=O)(=O)[O-])O)O)O)[C@@H](CC(=O)N)O)C)O)O)O,0,0.45045567,0
CCCCCCOC(=O)/[NH+]=C(\c1ccc(cc1)NCc2nc3cc(ccc3n2C)C(=O)N(CCC(=O)OCC)c4ccccn4)/N,0,0.45400748,0
CCCCCCCCCCCCCCCC[N+](C)(C)CCN(Cc1ccc(cc1)OC)c2ncccn2,0,0.44342285,0
CCCCCCCCCC(=O)N[C@@H](Cc1c[nH]c2c1cccc2)C(=O)N[C@H](CC(=O)N)C(=O)N[C@@H](CC(=O)[O-])C(=O)N[C@H]3[C@H](OC(=O)[C@@H](NC(=O)[C@@H](NC(=O)[C@H](NC(=O)CNC(=O)[C@@H](NC(=O)[C@H](NC(=O)[C@@H](NC(=O)[C@@H](NC(=O)CNC3=O)CCC[NH3+])CC(=O)[O-])C)CC(=O)[O-])CO)[C@H](C)CC(=O)[O-])CC(=O)c4ccccc4N)C,0,0.44861668,0
CCCCCCC(C)(C)c1cc(c2c(c1)OC([C@H]3[C@H]2CC(=O)CC3)(C)C)O,0,0.44791177,0
CCCCCc1cc(c2c(c1)OC([C@H]3[C@H]2C=C(CC3)C)(C)C)O,0,0.44926357,0
CCCCC[C@H](CC[C@H]1[C@@H]2Cc3cccc(c3C[C@@H]2C[C@@H]1O)OCC(=O)[O-])O,0,0.46020886,0
CCCCc1[nH+]cc(n1Cc2ccc(cc2)C(=O)[O-])/C=C(\Cc3cccs3)/C(=O)[O-],0,0.45161316,0
CCCCC(=O)N(Cc1ccc(cc1)c2ccccc2c3[n-]nnn3)[C@@H](C(C)C)C(=O)[O-],0,0.45180947,0
CCCCC(CC)COC(=O)C(=C(c1ccccc1)c2ccccc2)C#N,0,0.44749153,0
CCCCC([C@]1(CC[C@H]2[C@H](O1)CC(=O)[C@H]2CCCCCCC(=O)[O-])O)(F)F,0,0.44584152,0
CCCC[NH+](CCCC)CCC(c1cc2c(cc(cc2Cl)Cl)c3c1ccc(c3)C(F)(F)F)O,0,0.4518721,0
CCCC[NH+](CCCC)CC(c1cc(cc\2c1-c3ccc(cc3/C2=C/c4ccc(cc4)Cl)Cl)Cl)O,0,0.45152158,0
CCCc1nc2c(cc(cc2n1Cc3ccc(cc3)c4ccccc4C(=O)[O-])c5nc6ccccc6n5C)C,0,0.45521525,0
CCCc1nc(c2n1[nH]c(nc2=O)c3cc(ccc3OCC)S(=O)(=O)N4CC[NH+](CC4)CC)C,0,0.44703194,0
CCCc1nc(c(n1Cc2ccc(cc2)c3ccccc3c4n[n-]nn4)C(=O)OCc5c(oc(=O)o5)C)C(C)(C)O,0,0.4523762,0
CCCc1cc(=O)[nH]c(=S)[nH]1,0,0.44744426,0
CCCc1c2c(cc3c1oc(cc3=O)C(=O)[O-])c(=O)cc(n2CC)C(=O)[O-],0,0.4510436,0
CCCc1c2c(c(=O)[nH]c(n2)c3cc(ccc3OCC)S(=O)(=O)N4CC[NH+](CC4)C)n(n1)C,0,0.44619086,0
CCCC(CCC)C(=O)O[C@H]1C[C@H]2CC[C@@H](C1)[N+]2(C)C,0,0.44434103,0
CCCC(C)C1(C(=O)NC(=S)NC1=O)CC,0,0.44564712,0
CCCC(C)C1(C(=O)NC(=[NH+]C1=O)S)CC=C,0,0.44838548,0
CCC[NH2+]CC(COc1ccccc1C(=O)CCc2ccccc2)O,0,0.45053312,0
CCC[NH2+]C(C)C(=O)Nc1c(csc1C(=O)OC)C,0,0.4486166,0
CCC[NH2+][C@H]1CCc2c(sc(n2)N)C1,0,0.45333084,0
CCC[NH+]1C[C@@H](C[C@H]2[C@H]1Cc3c[nH]c4c3c2ccc4)CSC,0,0.45344698,0
CCC[NH+](CCc1cccs1)[C@H]2CCc3c(cccc3O)C2,0,0.4523061,0
CCC[NH+](CCC)CCc1cccc2c1CC(=O)N2,0,0.4475372,0
CCC[C@]1(CC(=C(C(=O)O1)[C@H](CC)c2cccc(c2)[N-]S(=O)(=O)c3ccc(cn3)C(F)(F)F)[O-])CCc4ccccc4,0,0.44965553,0
CCC[C@@H](C(=O)OCC)[NH2+][C@@H](C)C(=O)N1[C@H]2CCCC[C@H]2C[C@H]1C(=O)[O-],0,0.44777104,0
CCC[C@@H](C(=O)C(=O)NC1CC1)NC(=O)[C@@H]2[C@H]3CCC[C@H]3CN2C(=O)[C@H](C(C)(C)C)NC(=O)[C@H](C4CCCCC4)NC(=O)c5cnccn5,0,0.4479177,0
CCc1nn(c(=O)n1CCOc2ccccc2)CCC[NH+]3CCN(CC3)c4cccc(c4)Cl,0,0.4494285,0
CCC1Nc2cc(c(cc2C(=O)N1)S(=O)(=O)N)Cl,0,0.44570622,0
CCC1=CN=C(C=C1)CCOC2=CC=C(C=C2)CC3C(=O)NC(=O)S3,1,0.4528121,0
CCc1cccc2c1[nH]c3c2CCOC3(CC)CC(=O)[O-],0,0.451786,0
CCc1ccc(nc1)CCOc2ccc(cc2)CC3C(=O)[N-]C(=O)S3,0,0.45255336,0
CCC1=CC2C[C@@](c3c(c4ccccc4[nH]3)C[NH+](C2)C1)(c5cc6c(cc5OC)N([C@@H]7[C@]68CC[NH+]9[C@H]8[C@@](C=CC9)([C@H]([C@@]7(C(=O)OC)O)OC(=O)C)CC)C)C(=O)OC,0,0.4516014,0
CCc1cc2c(cc1CC)CC(C2)[NH2+]C[C@@H](c3ccc(c4c3ccc(=O)[nH]4)O)O,0,0.4517488,0
CCC1=C[C@H]2C[C@@](C3=C(CN(C2)C1)C4=CC=CC=C4N3)(C5=C(C=C6C(=C5)[C@]78CCN9[C@H]7[C@@](C=CC9)([C@H]([C@@]([C@@H]8N6C)(C(=O)OC)O)OC(=O)C)CC)OC)C(=O)OC,1,0.45096514,0
CCC1=C2C=C(C=CC2=NC3=C1CN4C3=CC5=C(C4=O)COC(=O)[C@@]5(CC)O)OC(=O)N6CCC(CC6)N7CCCCC7,1,0.45364827,0
CCc1c2cc(ccc2nc-3c1Cn4c3cc5c(c4=O)COC(=O)[C@@]5(CC)O)OC(=O)N6CCC(CC6)[NH+]7CCCCC7,0,0.45360953,0
CCC1=C(CN(C1=O)C(=O)NCCc2ccc(cc2)S(=O)(=O)[N-]C(=O)NC3CCC(CC3)C)C,0,0.44635347,0
CCc1c(c(nc(n1)N)N)c2ccc(cc2)Cl,0,0.45448807,0
CCc1c(c(c(c(c1Cl)[O-])Cl)O)C(=O)O[C@@H]2[C@H](O[C@H]([C@H]([C@H]2O)OC)OC/C/3=C\\C=C\\C[C@@H](/C(=C/[C@@H]([C@H](/C(=C/C(=C/C[C@H](OC3=O)[C@@H](C)O)/C)/C)O[C@H]4[C@H]([C@H]([C@@H](C(O4)(C)C)OC(=O)C(C)C)O)O)CC)/C)O)C,0,0.4478906,0
CCc1c([nH]c2c1C(=O)C(CC2)C[NH+]3CCOCC3)C,0,0.44691637,0
CCC1(CC(=O)NC1=O)C,0,0.4446886,0
CCC1(C(=O)NCNC1=O)c2ccccc2,0,0.44739425,0
CCC1(C(=O)NC(=O)CS1)c2ccccc2,0,0.44676605,0
CCC1(C(=O)C(CNC1=O)C)CC,0,0.44436854,0
CCC(=O)OC(C(C)C)OP(=O)(CCCCc1ccccc1)CC(=O)N2C[C@@H](C[C@H]2C(=O)[O-])C3CCCCC3,0,0.44734052,0
CCC(=O)O[C@H]1CC[C@@H]2[C@@]1(CC[C@H]3[C@H]2CC[C@@H]4[C@@]3(C[C@H](C(=O)C4)C)C)C,0,0.46406937,0
CCC(=O)NCC[C@@H]1CCc2c1c3c(cc2)OCC3,0,0.45077688,0
CCC(=O)N(c1ccccc1)C2CC[NH+](CC2)CCc3ccccc3,0,0.44961986,0
CCC(=O)N(c1ccccc1)C2(CC[NH+](CC2)CCn3c(=O)n(nn3)CC)COC,0,0.44670933,0
CCC(=O)N(c1ccccc1)C2(CC[NH+](CC2)CCc3cccs3)COC,0,0.45011094,0
CCC(=O)N(c1ccccc1)C2(CC[NH+](CC2)CCC(=O)OC)C(=O)OC,0,0.448301,0
CCC(C)n1c(=O)n(cn1)c2ccc(cc2)N3CCN(CC3)c4ccc(cc4)OC[C@H]5CO[C@](O5)(Cn6cncn6)c7ccc(cc7Cl)Cl,0,0.45222923,0
CCC(C)CCCCC(=O)NC(CC[NH3+])C(=O)NC(C(C)O)C(=O)NC(CC[NH3+])C(=O)NC1CCNC(=O)C(NC(=O)C(NC(=O)C(NC(=O)C(NC(=O)C(NC(=O)C(NC1=O)CC[NH3+])Cc2ccccc2)CC(C)C)CC[NH3+])CC[NH3+])C(C)O,0,0.44794,0
CCC(C)CCCC(=O)N[C@@H](CC[NH3+])C(=O)N[C@@H]([C@@H](C)O)C(=O)N[C@@H](CC[NH3+])C(=O)N[C@H]1CCNC(=O)[C@@H](NC(=O)[C@@H](NC(=O)[C@@H](NC(=O)[C@@H](NC(=O)[C@H](NC(=O)[C@@H](NC1=O)CC[NH3+])CC(C)C)CC(C)C)CC[NH3+])CC[NH3+])[C@@H](C)O,0,0.4465801,0
CCC(C)C1C(=O)NC(C(=O)NC(C(=O)NC(C(=O)NC(C(=O)NCCCCC(C(=O)NC(C(=O)N1)CCC[NH3+])NC(=O)C(C(C)CC)NC(=O)C(CCC(=O)[O-])NC(=O)C(CC(C)C)NC(=O)C2CSC(=N2)C(C(C)CC)[NH3+])CC(=O)N)CC(=O)[O-])CC3C=NC=[NH+]3)Cc4ccccc4,0,0.44702852,0
CCC(C)(C)C1C(=O)N2CCCC2C3(N1C(=O)C(O3)(C(C)C)NC(=O)C4CC5c6cccc7c6c(c[nH]7)CC5[NH+](C4)C)O,0,0.4541785,0
CC\1=C(c2cc(ccc2/C1=C\c3ccc(cc3)S(=O)C)F)CC(=O)[O-],0,0.4511691,0
CC[NH2+][C@H]1CN(S(=O)(=O)c2c1cc(s2)S(=O)(=O)N)CCCOC,0,0.44560128,0
CC[NH2+][C@H]1C[C@@H](S(=O)(=O)c2c1cc(s2)S(=O)(=O)N)C,0,0.44730535,0
CC[NH2+][C@@H]1C[C@@H]([C@H]([C@@H]([C@H]1O[C@@H]2[C@@H]([C@H]([C@@](CO2)(C)O)[NH2+]C)O)O)O[C@@H]3[C@@H](CC=C(O3)C[NH3+])[NH3+])[NH3+],0,0.44777396,0
CC[NH+](CC)CCOC(=O)C1(CCCCC1)C2CCCCC2,0,0.44371575,0
CC[NH+](CC)Cc1cc(ccc1O)Nc2ccnc3c2ccc(c3)Cl,0,0.45337856,0
CC[N+](CC)(CCNC(=O)C(=O)NCC[N+](CC)(CC)Cc1ccccc1Cl)Cc2ccccc2Cl,0,0.4466898,0
CC[C@H]1CCC[C@@H]([C@H](C(=O)C2=C[C@H]3[C@@H]4C[C@@H](C[C@H]4C(=C[C@H]3[C@@H]2CC(=O)O1)C)O[C@H]5[C@@H]([C@@H]([C@H]([C@@H](O5)C)OC)OC)OC)C)O[C@H]6CC[C@@H]([C@H](O6)C)[NH+](C)C,0,0.4498205,0
CC[C@H]1C(=O)N(CC(=O)N([C@H](C(=O)N[C@H](C(=O)N([C@H](C(=O)N[C@H](C(=O)N[C@@H](C(=O)N([C@H](C(=O)N([C@H](C(=O)N([C@H](C(=O)N([C@H](C(=O)N1)[C@@H]([C@H](C)C/C=C/C)O)C)C(C)C)C)CC(C)C)C)CC(C)C)C)C)C)CC(C)C)C)C(C)C)CC(C)C)C)C,1,0.4452792,0
CC[C@H]1[C@H](COC1=O)Cc2cncn2C,0,0.44777936,0
CC[C@H](C)C(=O)O[C@H]1C[C@@H](C=C2[C@H]1[C@H]([C@H](C=C2)C)CC[C@H](C[C@H](CC(=O)[O-])O)O)O,0,0.44989312,0
CC[C@H](C)[C@@H]1[C@H](CC[C@@]2(O1)C[C@@H]3C[C@H](O2)C/C=C(/[C@H]([C@H](/C=C/C=C/4\CO[C@H]5[C@@]4([C@@H](C=C([C@H]5O)C)C(=O)O3)O)C)O[C@H]6C[C@@H]([C@H]([C@@H](O6)C)O[C@H]7C[C@@H]([C@H]([C@@H](O7)C)O)OC)OC)\C)C,0,0.44683906,0
CC[C@]12CC(=C)[C@H]3[C@H]([C@@H]1CC[C@]2(C#C)O)CCC4=CC(=O)CC[C@H]34,0,0.47122902,0
CC[C@@H]1C(=O)N2CCC[C@H]2C(=O)N([C@H](C(=O)N3CC(C(=O)CC3C(=O)N[C@H](C(=O)O[C@@H]([C@@H](C(=O)N1)NC(=O)c4c(cccn4)O)C)c5ccccc5)CS[C@@H]6C[NH+]7CCC6CC7)Cc8ccc(cc8)N(C)C)C,0,0.44943658,0
CC[C@@H]1[C@@]([C@@H]([C@H]([NH+](C[C@@H](C[C@@]([C@@H](C([C@@H]([C@H](C(=O)O1)C)O[C@H]2C[C@@]([C@H]([C@@H](O2)C)O)(C)OC)C)O[C@H]3[C@@H]([C@H](C[C@H](O3)C)[NH+](C)C)O)(C)O)C)C)C)O)(C)O,0,0.44488484,0
CC[C@@H](C)C(=O)O[C@H]1[C@@H]([C@H]2[C@@H](C[NH+]3C[C@H](CC[C@H]3[C@@]2(C)O)C)[C@H]4[C@@]1([C@@H]5[C@@H]([C@@H]([C@H]6[C@]7([C@]5(C4)O[C@@]6([C@H](CC7)OC(=O)[C@](C)(CC)O)O)C)OC(=O)C)OC(=O)C)O)O,0,0.45236805,0
CC[C@@H]([C@H](C)O)n1c(=O)n(cn1)c2ccc(cc2)N3CCN(CC3)c4ccc(cc4)OC[C@H]5C[C@](OC5)(Cn6cncn6)c7ccc(cc7F)F,0,0.45367515,0
CC[C@@]1(c2cc-3n(c(=O)c2COC1=O)Cc4c3nc5ccc(c(c5c4)C[NH+](C)C)O)O,0,0.45524374,0
CC1=NS(=O)(=O)c2cc(ccc2N1)Cl,0,0.4478362,0
Cc1nnc(s1)SCC2=C(N3[C@@H]([C@@H](C3=O)NC(=O)Cn4cnnn4)SC2)C(=O)[O-],0,0.44617444,0
Cc1nnc(s1)[N-]S(=O)(=O)c2ccc(cc2)N,0,0.44652662,0
Cc1nnc(o1)C(=O)NC(C)(C)c2nc(c(c(=O)n2C)[O-])C(=O)NCc3ccc(cc3)F,0,0.44768214,0
Cc1nccn1CC2CCc3c(c4ccccc4n3C)C2=O,0,0.45236272,0
Cc1nc(cs1)/C=C(\C)/[C@@H]2C[C@H]3[C@](O3)(CCC[C@@H]([C@@H]([C@H](C(=O)C([C@H](CC(=O)N2)O)(C)C)C)O)C)C,0,0.44773075,0
Cc1cnc(s1)NC(=O)C2=C(c3ccccc3S(=O)(=O)N2C)O,0,0.4527784,0
Cc1cnc(cn1)C(=O)NCCc2ccc(cc2)S(=O)(=O)[N-]C(=O)NC3CCCCC3,0,0.4485709,0
Cc1cn(c(=O)[nH]c1=O)[C@H]2C=C[C@H](O2)CO,0,0.44600242,0
Cc1ccsc1C(=CCC[NH+]2CCC[C@H](C2)C(=O)[O-])c3c(ccs3)C,0,0.44704986,0
Cc1ccnc2c1NC(=O)c3cccnc3N2C4CC4,0,0.45287436,0
Cc1ccn2c(c1)nc3c2c4c(c5c3c6c(c(c5O)C)O[C@@](C6=O)(O/C=C/[C@@H]([C@H]([C@H]([C@@H]([C@@H]([C@@H]([C@H]([C@H](/C=C/C=C(\C(=O)N4)/C)C)O)C)O)C)OC(=O)C)C)OC)C)O,0,0.45315197,0
Cc1cccn2c1ncc(c2=O)c3[n-]nnn3,0,0.4476712,0
Cc1ccccc1S(=O)(=O)[N-]C(=O)c2ccc(c(c2)OC)Cc3cn(c4c3cc(cc4)NC(=O)OC5CCCC5)C,0,0.45478335,0
Cc1ccccc1N2CC[NH+](CC2)CCc3nnc4n3CCCC4,0,0.4473002,0
Cc1ccccc1N2C(Nc3cc(c(cc3C2=O)S(=O)(=O)N)Cl)C,0,0.4482634,0
Cc1ccccc1C(=O)Nc2ccc(c(c2)C)C(=O)N3CCCC(c4c3ccc(c4)Cl)O,0,0.45591092,0
Cc1cccc(c1OCC(=O)N[C@@H](Cc2ccccc2)[C@H](C[C@H](Cc3ccccc3)NC(=O)[C@H](C(C)C)N4CCCNC4=O)O)C,0,0.4480813,0
Cc1cccc(c1NC(=O)C[NH+]2CCN(CC2)CC(COc3ccccc3OC)O)C,0,0.44535223,0
Cc1cccc(c1NC(=O)c2cnc(s2)Nc3cc(nc(n3)C)N4CC[NH+](CC4)CCO)Cl,0,0.44794592,0
Cc1cccc(c1)Nc2ccncc2S(=O)(=O)[N-]C(=O)NC(C)C,0,0.4470123,0
Cc1ccc(cc1S(=O)(=O)N)Nc2nccc(n2)N(C)c3ccc4c(n(nc4c3)C)C,0,0.4514275,0
Cc1ccc(cc1Nc2nccc(n2)c3cccnc3)NC(=O)c4ccc(cc4)CN5CC[NH+](CC5)C,0,0.44753253,0
Cc1ccc(cc1C)n2c(=O)c(c([nH]2)C)N/N=C/3\C=CC=C(C3=O)c4cccc(c4)C(=O)[O-],0,0.4555747,0
CC1=CC=C(C=C1)S(=O)(=O)O.CNC(=O)C1=NC=CC(=C1)OC2=CC=C(C=C2)NC(=O)NC3=CC(=C(C=C3)Cl)C(F)(F)F,1,0.45459497,0
Cc1ccc(cc1)S(=O)(=O)[N-]C(=O)N[NH+]2CCCCCC2,0,0.44645503,0
Cc1ccc(cc1)N(CC2=[NH+]CCN2)c3cccc(c3)O,0,0.45368487,0
CC1=CC=C(C=C1)C2=CC(=NN2C3=CC=C(C=C3)S(=O)(=O)N)C(F)(F)F,1,0.45176628,0
Cc1ccc(cc1)c2c(n3cc(ccc3n2)C)CC(=O)N(C)C,0,0.45558745,0
Cc1ccc(cc1)C(=O)c2ccc(n2C)CC(=O)[O-],0,0.44858256,0
Cc1ccc(c2c1oc-3c(c(=O)c(c(c3n2)C(=O)NC4C(OC(=O)C(N(C(=O)CN(C(=O)C5CCCN5C(=O)C(NC4=O)C(C)C)C)C)C(C)C)C)N)C)C(=O)NC6C(OC(=O)C(N(C(=O)CN(C(=O)C7CCCN7C(=O)C(NC6=O)C(C)C)C)C)C(C)C)C,0,0.45108095,0
C=C1CC[C@]2([C@H]3Cc4ccc(c5c4[C@]2([C@H]1O5)CC[NH+]3CC6CC6)O)O,0,0.45303667,0
CC1Cc2ccccc2N1NC(=O)c3ccc(c(c3)S(=O)(=O)N)Cl,0,0.4480108,0
Cc1cc2c(s1)Nc3ccccc3[NH+]=C2N4CC[NH+](CC4)C,0,0.4508895,0
Cc1cc2=C(Nc3ccccc3N=c2s1)N4CC[NH+](CC4)C,0,0.4481185,0
Cc1cc2c(cc1C)N3C=N2[Co]456(N7=C8[C@H](C(C7=CC9=N4C(=C(C1=N5[C@@]([C@@H]2N6C(=C8C)[C@@]([C@H]2CC(=O)N)(CCC(=O)NC[C@H](OP(=O)(O[C@@H]2[C@H](O[C@H]3[C@@H]2O)CO)O)C)C)([C@@]([C@@H]1CCC(=O)N)(C)CC(=O)N)C)C)[C@@]([C@@H]9CCC(=O)N)(C)CC(=O)N)(C)C)CCC(=O)N)C#N,0,0.44747242,0
Cc1cc2c(cc1C)N3C=N2[Co+]456(N7=C8[C@H](C(C7=CC9=N4C(=C(C1=N5[C@@]([C@@H]2N6C(=C8C)[C@@]([C@H]2CC(=O)N)(CCC(=O)NC[C@H](OP(=O)(O[C@@H]2[C@H](O[C@H]3[C@@H]2O)CO)[O-])C)C)([C@@]([C@@H]1CCC(=O)N)(C)CC(=O)N)C)C)[C@@]([C@@H]9CCC(=O)N)(C)CC(=O)N)(C)C)CCC(=O)N)O,0,0.44776133,0
Cc1cc2c(cc1C)n(cn2)[C@@H]3[C@@H]([C@@H]([C@H](O3)CO)OP(=O)([O-])O[C@@H](C)CNC(=O)CC[C@@]4([C@H](C5[C@]6([C@@]([C@@H](C(=N6)/C(=C\7/[C@@]([C@@H](/C(=C/C8=N/C(=C(\C4=N5)/C)/[C@H](C8(C)C)CCC(=O)N)/N7)CCC(=O)N)(C)CC(=O)N)/C)CCC(=O)N)(C)CC(=O)N)C)CC(=O)N)C)O,0,0.4470268,0
Cc1cc2c(cc1C(=C)c3ccc(cc3)C(=O)[O-])C(CCC2(C)C)(C)C,0,0.4459679,0
Cc1cc(no1)C(=O)NNCc2ccccc2,0,0.4473972,0
Cc1cc(nc(n1)O[C@H](C(=O)[O-])C(c2ccccc2)(c3ccccc3)OC)C,0,0.4503018,0
Cc1cc(n(c(=O)c1)[O-])C2CCCCC2,0,0.45052946,0
Cc1cc(cc(c1Oc2c(c(nc(n2)Nc3ccc(cc3)C#N)N)Br)C)C#N,0,0.45609298,0
Cc1cc(cc(c1Nc2ccnc(n2)Nc3ccc(cc3)C#N)C)/C=C/C#N,0,0.45285842,0
Cc1cc(cc(c1)OCC2CNC(=O)O2)C,0,0.44968006,0
Cc1cc(c(n1c2ccccc2)C)/C=C/c3ccc4cc(ccc4[n+]3C)N(C)C,0,0.45486957,0
Cc1cc(c(cn1)C(=O)N[C@H](c2ccc(cc2)O)C(=O)N[C@H]3[C@@H]4N(C3=O)C(=C(CS4)CSc5nnnn5C)C(=O)[O-])O,0,0.44867438,0
Cc1c2cc3nc(cc4[nH]c(cc5nc(cc(c1CCC(=O)[O-])[nH]2)C(=C5C)CCC(=O)OC)[C@]6(C4=CC=C([C@H]6C(=O)OC)C(=O)OC)C)C(=C3C=C)C,0,0.45467559,0
Cc1c2cc3c(c(c([nH]3)cc4nc(cc5nc(cc(c1C(C)O)[nH]2)C(=C5CCC(=O)[O-])C)C(=C4C)CCC(=O)[O-])C)C(C)OC(C)c6c(c7cc8c(c(c([nH]8)cc9nc(cc1nc(cc6[nH]7)C(=C1CCC(=O)[O-])C)C(=C9C)CCC(=O)[O-])C)C(C)O)C,0,0.45600304,0
Cc1c2c(c(c(c1OC)C/C=C(\C)/CCC(=O)OCC[NH+]3CCOCC3)[O-])C(=O)OC2,0,0.44698492,0
Cc1c2c(c(c(c1OC)C/C=C(\C)/CCC(=O)[O-])[O-])C(=O)OC2,0,0.44979373,0
CC1=C2[C@H](C(=O)[C@@]3([C@H](C[C@@H]4[C@]([C@H]3[C@@H]([C@@](C2(C)C)(C[C@@H]1OC(=O)[C@@H]([C@H](C5=CC=CC=C5)NC(=O)C6=CC=CC=C6)O)O)OC(=O)C7=CC=CC=C7)(CO4)OC(=O)C)O)C)OC(=O)C,1,0.4497752,0
Cc1c(sc[n+]1Cc2cnc(nc2N)C)CCO,0,0.4468183,0
Cc1c(sc(n1)c2ccc(c(c2)C#N)OCC(C)C)C(=O)[O-],0,0.45502052,0
CC1C(OCC[NH2+]1)c2ccccc2,0,0.44444853,0
Cc1c(=O)c2cccc(c2oc1c3ccccc3)C(=O)OCC[NH+]4CCCCC4,0,0.45041925,0
Cc1c(noc1N(C(=O)C)S(=O)(=O)c2ccc(cc2)N)C,0,0.44710514,0
Cc1c(noc1[N-]S(=O)(=O)c2ccc(cc2)N)C,0,0.44642738,0
Cc1c(nc[nH]1)CN2CCc3c(c4ccccc4n3C)C2=O,0,0.4510492,0
Cc1c(nc(nc1N)[C@H](CC(=O)N)[NH2+]C[C@@H](C(=O)N)N)C(=O)N[C@@H]([C@H](c2c[nH]cn2)O[C@H]3[C@H]([C@H]([C@@H]([C@@H](O3)CO)O)O)O[C@@H]4[C@H]([C@H]([C@@H]([C@H](O4)CO)O)OC(=O)N)O)C(=O)N[C@H](C)[C@H]([C@H](C)C(=O)N[C@@H]([C@@H](C)O)C(=O)NCCc5nc(cs5)c6nc(cs6)C(=O)NCCC[S+](C)C)O,0,0.44911873,0
CC1=C(N2[C@@H]([C@@H](C2=O)NC(=O)[C@@H](C3=CCC=CC3)[NH3+])SC1)C(=O)[O-],0,0.44760278,0
Cc1c(cno1)C(=O)Nc2ccc(cc2)C(F)(F)F,0,0.45311785,0
Cc1c(cccc1O)C(=O)N[C@@H](CSc2ccccc2)[C@@H](C[NH+]3C[C@H]4CCCC[C@H]4C[C@H]3C(=O)NC(C)(C)C)O,0,0.45370722,0
Cc1c(ccc2c1oc(=O)c(c2[O-])NC(=O)c3ccc(c(c3)CC=C(C)C)O)O[C@H]4[C@@H]([C@@H]([C@H](C(O4)(C)C)OC)OC(=O)N)O,0,0.45452726,0
Cc1c(ccc2c1c(nc(n2)N)N)CNc3cc(c(c(c3)OC)OC)OC,0,0.45561194,0
Cc1c(ccc(c1)c2cc(c(cc2)N/N=C\3/C(=O)c4c(cc(cc4C=C3S(=O)(=O)[O-])S(=O)(=O)[O-])N)C)N/N=C\5/C(=O)c6c(cc(cc6C=C5S(=O)(=O)[O-])S(=O)(=O)[O-])N,0,0.45236725,0
Cc1c(cc2cc3c(c(c2c1O)[O-])C(=O)[C@H]([C@@H](C3)[C@@H](C(=O)[C@H]([C@@H](C)O)O)OC)O[C@H]4C[C@H]([C@@H]([C@H](O4)C)O)O[C@H]5C[C@H]([C@H]([C@H](O5)C)O)O[C@H]6C[C@]([C@@H]([C@H](O6)C)O)(C)O)O[C@H]7C[C@H]([C@@H]([C@H](O7)C)O)O[C@H]8C[C@H]([C@@H]([C@H](O8)C)O)O,0,0.45009327,0
CC1=C(C=C(C=C1)C(=O)NC2=CC(=C(C=C2)CN3CCN(CC3)C)C(F)(F)F)C#CC4=CN=C5N4N=CC=C5,1,0.4501293,0
CC1=C(C2=CC=CC=C2N1)CCNCC3=CC=C(C=C3)/C=C/C(=O)NO,1,0.44856694,0
Cc1c(c2cc(ccc2n1C(=O)c3ccc(cc3)Cl)OC)CC(=O)[O-],0,0.4528368,0
Cc1c(c2c3c4c1O[C@@](C4=O)(O/C=C/[C@@H]([C@H]([C@H]([C@@H]([C@@H]([C@@H]([C@H]([C@H](/C=C/C=C(\C(=O)NC(=C5C3=NC6([NH2+]5)CC[NH+](CC6)CC(C)C)C2=O)/C)C)O)C)O)C)OC(=O)C)C)OC)C)[O-],0,0.45123634,0
Cc1c(c2c3c4c1O[C@@](C4=O)(O/C=C/[C@@H]([C@H]([C@H]([C@@H]([C@@H]([C@@H]([C@H]([C@H](/C=C/C=C(\C(=O)Nc(c2O)c(c3O)/C=N/N5CC[NH+](CC5)C6CCCC6)/C)C)O)C)O)C)OC(=O)C)C)OC)C)O,0,0.451549,0
Cc1c(c2c3c4c1O[C@@](C4=O)(O/C=C/[C@@H]([C@H]([C@H]([C@@H]([C@@H]([C@@H]([C@H]([C@H](/C=C/C=C(\C(=O)Nc(c2O)c(c3O)/C=N/N5CC[NH+](CC5)C)/C)C)O)C)O)C)OC(=O)C)C)OC)C)O,0,0.45174634,0
Cc1c(c2c(c(c1O)C)CCC(O2)(C)COc3ccc(cc3)CC4C(=O)[N-]C(=O)S4)C,0,0.4526846,0
CC1=C(C(=O)N2CCCCC2=N1)CCN3CCC(CC3)C4=NOC5=C4C=CC(=C5)F,1,0.44797397,0
CC1=C(C(=O)C[C@@H]1OC(=O)[C@@H]2[C@H](C2(C)C)C=C(C)C)C/C=C/C=C,0,0.44632193,0
CC1=C(C(=O)C2=C(C1=O)N3C[C@H]4[C@@H]([C@@]3([C@@H]2COC(=O)N)OC)N4)N,1,0.4477231,0
CC1=C(C(=O)C2=C(C1=O)[NH+]3C[C@H]4[C@@H]([C@@]3([C@@H]2COC(=O)N)OC)N4)[NH3+],0,0.44756305,0
Cc1c(c(no1)c2ccccc2)c3ccc(cc3)S(=O)(=O)N,0,0.44730225,0
CC1=C(C(=CC=C1)Cl)NC(=O)C2=CN=C(S2)NC3=NC(=NC(=C3)N4CCN(CC4)CCO)C,1,0.4484317,0
CC1=C(C(=CC=C1)C)N(CC(=O)NC2=CC=C(C=C2)C3=NOC=N3)C(=O)C4CCS(=O)(=O)CC4,1,0.4543724,0
CC1=C(C(CCC1)(C)C)/C=C/C(=C/C=C/C(=C/C=C/C=C(/C=C/C=C(/C=C/C2=C(CCCC2(C)C)C)\C)\C)/C)/C,0,0.44641188,0
Cc1c(c(c(cn1)COP(=O)([O-])[O-])C[NH+](CCN(Cc2c(cnc(c2O)C)COP(=O)([O-])[O-])CC(=O)[O-])CC(=O)[O-])O,0,0.44539914,0
CC1=C(C(=C(C2=C1COC2=O)O)C/C=C(\C)/CCC(=O)OCCN3CCOCC3)OC,1,0.4474606,0
CC1=C(C(C(=C(N1)C)C(=O)OCC[NH+](C)Cc2ccccc2)c3cccc(c3)[N+](=O)[O-])C(=O)OC,0,0.45256743,0
CC1=C(C(C(=C(N1)C)C(=O)OC(C)C)c2cccc3c2non3)C(=O)OC,0,0.4506249,0
Cc1[nH]c2c(n1)-c3ccccc3N(CC2)C(=O)c4ccc(cc4)NC(=O)c5ccccc5c6ccccc6,0,0.45649248,0
Cc1[nH+]cc2n1-c3ccc(cc3C(=NC2)c4ccccc4F)Cl,0,0.4541652,0
C=C1[C@H](C[C@@H]([C@H]1CO)O)n2cnc3c2nc([nH]c3=O)N,0,0.4500847,0
CC1(O[C@@H]2CO[C@@]3([C@H]([C@@H]2O1)OC(O3)(C)C)COS(=O)(=O)N)C,0,0.4439434,0
CC1(CC(C1)C2=NC(=C3N2C=CN=C3N)C4=CC5=C(C=C4)C=CC(=N5)C6=CC=CC=C6)O,1,0.4587882,0
CC1(C[C@@H]1C(=O)N/C(=C\CCCCSC[C@@H](C(=O)[O-])[NH3+])/C(=O)[O-])C,0,0.4476094,0
CC1(C2CCC(C2)C1(C)[NH2+]C)C,0,0.444097,0
CC1(C2(C(=O)/C(=C\c3ccc(cc3)/C=C/4\C(=O)C5(C(C4CC5)(C)C)CS(=O)(=O)[O-])/C1CC2)CS(=O)(=O)[O-])C,0,0.4476134,0
CC1(C(=O)N(C(=O)N1)c2ccc(c(c2)C(F)(F)F)[N+](=O)[O-])C,0,0.4512509,0
CC1(C(C1C(=O)OCc2cccc(c2)Oc3ccccc3)C=C(Cl)Cl)C,0,0.4502939,0
CC1(C(=C)N(C2=CC=CC=C21)CCCCCC(=O)O)C,1,0.44995555,0
CC1(C([NH2+]C(S1)C(C(=O)NCCCCCC(=O)[O-])NC(=O)Cc2ccccc2)C(=O)[O-])C,0,0.44816408,0
CC1([C@@H]2[C@H]1[C@H](N(C2)C(=O)[C@H](C(C)(C)C)NC(=O)NC(C)(C)C)C(=O)NC(CC3CCC3)C(=O)C(=O)N)C,0,0.4459608,0
CC1([C@@H](N2[C@H](S1)[C@@H](C2=O)NC(=O)COc3ccccc3)C(=O)[O-])C,0,0.44638777,0
CC1([C@@H](N2[C@H](S1)[C@@H](C2=O)NC(=O)c3c(cccc3OC)OC)C(=O)[O-])C,0,0.44630197,0
CC1([C@@H](N2[C@H](S1)[C@@H](C2=O)NC(=O)C3(CCCCC3)[NH3+])C(=O)[O-])C,0,0.44683874,0
CC1([C@@H](N2[C@H](S1)[C@@H](C2=O)NC(=O)[C@@H](c3ccsc3)C(=O)[O-])C(=O)[O-])C,0,0.44669324,0
CC1([C@@H](N2[C@H](S1)[C@@H](C2=O)NC(=O)[C@@H](c3ccccc3)NC(=O)N4CCNC4=O)C(=O)[O-])C,0,0.44529927,0
CC1([C@@H](N2[C@H](S1)[C@@H](C2=O)N3C(=O)[C@H]([NH2+]C3(C)C)c4ccccc4)C(=O)[O-])C,0,0.4475119,0
CC1([C@@H](N2[C@H](S1)[C@@H](C2=O)/[NH+]=C/N3CCCCCC3)C(=O)[O-])C,0,0.44649523,0
CC1([C@@H](N2[C@H](S1(=O)=O)CC2=O)C(=O)[O-])C,0,0.4460725,0
CC(=O)S[C@@H]1CC2=CC(=O)CC[C@@]2([C@@H]3[C@@H]1[C@@H]4CC[C@]5([C@]4(CC3)C)CCC(=O)O5)C,0,0.4640747,0
CC(=O)OCC1=C(N2[C@@H]([C@@H](C2=O)NC(=O)CSc3ccncc3)SC1)C(=O)[O-],0,0.44791424,0
CC(=O)OCC(=O)[C@]1(CC[C@@H]2[C@@]1(CC(=O)[C@H]3[C@H]2CCC4=CC(=O)CC[C@]34C)C)O,0,0.45891997,0
CC(=O)OCC(=O)[C@@]12[C@@H](C[C@@H]3[C@@]1(C[C@@H]([C@]4([C@H]3CCC5=CC(=O)C=C[C@@]54C)F)O)C)OC6(O2)CCCC6,0,0.45661882,0
CC(=O)Oc1ccccc1C(=O)Nc2ncc(s2)[N+](=O)[O-],0,0.45297524,0
CC(=O)Oc1ccc(cc1)C(c2ccc(cc2)OC(=O)C)c3ccccn3,0,0.45401686,0
CC(=O)Oc1cc2c(s1)CC[NH+](C2)C(c3ccccc3F)C(=O)C4CC4,0,0.45217344,0
CC(=O)O[C@H]1C[C@@H]2CC[C@@H]3[C@@H]([C@]2(C[C@@H]1N4CC[N+](CC4)(C)C)C)CC[C@]5([C@H]3C[C@@H]([C@@H]5OC(=O)C)N6CC[N+](CC6)(C)C)C,0,0.45029792,0
CC(=O)O[C@H]1[C@H](C[C@@H]2[C@@]1(CC[C@H]3[C@H]2CC[C@@H]4[C@@]3(C[C@@H]([C@H](C4)O)[NH+]5CCOCC5)C)C)[N+]6(CCCC6)CC=C,0,0.45012757,0
CC(=O)O[C@@H]1[C@@H](Sc2ccccc2N(C1=O)CC[NH+](C)C)c3ccc(cc3)OC,0,0.448022,0
CC(=O)NC[C@H]1CN(C(=O)O1)c2ccc(c(c2)F)N3CCOCC3,0,0.44672483,0
CC(=O)Nc1nnc(s1)S(=O)(=O)N,0,0.4431739,0
CC(=O)Nc1c(c(c(c(c1I)N(C)C(=O)C)I)C(=O)N[C@@H]2[C@H]([C@@H]([C@H](OC2O)CO)O)O)I,0,0.4466744,0
CC(=O)N[C@H]1CCc2cc(c(c(c2-c3c1cc(=O)c(cc3)OC)OC)OC)OC,0,0.4558584,0
CC(=O)N[C@@H]1[C@H](C=C(O[C@H]1[C@@H]([C@@H](CO)O)O)C(=O)[O-])[NH+]=C(N)N,0,0.44561556,0
CC(=O)N[C@@H]1[C@H]([C@H]([C@H](O[C@H]1O)OS(=O)(=O)[O-])O)O[C@H]2[C@@H]([C@H]([C@@H]([C@H](O2)C(=O)[O-])O)O)O,0,0.445546,0
CC(=O)N(CC(CN(c1c(c(c(c(c1I)C(=O)NCC(CO)O)I)C(=O)NCC(CO)O)I)C(=O)C)O)c2c(c(c(c(c2I)C(=O)NCC(CO)O)I)C(=O)NCC(CO)O)I,0,0.4469984,0
CC(=O)N(C)c1c(c(c(c(c1I)C(=O)NCC(=O)Nc2c(c(c(c(c2I)C(=O)[O-])I)C(=O)NCCO)I)I)C(=O)NC)I,0,0.44773012,0
CC(=O)c1ccc2c(c1)N(c3ccccc3S2)CCC[NH+]4CCC(CC4)CCO,0,0.44861418,0
CC(=O)c1ccc(cc1)S(=O)(=O)[N-]C(=O)NC2CCCCC2,0,0.44652796,0
CC(=O)c1ccc(c(c1)OC)OCCC[NH+]2CCC(CC2)c3c4ccc(cc4on3)F,0,0.44852808,0
CC(=O)/N=c\1/n(nc(s1)S(=O)(=O)N)C,0,0.44383258,0
CC(CS(=O)(=O)c1ccc(cc1)F)(C(=O)Nc2ccc(c(c2)C(F)(F)F)C#N)O,0,0.4481725,0
CC(COc1ccccc1)[NH+](CCCl)Cc2ccccc2,0,0.45239362,0
CC(Cc1ccccc1)[NH+](C)Cc2ccccc2,0,0.44456515,0
CC(Cc1ccc2c(c1)OCO2)[NH2+]CC(c3ccc(c(c3)O)O)O,0,0.44836864,0
CC(C[NH2+]C1CCCCC1)OC(=O)c2ccccc2,0,0.4484562,0
CC(c1ccc(cc1)C(=O)c2cccs2)C(=O)[O-],0,0.45099375,0
CC(c1cc2ccccc2s1)N(C(=O)N)O,0,0.45170957,0
CC(C1C(=O)NC(CSSCC(C(=O)NC(C(=O)NC(C(=O)NC(C(=O)N1)CCCC[NH3+])Cc2c[nH]c3c2cccc3)Cc4ccccc4)NC(=O)C(Cc5ccccc5)[NH3+])C(=O)NC(CO)C(C)O)O,0,0.44942513,0
CC(C)OC(=O)CCC/C=C\C[C@H]1[C@H](C[C@H]([C@@H]1CC[C@H](CCc2ccccc2)O)O)O,0,0.44676504,0
