smiles,label,p_clinical_proxy,proxy_coverage,pred_label,valid
B([C@H](CC(C)C)NC(=O)CNC(=O)C1=C(C=CC(=C1)Cl)Cl)(O)O,1,0.108326964,1.0,0,1
C(CO)N(c1c(c(c(c(c1I)C(=O)NCC(CO)O)I)C(=O)NCC(CO)O)I)C(=O)CO,0,0.16092835,1.0,0,1
c1c(c(cc(c1Cl)Cl)Cl)OCC#CI,0,0.2897733,1.0,1,1
c1c(cc(c(c1NC(=O)C(=O)[O-])Cl)NC(=O)C(=O)[O-])C#N,0,0.23777643,1.0,1,1
c1c(cc(c(c1S(=O)(=O)N)Cl)Cl)S(=O)(=O)N,0,0.1074248,1.0,0,1
c1cc(c(c(c1)Cl)CC(=O)[NH+]=C(N)N)Cl,0,0.1468321,1.0,0,1
c1cc(c(cc1[C@H](C[NH3+])O)O)O,0,0.15980978,1.0,0,1
c1cc(c(cc1C[C@@H](C(=O)[O-])[NH3+])O)O,0,0.13747098,1.0,0,1
c1cc(c(cc1CC[NH3+])O)O,0,0.24025835,1.0,1,1
c1cc(c(cc1N)C(=O)[O-])O,0,0.2745477,1.0,1,1
c1cc(c(cc1N)O)C(=O)[O-],0,0.2575609,1.0,1,1
c1cc(cc(c1)[131I])C[NH+]=C(N)N,0,0.117530584,1.0,0,1
c1cc(ccc1[C@H]([C@@H](CO)NC(=O)[C-](Cl)Cl)O)[N+](=O)[O-],0,0.13493538,1.0,0,1
c1cc(ccc1[C@H]([C@@H](COC(=O)CCC(=O)[O-])NC(=O)[C-](Cl)Cl)O)[N+](=O)[O-],0,0.17592499,1.0,1,1
c1cc(ccc1C(CC(=O)[O-])C[NH3+])Cl,0,0.088082105,1.0,0,1
c1cc(ccc1C(=O)NCC(=O)[O-])N,0,0.12719281,1.0,0,1
c1cc(ccc1C[C@@H](C(=O)[O-])[NH3+])N(CCCl)CCCl,0,0.26764488,1.0,1,1
c1cc(ccc1C[C@@H](C(=O)[O-])[NH3+])O,0,0.11648912,1.0,0,1
c1cc(ccc1C[NH3+])S(=O)(=O)N,0,0.08301956,1.0,0,1
c1cc(ccc1CCCC(=O)[O-])N(CCCl)CCCl,0,0.28662887,1.0,1,1
c1cc(ccc1N)S(=O)(=O)N,0,0.096730016,1.0,0,1
c1cc(ccc1O)O,0,0.3620055,1.0,1,1
c1cc(ccc1OCC(COC(=O)N)O)Cl,0,0.114449605,1.0,0,1
c1cc(ccc1SC(P(=O)([O-])[O-])P(=O)([O-])[O-])Cl,0,0.12946442,1.0,0,1
c1ccc(cc1)C(COC(=O)N)COC(=O)N,0,0.11665654,1.0,0,1
c1ccc(cc1)C(=O)[O-],0,0.083235815,1.0,0,1
c1ccc(cc1)C(=O)NCC(=O)[O-],0,0.10070673,1.0,0,1
c1ccc(cc1)CC(=O)[O-],0,0.0846727,1.0,0,1
c1ccc(cc1)CC(=O)NC(=O)N,0,0.11432672,1.0,0,1
c1ccc(cc1)CCCC(=O)[O-],0,0.0865397,1.0,0,1
c1ccc(cc1)CCNN,0,0.10593919,1.0,0,1
c1ccc(cc1)COCC(C(=O)[O-])N(CCN(CC[NH+](CC(=O)[O-])CC(=O)[O-])CC(=O)[O-])CC(=O)[O-],0,0.15581018,1.0,0,1
C1=CC=C(C=C1)NC(=O)CCCCCCC(=O)NO,1,0.2523369,1.0,1,1
C[C@@H]([C@@H](c1ccc(c(c1)O)O)O)[NH3+],0,0.17123494,1.0,1,1
C[C@@H]([C@@H](c1cccc(c1)O)O)[NH3+],0,0.13469289,1.0,0,1
C[C@@H]([C@H](c1ccccc1)O)[NH2+]C,0,0.07873958,1.0,0,1
C[C@@H](C(=O)Nc1c(c(c(c(c1I)C(=O)NC(CO)CO)I)C(=O)NC(CO)CO)I)O,0,0.19583303,1.0,1,1
C[C@@H](Cc1ccccc1)[NH3+],0,0.08977213,1.0,0,1
C[C@@H](Cc1ccccc1)NC(=O)[C@H](CCCC[NH3+])[NH3+],0,0.08614173,1.0,0,1
C[C@](Cc1ccc(c(c1)O)O)(C(=O)[O-])[NH3+],0,0.12252736,1.0,0,1
C[C@](Cc1ccc(cc1)O)(C(=O)[O-])[NH3+],0,0.09727806,1.0,0,1
C[C@H]([C@H](c1ccccc1)O)[NH3+],0,0.08489395,1.0,0,1
C[C@H](Cc1ccccc1)[NH+](C)CC#C,0,0.08899034,1.0,0,1
C[NH+](CC#C)Cc1ccccc1,0,0.14090554,1.0,0,1
C[NH2+]C[C@@H](c1ccc(c(c1)O)O)O,0,0.14590783,1.0,0,1
C[NH2+]C[C@@H](c1cccc(c1)O)O,0,0.10499344,1.0,0,1
CC(C(c1cc(ccc1OC)OC)O)[NH3+],0,0.1018425,1.0,0,1
CC(C(=O)c1cccc(c1)Cl)[NH2+]C(C)(C)C,0,0.12239753,1.0,0,1
CC(C)(C)[NH2+]C[C@@H](c1ccc(c(c1)CO)O)O,0,0.10376932,1.0,0,1
CC(C)(C)[NH2+]CC(c1cc(cc(c1)O)O)O,0,0.14958653,1.0,0,1
CC(C)(C)[NH2+]CC(c1ccc(c(c1)CO)O)O,0,0.10074151,1.0,0,1
CC(C)(C)C(=O)Oc1ccc(cc1OC(=O)C(C)(C)C)C(C[NH2+]C)O,0,0.18806215,1.0,1,1
CC(C)(C)CC(C)(C)c1ccc(cc1)O,0,0.28464362,1.0,1,1
CC(C)(Cc1ccc(cc1)Cl)[NH3+],0,0.11200969,1.0,0,1
CC(C)(Cc1ccccc1)[NH2+]C,0,0.09741004,1.0,0,1
CC(C)(Cc1ccccc1)[NH3+],0,0.10832245,1.0,0,1
CC(C)/[NH+]=C(\N)/[NH+]=C(\N)/Nc1ccc(cc1)Cl,0,0.1167511,1.0,0,1
CC(C)[C@@H](Cc1ccc(c(c1)OCCCOC)OC)C[C@@H]([C@H](C[C@@H](C(C)C)C(=O)NCC(C)(C)C(=O)N)O)[NH3+],0,0.10169729,1.0,0,1
CC(C)[NH2+]C(C)Cc1ccc(cc1)[123I],0,0.09156093,1.0,0,1
CC(C)[NH2+]CC(c1cc(cc(c1)O)O)O,0,0.1495172,1.0,0,1
CC(C)[NH2+]CC(c1ccc(c(c1)O)O)O,0,0.12191328,1.0,0,1
CC(C)[NH2+]CC(c1ccc(cc1)NS(=O)(=O)C)O,0,0.08966697,1.0,0,1
CC(C)[NH2+]CC(COc1ccc(cc1)CC(=O)N)O,0,0.10964137,1.0,0,1
CC(C)[NH2+]CC(COc1ccc(cc1)CCC(=O)OC)O,0,0.11135849,1.0,0,1
CC(C)[NH2+]CC(COc1ccc(cc1)CCOC)O,0,0.11024058,1.0,0,1
CC(C)[NH2+]CC(COc1ccc(cc1)COCCOC(C)C)O,0,0.11647522,1.0,0,1
CC(C)[NH2+]CC(COc1ccccc1OCC=C)O,0,0.15526113,1.0,0,1
CC(C)C(=O)Nc1ccc(c(c1)C(F)(F)F)[N+](=O)[O-],0,0.29114476,1.0,1,1
CC(C)c1cccc(c1NC(=O)C[NH+](CC(=O)[O-])CC(=O)[O-])C(C)C,0,0.17937674,1.0,1,1
CC(C)c1cccc(c1O)C(C)C,0,0.20369807,1.0,1,1
CC(C)c1cccc(c1OCOP(=O)([O-])[O-])C(C)C,0,0.14718735,1.0,0,1
CC(C)Cc1ccc(cc1)C(C)C(=O)[O-],0,0.083101965,1.0,0,1
CC(C)NC(=O)c1ccc(cc1)CNNC,0,0.08425643,1.0,0,1
CC(Cc1ccc(cc1)O)[NH3+],0,0.14307375,1.0,0,1
CC(Cc1ccccc1)[NH2+]C,0,0.08875716,1.0,0,1
CC(Cc1ccccc1)[NH3+],0,0.09058713,1.0,0,1
CC(CN(c1c(cc(c(c1I)N)I)I)C(=O)C)C(=O)[O-],0,0.24764912,1.0,1,1
CC(=O)[N-]S(=O)(=O)c1ccc(cc1)N,0,0.09187845,1.0,0,1
CC(=O)N(CC(CO)O)c1c(c(c(c(c1I)C(=O)NCC(CO)O)I)C(=O)NCC(CO)O)I,0,0.15872154,1.0,0,1
CC(=O)N(CC(CO)O)c1c(c(c(c(c1I)C(=O)NCC(CO)O)I)C(=O)NCCO)I,0,0.16277283,1.0,0,1
CC(=O)N[C@H](COC)C(=O)NCc1ccccc1,0,0.09619598,1.0,0,1
CC(=O)Nc1c(c(c(c(c1I)C(=O)[O-])I)C(=O)NC)I,0,0.18694074,1.0,1,1
CC(=O)Nc1c(c(c(c(c1I)N(C)C(=O)C)I)C(=O)[O-])I,0,0.20517711,1.0,1,1
CC(=O)Nc1c(c(c(c(c1I)NC(=O)C)I)C(=O)[O-])I,0,0.20570853,1.0,1,1
CC(=O)Nc1c(cc(c(c1I)C(=O)[O-])I)I,0,0.20296313,1.0,1,1
CC(=O)Nc1ccc(cc1)O,0,0.29379374,1.0,1,1
CC(=O)NCc1c(c(c(c(c1I)NC(=O)C)I)C(=O)[O-])I,0,0.18260469,1.0,1,1
CC(=O)Oc1ccccc1C(=O)[O-],0,0.11160025,1.0,0,1
CC(=O)OC1=CC=CC=C1C(=O)O,1,0.11095019,1.0,0,1
Cc1c(c(c(c(c1C(=O)[O-])I)NC(=O)C)I)C(=O)NC,0,0.16381519,1.0,0,1
Cc1cc(c(c(c1/C=C/C(=C/C=C/C(=C/C(=O)[O-])/C)/C)C)C)OC,0,0.24765573,1.0,1,1
Cc1cc(c(c(c1NC(=O)C[NH+](CC(=O)[O-])CC(=O)[O-])C)Br)C,0,0.14892913,1.0,0,1
Cc1cc(c(c(c1OC(=O)C)C)C)OCC(C[NH2+]C(C)C)O,0,0.112450115,1.0,0,1
Cc1ccc(c(c1)OCCCC(C)(C)C(=O)[O-])C,0,0.09346836,1.0,0,1
Cc1cccc(c1NC(=O)C(C)[NH3+])C,0,0.098638885,1.0,0,1
Cc1cccc(c1NC(=O)C[NH+](CC(=O)[O-])CC(=O)[O-])C,0,0.13587347,1.0,0,1
Cc1cccc(c1OCC(C)[NH3+])C,0,0.09583518,1.0,0,1
CC[C@@H](c1cccc(c1)O)[C@@H](C)C[NH+](C)C,0,0.14613771,1.0,0,1
CC[N+](C)(C)c1cccc(c1)O,0,0.09213067,1.0,0,1
CC[N+](C)(C)Cc1ccccc1Br,0,0.10357088,1.0,0,1
CC[N+](CC)(CC)CCOc1cccc(c1OCC[N+](CC)(CC)CC)OCC[N+](CC)(CC)CC,0,0.124645315,1.0,0,1
CC[NH+](CC)C(C)C(=O)c1ccccc1,0,0.101792246,1.0,0,1
CC[NH+](CC)CC(=O)Nc1c(cccc1C)C,0,0.095537886,1.0,0,1
CC[NH+](CC)CCNC(=O)c1cc(c(cc1OC)N)Cl,0,0.105449565,1.0,0,1
CC[NH+](CC)CCNC(=O)c1ccc(cc1)N,0,0.10220891,1.0,0,1
CC[NH+](CC)CCOC(=O)c1ccc(cc1)N,0,0.113775186,1.0,0,1
CC[NH+](CC)CCOC(=O)c1ccc(cc1Cl)N,0,0.116546094,1.0,0,1
CCC(C(c1ccc(c(c1)O)O)O)[NH2+]C(C)C,0,0.12429893,1.0,0,1
CCC(=C)C(=O)c1ccc(c(c1Cl)Cl)OCC(=O)[O-],0,0.30118454,1.0,1,1
CCC(Cc1c(cc(c(c1I)N)I)I)C(=O)[O-],0,0.24584241,1.0,1,1
CCC[NH+](CC)C(CC)C(=O)Nc1c(cccc1C)C,0,0.13207327,1.0,0,1
CCC[NH2+]C(C)C(=O)Nc1ccccc1C,0,0.094767876,1.0,0,1
CCCC(=O)Nc1c(cc(c(c1I)CC(CC)C(=O)[O-])I)I,0,0.22820227,1.0,1,1
CCCC(=O)Nc1ccc(c(c1)C(=O)C)OCC(C[NH2+]C(C)C)O,0,0.16588093,1.0,0,1
CCCCC(CC)COC(=O)/C=C/c1ccc(cc1)OC,0,0.17691265,1.0,1,1
CCCCCCC[NH+](CC)CCCC(c1ccc(cc1)NS(=O)(=O)C)O,0,0.16207293,1.0,0,1
CCCCCCCCc1ccc(cc1)CCC(CO)(CO)[NH3+],0,0.16460271,1.0,0,1
CCCCCCCCCc1ccc(cc1)OCCOCCOCCOCCOCCOCCOCCOCCOCCO,0,0.22512013,1.0,1,1
CCCCNC(=O)[N-]S(=O)(=O)c1ccc(cc1)C,0,0.11056278,1.0,0,1
CCCCNc1ccc(cc1)C(=O)OCC[NH+](C)C,0,0.12606904,1.0,0,1
CCCCNc1ccc(cc1)C(=O)OCCOCCOCCOCCOCCOCCOCCOCCOCCOC,0,0.28171596,1.0,1,1
CCCCOc1cc(ccc1N)C(=O)OCC[NH+](CC)CC,0,0.13418263,1.0,0,1
CCCN(CCC)S(=O)(=O)c1ccc(cc1)C(=O)[O-],0,0.104585245,1.0,0,1
CCCNC(=O)[N-]S(=O)(=O)c1ccc(cc1)Cl,0,0.11705507,1.0,0,1
CCCOc1cc(ccc1C(=O)OCC[NH+](CC)CC)N,0,0.13602331,1.0,0,1
CCCOc1ccc(cc1N)C(=O)OCC[NH+](CC)CC,0,0.12451034,1.0,0,1
CCN(C)C(=O)Oc1cccc(c1)[C@H](C)[NH+](C)C,0,0.07202581,1.0,0,1
CCN(c1ccccc1C)C(=O)/C=C/C,0,0.23523094,1.0,1,1
CCN(CC)C(=O)/C(=C/c1cc(c(c(c1)O)[O-])[N+](=O)[O-])/C#N,0,0.2895047,1.0,1,1
CCN(CC)CC(=O)NC1=C(C=CC=C1C)C,1,0.08675482,1.0,0,1
CCOC(=O)/C=C(\C)/C=C/C=C(\C)/C=C/c1c(cc(c(c1C)C)OC)C,0,0.2585497,1.0,1,1
CCOC(=O)[C@](C)(Cc1ccc(c(c1)O)O)[NH3+],0,0.15329674,1.0,0,1
CCOC(=O)C(C)(C)Oc1ccc(cc1)Cl,0,0.17681032,1.0,1,1
CCOC(=O)CCCCCCCCC(C)c1ccccc1I,0,0.11658245,1.0,0,1
CCOc1ccc(cc1)CC(CN(CC[NH+](CC(=O)[O-])CC(=O)[O-])CC(=O)[O-])[NH+](CC(=O)[O-])CC(=O)[O-],0,0.16492522,1.0,0,1
CN(C)/C=[NH+]/c1c(cc(c(c1I)CCC(=O)[O-])I)I,0,0.20876685,1.0,1,1
CN(CC(CO)O)C(=O)c1c(c(c(c(c1I)NC(=O)COC)I)C(=O)NCC(CO)O)I,0,0.16775878,1.0,0,1
CN/C(=[NH+]\C)/NCc1ccccc1,0,0.11207128,1.0,0,1
COC(CNC(=O)c1ccccc1OCC(=O)[O-])C[Hg]O,0,0.2354509,1.0,1,1
COC(=O)c1ccccc1O,0,0.17339636,1.0,1,1
COc1ccc(c(c1)C(CNC(=O)C[NH3+])O)OC,0,0.10338635,1.0,0,1
COc1ccc(cc1)O,0,0.27715388,1.0,1,1
COc1ccccc1OCC(CO)O,0,0.09740834,1.0,0,1
COc1ccccc1OCC(COC(=O)N)O,0,0.103777766,1.0,0,1
COCCCC/C(=N\OCC[NH3+])/c1ccc(cc1)C(F)(F)F,0,0.22118124,1.0,1,1
*C(=O)[C@H](CCCCNC(=O)OCCOC)NC(=O)OCCOC,0,0.16806106,1.0,0,1
[C@H]([C@@H]([C@@H](C(=O)[O-])O)O)([C@H](C(=O)[O-])O)O,0,0.06687846,1.0,0,1
[N+](=O)([O-])[O-],0,0.12395576,1.0,0,1
[N]=O,0,0.09952974,1.0,0,1
[O-][99Tc](=O)(=O)=O,0,0.16707084,1.0,0,1
[O-]P(=O)([O-])F,0,0.092994824,1.0,0,1
[O-]S(=O)(=O)[O-],0,0.13094003,1.0,0,1
[O-]S(=O)(=S)[O-],0,0.15076894,1.0,0,1
[Se],1,0.0986326,1.0,0,1
C#N,0,0.09005181,1.0,0,1
C(#N)[Fe-2](C#N)(C#N)(C#N)(C#N)N=O,0,0.2447576,1.0,1,1
C([C@@H](C(=O)[O-])[NH3+])S,0,0.07061677,1.0,0,1
C([C@H]([C@@H]([C@H](C=O)O)O)O)O,0,0.069694705,1.0,0,1
C([C@H]([C@H]([C@@H]([C@@H](CO)O)O)O)O)O,0,0.063303955,1.0,0,1
C([C@H]([C@H]([C@@H]([C@H](C(=O)[O-])O)O)O)O)O,0,0.06610743,1.0,0,1
C([C@H]([C@H]([C@@H]([C@H](CO)O)O)O)O)O,0,0.06436195,1.0,0,1
C(=[NH2+])(N)N,0,0.1440734,1.0,0,1
C(C(C(C(C(F)(F)Br)(F)F)(F)F)(F)F)(C(C(C(F)(F)F)(F)F)(F)F)(F)F,0,0.08111727,1.0,0,1
C(C(C(C(F)(F)F)(F)F)(F)F)(C(C(F)(F)F)(F)F)(F)F,0,0.07135032,1.0,0,1
C(C(C(=O)[O-])O)(C(=O)[O-])O,0,0.09900508,1.0,0,1
C(C(C(=O)[O-])S)(C(=O)[O-])S,0,0.18764232,1.0,1,1
C(C(Cl)(Cl)Cl)OP(=O)([O-])[O-],0,0.16006245,1.0,0,1
C(C(CO)(CO)[NH3+])O,0,0.071173936,1.0,0,1
C(C(CO)O)O,0,0.062095717,1.0,0,1
C(C(CO[N+](=O)[O-])O[N+](=O)[O-])O[N+](=O)[O-],0,0.1777093,1.0,1,1
C(C(CS)S)O,0,0.081291,1.0,0,1
C(C(F)(F)F)(C(F)(F)F)(F)F,0,0.061708357,1.0,0,1
C(C(F)(F)F)(Cl)Br,0,0.08534,1.0,0,1
C(C(F)(F)F)(OC(F)F)Cl,0,0.063501336,1.0,0,1
C(C(F)(F)F)(OC(F)F)F,0,0.05588865,1.0,0,1
C(=C(F)F)(F)F,0,0.072420664,1.0,0,1
C(C(=O)[O-])[NH3+],0,0.09650436,1.0,0,1
C(C(=O)[O-])C(CC(=O)[O-])(C(=O)[O-])O,0,0.13013746,1.0,0,1
C(C(OC(F)F)(F)F)(F)Cl,0,0.062088937,1.0,0,1
C(=C/C(=O)[O-])\C(=O)[O-],0,0.17080371,1.0,1,1
C(C[C@@H](C(=O)[O-])[NH3+])C[NH+]=C(N)N,0,0.08509379,1.0,0,1
C(C[NH2+]CCNCC[NH2+]CCN)N,0,0.121286266,1.0,0,1
C(C[NH3+])C(O)(P(=O)([O-])[O-])P(=O)([O-])[O-],0,0.093860775,1.0,0,1
C(C[NH3+])C[NH2+]CCSP(=O)([O-])[O-],0,0.112075604,1.0,0,1
C(CC(C(F)F)(C(=O)[O-])[NH3+])C[NH3+],0,0.0864024,1.0,0,1
C(CC(O)(P(=O)([O-])[O-])P(=O)([O-])[O-])C[NH3+],0,0.09324847,1.0,0,1
C(CC(=O)[O-])C(=O)[O-],0,0.11006815,1.0,0,1
C(CC(=O)[O-])C(=O)C[NH3+],0,0.10682897,1.0,0,1
C(CC(=O)[O-])CO,0,0.08139913,1.0,0,1
C(CC(=O)N)[C@@H](C(=O)[O-])[NH3+],0,0.076343484,1.0,0,1
C(CC(=O)N[C@@H](CSSC[C@@H](C(=O)NCC(=O)[O-])NC(=O)CC[C@@H](C(=O)[O-])[NH3+])C(=O)NCC(=O)[O-])[C@@H](C(=O)[O-])[NH3+],0,0.12552325,1.0,0,1
C(CCC(=O)[O-])CC[NH3+],0,0.094579265,1.0,0,1
C(CCCC(=O)[O-])CCCC(=O)[O-],0,0.120102495,1.0,0,1
C(CN(CC(=O)[O-])CC(=O)[O-])[NH+](CC(=O)[O-])CC(=O)[O-],0,0.16792533,1.0,0,1
C(CN(CC[NH+](CC(=O)[O-])CC(=O)[O-])CC(=O)[O-])[NH+](CC(=O)[O-])CC(=O)[O-],0,0.17031921,1.0,1,1
C(CNCC[NH2+]CCN)[NH3+],0,0.116963856,1.0,0,1
C(CS(=O)(=O)[O-])S,0,0.1093635,1.0,0,1
C(CS)[NH3+],0,0.07603138,1.0,0,1
C(=O)([O-])[O-],0,0.10714009,1.0,0,1
C(=O)([O-])P(=O)([O-])[O-],0,0.12748195,1.0,0,1
C(=O)(N)N,0,0.13023478,1.0,0,1
C(=O)(N)NO,0,0.11964266,1.0,0,1
C(OC(C(F)(F)F)C(F)(F)F)F,0,0.0690693,1.0,0,1
C[C@@H]([NH2+]CC(C[NH2+][C@@H](/C(=N/O)/C)C)(C)C)/C(=N/O)/C,0,0.069150284,1.0,0,1
C[N+](C)(C)C[C@@H](CC(=O)[O-])O,0,0.07300757,1.0,0,1
C[N+](C)(C)CC(=O)[O-],0,0.11813731,1.0,0,1
C[N+](C)(C)CCCCCC[NH2+]CC=C,0,0.13111758,1.0,0,1
C[N+](C)(C)CCCCCCCCCC[N+](C)(C)C,0,0.204613,1.0,1,1
C[N+](C)(C)CCOC(=O)CCC(=O)OCC[N+](C)(C)C,0,0.09472416,1.0,0,1
C[N+](C)(C)CCOC(=O)N,0,0.11721948,1.0,0,1
C[NH+](CCCl)CCCl,0,0.1493074,1.0,0,1
C[NH2+]C[C@@H]([C@H]([C@@H]([C@@H](CO)O)O)O)O,0,0.0617188,1.0,0,1
CC(C(=O)[O-])O,0,0.07683003,1.0,0,1
CC(C(=O)NCC(=O)[O-])S,0,0.10661583,1.0,0,1
CC(C)([C@H](C(=O)[O-])[NH3+])S,0,0.066819265,1.0,0,1
CC(C)(CO)[C@H](C(=O)NCCC(=O)[O-])O,0,0.085808866,1.0,0,1
CC(C)(CO)[C@H](C(=O)NCCCO)O,0,0.08192935,1.0,0,1
CC(C)C[C@@H](CC(=O)[O-])C[NH3+],0,0.074990936,1.0,0,1
CC(C)O,0,0.07757983,1.0,0,1
CC(C)OP(=O)(OC(C)C)F,0,0.10667922,1.0,0,1
CC(C[N+](C)(C)C)OC(=O)C,0,0.074071586,1.0,0,1
CC(C[N+](C)(C)C)OC(=O)N,0,0.07852702,1.0,0,1
CC(O)(P(=O)([O-])[O-])P(=O)([O-])[O-],0,0.086821645,1.0,0,1
CC(=O)[O-],0,0.09338514,1.0,0,1
CC(=O)N(CCCCCNC(=O)CCC(=O)N(CCCCCNC(=O)CCC(=O)N(CCCCC[NH3+])O)O)O,0,0.17347333,1.0,1,1
CC(=O)N[C@@H](CS)C(=O)[O-],0,0.09738072,1.0,0,1
CC(=O)NCCCS(=O)(=O)[O-],0,0.11001949,1.0,0,1
CC(=O)NO,0,0.084821954,1.0,0,1
CC(=O)OCC[N+](C)(C)C,0,0.09832054,1.0,0,1
CC[C@@H](CO)[NH2+]CCN[C@@H](CC)CO,0,0.085134454,1.0,0,1
CCC(/C=C/Cl)(C#C)O,0,0.26066223,1.0,1,1
CCC(C)C(C)(COC(=O)N)COC(=O)N,0,0.084921725,1.0,0,1
C=CC(CCC(=O)[O-])[NH3+],0,0.08596281,1.0,0,1
CCCC(C)(COC(=O)N)COC(=O)N,0,0.09528959,1.0,0,1
CCCC(C)(COC(=O)N)COC(=O)NC(C)C,0,0.08963165,1.0,0,1
CCCC(CCC)C(=O)[O-],0,0.075883806,1.0,0,1
CCCCC[NH+](C)CCC(O)(P(=O)([O-])[O-])P(=O)([O-])[O-],0,0.114954524,1.0,0,1
CCCCCCCC(=O)OCC(CO)O,0,0.11277349,1.0,0,1
CCCCCCCC/C=C\CCCCCCCC(=O)[O-],0,0.16176079,1.0,0,1
CCCCCCCCCCCCCC(=O)OC[C@H](COP(=O)([O-])OCC[N+](C)(C)C)OC(=O)CCCCCCCCCCCCC,0,0.17915782,1.0,1,1
CCCCCCCCCCCCCCCC(=O)OCC(COP(=O)([O-])OCC[N+](C)(C)C)OC(=O)CCCCCCCCCCCCCCC,0,0.18328905,1.0,1,1
CCCCCCCCCCCCCCCCCCCCCCO,0,0.14479737,1.0,0,1
CCCCCCCCCCCCCCCCO,0,0.13939726,1.0,0,1
CCCCCCCCCCCCCCOS(=O)(=O)[O-],0,0.13502117,1.0,0,1
CCCCCCCCCCCCOCCOCCOCCOCCOCCOCCOCCOCCOCCO,0,0.21034613,1.0,1,1
CCCCCCOC(=O)CCC(=O)C[NH3+],0,0.14428408,1.0,0,1
CCN(CC)C(=S)SSC(=S)N(CC)CC,0,0.32047558,1.0,1,1
CCO,0,0.08418418,1.0,0,1
CCOC(=O)CC(C(=O)OCC)SP(=S)(OC)OC,0,0.21673018,1.0,1,1
CCOCCP(CCOCC)CCP(CCOCC)CCOCC,0,0.15401877,1.0,0,1
CCOP(=O)(OCC)SCC[N+](C)(C)C,0,0.109198146,1.0,0,1
Cl[201Tl],0,0.24116024,1.0,1,1
Cl[Cr](Cl)Cl,0,0.17747794,1.0,1,1
Cl[Cu]Cl,0,0.13195094,1.0,0,1
Cl[Mn]Cl,0,0.1362025,1.0,0,1
Cl[Zn]Cl,0,0.24421352,1.0,1,1
CN(C)C(=[NH2+])NC(=[NH2+])N,0,0.12110854,1.0,0,1
CNC(=O)C[NH+](CCN(CCN(CC(=O)NC)CC(=O)[O-])CC(=O)[O-])CC(=O)[O-],0,0.16884898,1.0,0,1
CO[Si](C)(C)O[Si](C)(C)C,0,0.14649318,1.0,0,1
COC(C(Cl)Cl)(F)F,0,0.084980816,1.0,0,1
COC(CNC(=O)N)C[Hg]Cl,0,0.26261008,1.0,1,1
COC(=O)CCC(=O)C[NH3+],0,0.10360315,1.0,0,1
COCCNC(=O)C[NH+](CCN(CCN(CC(=O)NCCOC)CC(=O)[O-])CC(=O)[O-])CC(=O)[O-],0,0.1662506,1.0,0,1
COCCO,0,0.06232081,1.0,0,1
CS(=O)C,0,0.10112391,1.0,0,1
II,0,0.06251442,1.0,0,1
N(=O)[O-],0,0.11266918,1.0,0,1
O[32P](=O)([O-])[O-],0,0.1148369,1.0,0,1
O=[Al]O[Al]=O,0,0.2441481,1.0,1,1
O[Si](=O)O,0,0.16192695,1.0,0,1
O=[Ti]=O,0,0.16711828,1.0,0,1
O=[Zn],0,0.13449314,1.0,0,1
OCl(=O)(=O)=O,0,0.10624103,1.0,0,1
S=[Se]=S,0,0.27630523,1.0,1,1
C[C@@H]1C[C@H]2[C@@H]3C[C@@H](C4=CC(=O)C=C[C@@]4([C@]3([C@H](C[C@@]2([C@]1(C(=O)COC(=O)C(C)(C)C)O)C)O)F)C)F,0,0.17149448,1.0,1,1
C[C@@H]1C[C@H]2[C@@H]3C[C@@H](C4=CC(=O)C=C[C@@]4([C@]3([C@H](C[C@@]2([C@H]1C(=O)COC(=O)C(C)(C)C)C)O)Cl)C)F,0,0.19640277,1.0,1,1
C[C@@H]1C[C@H]2[C@@H]3C[C@@H](C4=CC(=O)C=C[C@@]4([C@H]3[C@H](C[C@@]2([C@]1(C(=O)COC(=O)C)O)C)O)C)F,0,0.16849768,1.0,0,1
C[C@@H]1C[C@H]2[C@@H]3CCC4=CC(=O)C=C[C@@]4([C@]3([C@H](C[C@@]2([C@]1(C(=O)CO)O)C)O)F)C,1,0.16440508,1.0,0,1
C[C@@H]1C[C@H]2[C@@H]3CCC4=CC(=O)C=C[C@@]4([C@]3([C@H](C[C@@]2([C@]1(C(=O)COP(=O)([O-])[O-])O)C)O)F)C,0,0.16209105,1.0,0,1
C[C@@H]1C[C@H]2[C@@H]3CCC4=CC(=O)C=C[C@@]4([C@]3([C@H](C[C@@]2([C@H]1C(=O)CO)C)O)F)C,0,0.17997567,1.0,1,1
C[C@]12C[C@@H]([C@]3([C@H]([C@@H]1C[C@H]([C@@]2(C(=O)CO)O)O)CCC4=CC(=O)C=C[C@@]43C)F)O,0,0.15765516,1.0,0,1
C[C@]12C[C@@H]([C@H]3[C@H]([C@@H]1CC[C@@]2(C(=O)CO)O)C[C@@H](C4=CC(=O)C=C[C@]34C)F)O,0,0.1654669,1.0,0,1
C[C@]12C[C@@H]([C@H]3[C@H]([C@@H]1CC[C@@]2(C(=O)CO)O)CCC4=CC(=O)C=C[C@]34C)O,1,0.16514978,1.0,0,1
C[C@]12C[C@@H]([C@H]3[C@H]([C@@H]1CC[C@@]2(C(=O)COC(=O)CC(C)(C)C)O)CCC4=CC(=O)C=C[C@]34C)O,0,0.16514121,1.0,0,1
C[C@H]1C[C@H]2[C@@H]3C[C@@H](C4=CC(=O)C=C[C@@]4([C@]3([C@H](C[C@@]2([C@]1(C(=O)COC(=O)C)OC(=O)C)C)O)F)C)F,0,0.18069984,1.0,1,1
C[C@H]1C[C@H]2[C@@H]3CC[C@@]([C@]3(C[C@@H]([C@@]2([C@@]4(C1=CC(=O)C=C4)C)F)O)C)(C(=O)C)O,0,0.18187018,1.0,1,1
C[C@H]1C[C@H]2[C@@H]3CC[C@@]([C@]3(C[C@@H]([C@@]2([C@@]4(C1=CC(=O)C=C4)C)F)O)C)(C(=O)C)OC(=O)C,0,0.1714858,1.0,1,1
C[C@H]1C[C@H]2[C@@H]3CC[C@@]([C@]3(C[C@@H]([C@@H]2[C@@]4(C1=CC(=O)C=C4)C)O)C)(C(=O)CO)O,0,0.16728048,1.0,0,1
C[C@H]1C[C@H]2[C@@H]3CC[C@@]([C@]3(C[C@@H]([C@@H]2[C@@]4(C1=CC(=O)C=C4)C)O)C)(C(=O)COC(=O)CCC(=O)[O-])O,0,0.159741,1.0,0,1
C[C@H]1C[C@H]2[C@@H]3CCC4=CC(=O)C=C[C@@]4([C@]3([C@H](C[C@@]2([C@]1(C(=O)CO)O)C)O)F)C,0,0.16381371,1.0,0,1
C[C@H]1C[C@H]2[C@@H]3CCC4=CC(=O)C=C[C@@]4([C@]3([C@H](C[C@@]2([C@]1(C(=O)COC(=O)C)O)C)O)F)C,0,0.16058302,1.0,0,1
CCC(=O)[C@]1([C@@H](CC2[C@@]1(C[C@@H](C3C2CCC4=CC(=O)C=C[C@]34C)O)C)C)C,0,0.18898709,1.0,1,1
CCC(=O)O[C@@]1([C@@H](C[C@@H]2[C@@]1(C[C@@H]([C@]3([C@H]2C[C@@H](C4=CC(=O)C=C[C@@]43C)F)F)O)C)C)C(=O)SCF,0,0.18207675,1.0,1,1
CCC(=O)O[C@@]1([C@H](C[C@@H]2[C@@]1(C[C@@H]([C@]3([C@H]2CCC4=CC(=O)C=C[C@@]43C)F)O)C)C)C(=O)CCl,0,0.17399728,1.0,1,1
CCC(=O)O[C@@]1([C@H](CC2C1(CC([C@]3(C2C[C@@H](C4=CC(=O)C=CC43C)F)F)O)C)C)C(=O)CCl,0,0.22251631,1.0,1,1
CCC(=O)OCC(=O)[C@]1([C@@H](C[C@@H]2[C@@]1(C[C@@H]([C@H]3[C@H]2[C@@H](CC4=CC(=O)C=C[C@]34C)Cl)O)C)C)OC(=O)CC,0,0.1829215,1.0,1,1
CCC(=O)OCC(=O)[C@]1([C@H](C[C@@H]2[C@@]1(C[C@@H]([C@]3([C@H]2CCC4=CC(=O)C=C[C@@]43C)Cl)O)C)C)OC(=O)CC,0,0.17628847,1.0,1,1
CCC(=O)OCC(=O)[C@]1(CC[C@@H]2[C@@]1(C[C@@H]([C@H]3[C@H]2CCC4=CC(=O)C=C[C@]34C)O)C)OC(=O)OCC,0,0.16282657,1.0,0,1
CCCC(=O)O[C@@]1(CC[C@@H]2[C@@]1(C[C@@H]([C@]3([C@H]2C[C@@H](C4=CC(=O)C=C[C@@]43C)F)F)O)C)C(=O)COC(=O)C,0,0.16714425,1.0,0,1
CCCCC(=O)O[C@@]1([C@H](C[C@@H]2[C@@]1(C[C@@H]([C@]3([C@H]2CCC4=CC(=O)C=C[C@@]43C)F)O)C)C)C(=O)CO,0,0.16873462,1.0,0,1
CCOC(=O)O[C@@]1(CC[C@@H]2[C@@]1(C[C@@H]([C@H]3[C@H]2CCC4=CC(=O)C=C[C@]34C)O)C)C(=O)OCCl,0,0.1714285,1.0,1,1
C[C@]12CC[C@H]3[C@H]([C@@H]1CC[C@@H]2O)CCC4=CC(=O)CC[C@]34C,0,0.20282467,1.0,1,1
C[C@]12CC[C@H]3[C@H]([C@@H]1CC[C@]2(C#C)O)CCC4=CC(=O)CC[C@H]34,0,0.2010026,1.0,1,1
C[C@]12CCC(=O)C=C1CC[C@@H]3[C@@]2([C@H](C[C@]4([C@H]3CC[C@]4(C)O)C)O)F,0,0.19287153,1.0,1,1
C[C@]12CCC(=O)C=C1CC[C@@H]3[C@@H]2[C@H](C[C@]4([C@H]3CC[C@@]4(C(=O)CO)O)C)O,1,0.17449273,1.0,1,1
C[C@]12CCC(=O)C=C1CC[C@@H]3[C@@H]2[C@H](C[C@]4([C@H]3CC[C@@]4(C(=O)COC(=O)CCC(=O)[O-])O)C)O,0,0.15529399,1.0,0,1
C[C@]12CCC(=O)C=C1CC[C@@H]3[C@@H]2[C@H](C[C@]4([C@H]3CC[C@@]4(C(=O)COP(=O)([O-])[O-])O)C)O,0,0.16317153,1.0,0,1
C[C@]12CCC(=O)C=C1CC[C@@H]3[C@@H]2CC[C@]4([C@H]3CC[C@]4(C)O)C,0,0.200456,1.0,1,1
C[C@H]1C[C@@H]2[C@H](CC[C@]3([C@H]2CC[C@@]3(C(=O)C)OC(=O)C)C)[C@@]4(C1=CC(=O)CC4)C,0,0.17859511,1.0,1,1
C[C@H]1C[C@H]2[C@@H]3CC[C@@H]([C@]3(C[C@@H]([C@@H]2[C@@]4(C1=CC(=O)CC4)C)O)C)C(=O)C,0,0.19753212,1.0,1,1
CC(=O)[C@H]1CC[C@@H]2[C@@]1(CC[C@H]3[C@H]2CCC4=CC(=O)CC[C@]34C)C,0,0.20127839,1.0,1,1
CC(=O)O[C@]1(CC[C@@H]2[C@@]1(CC[C@H]3[C@H]2CCC4=CC(=O)CC[C@H]34)C)C#C,0,0.19084121,1.0,1,1
CC(=O)OCC(=O)[C@]1(CC[C@@H]2[C@@]1(C[C@@H]([C@]3([C@H]2CCC4=CC(=O)CC[C@@]43C)F)O)C)O,0,0.15108643,1.0,0,1
CC(=O)OCC(=O)[C@]1(CC[C@@H]2[C@@]1(C[C@@H]([C@H]3[C@H]2CCC4=CC(=O)CC[C@]34C)O)C)O,0,0.15594642,1.0,0,1
CC(=O)OCC(=O)[C@H]1CC[C@@H]2[C@@]1(CC[C@H]3[C@H]2CCC4=CC(=O)CC[C@]34C)C,0,0.16521738,1.0,0,1
CC12CCC3C(C1CCC2C(=O)COC(=O)C(C)(C)C)CCC4=CC(=O)CCC34C,0,0.122275636,1.0,0,1
CC[C@]12CC[C@H]3[C@H]([C@@H]1CC[C@]2(C#C)O)CCC4=CC(=O)CC[C@H]34,0,0.21146062,1.0,1,1
CC[NH+](CC)CC(=O)OCC(=O)[C@]1(CC[C@@H]2[C@@]1(C[C@@H]([C@H]3[C@H]2CCC4=CC(=O)CC[C@]34C)O)C)O,0,0.15316316,1.0,0,1
CCC(=O)O[C@H]1CC[C@@H]2[C@@]1(CC[C@H]3[C@H]2CCC4=CC(=O)CC[C@]34C)C,0,0.183432,1.0,1,1
CCCC(=O)O[C@@]1(CC[C@@H]2[C@@]1(C[C@@H]([C@H]3[C@H]2CCC4=CC(=O)CC[C@]34C)O)C)C(=O)CO,0,0.16771543,1.0,0,1
CCCC(=O)O[C@@]1(CC[C@@H]2[C@@]1(C[C@@H]([C@H]3[C@H]2CCC4=CC(=O)CC[C@]34C)O)C)C(=O)COC(=O)CC,0,0.17092404,1.0,1,1
CCCCC(=O)O[C@@]1(CC[C@@H]2[C@@]1(C[C@@H]([C@H]3[C@H]2CCC4=CC(=O)CC[C@]34C)O)C)C(=O)CO,0,0.16941948,1.0,0,1
CCCCCC(=O)O[C@@]1(CC[C@@H]2[C@@]1(CC[C@H]3[C@H]2CCC4=CC(=O)CC[C@]34C)C)C(=O)C,0,0.18375967,1.0,1,1
CCCCCCC(=O)O[C@H]1CC[C@@H]2[C@@]1(CC[C@H]3[C@H]2CCC4=CC(=O)CC[C@]34C)C,0,0.20116994,1.0,1,1
CCCCCCCCCC(=O)O[C@H]1CC[C@@H]2[C@@]1(CC[C@H]3[C@H]2CCC4=CC(=O)CC[C@H]34)C,0,0.22541603,1.0,1,1
c1c(c(c(c(c1Cl)Cl)Cc2c(c(cc(c2Cl)Cl)Cl)O)O)Cl,0,0.35593438,1.0,1,1
c1ccc(c(c1)C(c2ccc(cc2)Cl)C(Cl)Cl)Cl,0,0.2536008,1.0,1,1
c1ccc(cc1)C(c2ccccc2)[S@](=O)CC(=O)N,0,0.2468243,1.0,1,1
c1ccc(cc1)C(c2ccccc2)S(=O)CC(=O)N,0,0.22615978,1.0,1,1
C[NH+](C)CCC(c1ccccc1)(c2ccccc2Cl)O,0,0.11116843,1.0,0,1
C[NH+](C)CCOC(c1ccccc1)c2ccccc2,0,0.1084687,1.0,0,1
CC(C)[N+](C)(CCC(c1ccccc1)(c2ccccc2)C(=O)N)C(C)C,0,0.10851371,1.0,0,1
CC(C)C(=O)Oc1ccc(cc1[C@H](CC[NH+](C(C)C)C(C)C)c2ccccc2)CO,0,0.17176746,1.0,1,1
Cc1ccc(c(c1)[C@H](CC[NH+](C(C)C)C(C)C)c2ccccc2)O,0,0.17850436,1.0,1,1
Cc1ccccc1C(c2ccccc2)OCC[NH+](C)C,0,0.10986179,1.0,0,1
CC[C@@H](C(C[C@H](C)[NH+](C)C)(c1ccccc1)c2ccccc2)OC(=O)C,0,0.1172398,1.0,0,1
CCC(=O)C(CC(C)[NH+](C)C)(c1ccccc1)c2ccccc2,0,0.13452518,1.0,0,1
c1nc(c2c(n1)n(cn2)[C@H]3[C@@H]([C@@H]([C@H](O3)CO)O)O)N,0,0.19623625,1.0,1,1
c1nc(c2c(n1)n(cn2)[C@H]3[C@H]([C@@H]([C@H](O3)CO)O)O)N,0,0.20901805,1.0,1,1
C1=NC2=C(N1[C@H]3[C@H]([C@@H]([C@H](O3)CO)O)F)N=C(N=C2N)Cl,1,0.23417936,1.0,1,1
C1=NC2=C(N1[C@H]3[C@H]([C@@H]([C@H](O3)CO)O)O)N=C(N=C2N)F,1,0.21734057,1.0,1,1
C1=NC2=C(N1[C@H]3[C@H]([C@@H]([C@H](O3)COP(=O)(O)O)O)O)N=C(N=C2N)F,1,0.2016873,1.0,1,1
c1nc2c(nc(nc2n1[C@H]3[C@H]([C@@H]([C@H](O3)CO)O)F)Cl)N,0,0.23417936,1.0,1,1
c1nc2c(nc(nc2n1[C@H]3[C@H]([C@@H]([C@H](O3)COP(=O)([O-])[O-])O)O)F)N,0,0.20357764,1.0,1,1
c1nc2c(nc(nc2n1[C@H]3C[C@@H]([C@H](O3)CO)O)Cl)N,0,0.22607839,1.0,1,1
COc1c2c(nc(n1)N)n(cn2)[C@H]3[C@H]([C@@H]([C@H](O3)CO)O)O,0,0.20956394,1.0,1,1
C[C@@H](CN1c2ccccc2Sc3c1cc(cc3)OC)C[NH+](C)C,0,0.1567204,1.0,0,1
C[NH+](C)CCCN1c2ccccc2Sc3c1cc(cc3)C(F)(F)F,0,0.15305522,1.0,0,1
C[NH+](C)CCCN1c2ccccc2Sc3c1cc(cc3)Cl,0,0.15572523,1.0,0,1
C[NH+](C)CCCN1c2ccccc2Sc3c1cccc3,0,0.14077051,1.0,0,1
CC(CN1c2ccccc2Sc3c1cccc3)[NH+](C)C,0,0.13039207,1.0,0,1
CC(CN1c2ccccc2Sc3c1cccc3)C[NH+](C)C,0,0.14081278,1.0,0,1
CC[NH+](CC)C(C)CN1c2ccccc2Sc3c1cccc3,0,0.14567299,1.0,0,1
CCC(=O)c1ccc2c(c1)N(c3ccccc3S2)CC(C)[NH+](C)C,0,0.15260458,1.0,0,1
C[C@@H](C1=CC2=C(C=C1)C=C(C=C2)OC)C(=O)OCCCCO[N+](=O)[O-],1,0.217146,1.0,1,1
C[C@@H](c1ccc2cc(ccc2c1)OC)C(=O)[O-],0,0.14725322,1.0,0,1
CC(C)(C)C#C/C=C/C[NH+](C)Cc1cccc2c1cccc2,0,0.24589473,1.0,1,1
CC(C)[NH2+]CC(COc1cccc2c1cccc2)O,0,0.13762152,1.0,0,1
CC(C)NCC(COC1=CC=CC2=CC=CC=C21)O,1,0.1305055,1.0,0,1
CC(=O)CCc1ccc2cc(ccc2c1)OC,0,0.1525501,1.0,0,1
Cc1cc(c2ccccc2c1OP(=O)([O-])[O-])OP(=O)([O-])[O-],0,0.17542218,1.0,1,1
CN(C)c1cccc2c1ccc(c2)S(=O)(=O)[O-],0,0.15084161,1.0,0,1
c1ccc(c(c1)C2=NC(C(=O)Nc3c2cc(cc3)Cl)O)Cl,0,0.27985805,1.0,1,1
c1ccc(c(c1)C2=NCC(=O)Nc3c2cc(cc3)[N+](=O)[O-])Cl,0,0.2932259,1.0,1,1
c1ccc(cc1)C2=NC(C(=O)Nc3c2cc(cc3)Cl)C(=O)[O-],0,0.26031014,1.0,1,1
c1ccc(cc1)C2=NC(C(=O)Nc3c2cc(cc3)Cl)O,0,0.2681472,1.0,1,1
c1ccc(cc1)C2=NCC(=O)N(c3c2cc(cc3)Cl)CC(F)(F)F,0,0.26263916,1.0,1,1
CC[NH+](CC)CCN1c2ccc(cc2C(=NCC1=O)c3ccccc3F)Cl,0,0.17686202,1.0,1,1
CN1c2ccc(cc2C(=NC(C1=O)O)c3ccccc3)Cl,0,0.22156519,1.0,1,1
CN1c2ccc(cc2C(=NCC1=O)c3ccccc3)Cl,0,0.22085036,1.0,1,1
c1cc(c(c(c1)C(=O)c2ccc(cc2)Br)N)CC(=O)[O-],0,0.23622982,1.0,1,1
c1ccc(cc1)C(=O)c2cccc(c2N)CC(=O)N,0,0.14305261,1.0,0,1
CC(C)(C(=O)[O-])Oc1ccc(cc1)C(=O)c2ccc(cc2)Cl,0,0.2182523,1.0,1,1
CC(C)(C(=O)NCCS(=O)(=O)[O-])Oc1ccc(cc1)C(=O)c2ccc(cc2)Cl,0,0.17041811,1.0,1,1
CC(C)OC(=O)C(C)(C)Oc1ccc(cc1)C(=O)c2ccc(cc2)Cl,0,0.2407014,1.0,1,1
CC(c1cccc(c1)C(=O)c2ccccc2)C(=O)[O-],0,0.12178332,1.0,0,1
Cc1ccc(cc1)C(=O)c2cc(c(c(c2)O)[O-])[N+](=O)[O-],0,0.2927655,1.0,1,1
COc1ccc(c(c1)O)C(=O)c2ccccc2,0,0.2674623,1.0,1,1
[C@@H]1([C@@H]([C@@H]([C@H]([C@@H]([C@@H]1Cl)Cl)Cl)Cl)Cl)Cl,0,0.2259677,1.0,1,1
C#CC1(CCCCC1)OC(=O)N,0,0.12300782,1.0,0,1
C1[C@@H](CC[C@H](C1)C(=O)[O-])C[NH3+],0,0.08375285,1.0,0,1
C1CC[C@H]([C@@H](C1)[NH3+])N,0,0.10372347,1.0,0,1
C1CCC(CC1)(CC(=O)[O-])C[NH3+],0,0.063248806,1.0,0,1
C1CCC(CC1)NC(=O)N(CCCl)N=O,0,0.10749354,1.0,0,1
C[C@@H]1CC[C@H]([C@@H](C1)O)C(C)C,0,0.10250014,1.0,0,1
CC(C)C(=O)OC(C)OC(=O)NCC1(CCCCC1)CC(=O)[O-],0,0.091874845,1.0,0,1
CC(C)CC1(C(=O)NC(=O)NC1=O)CC=C,0,0.16394831,1.0,0,1
CCC#CC(C)C1(C(=O)NC(=O)N(C1=O)C)CC=C,0,0.21049958,1.0,1,1
CCC(C)C1(C(=O)NC(=O)NC1=O)CC,0,0.101869956,1.0,0,1
CCC(C)C1(C(=O)NC(=O)NC1=O)CC=C,0,0.16391064,1.0,0,1
CCC1(C(=O)NC(=O)N(C1=O)C)CC,0,0.08584248,1.0,0,1
CCCC(C)C1(C(=O)NC(=O)NC1=O)CC,0,0.10846044,1.0,0,1
CCCC(C)C1(C(=O)NC(=O)NC1=O)CC=C,0,0.16445163,1.0,0,1
C[NH+](C)CC[C@@H](c1ccc(cc1)Br)c2ccccn2,0,0.13151503,1.0,0,1
C[NH+](C)CCC(c1ccc(cc1)Br)c2ccccn2,0,0.14082003,1.0,0,1
C[NH+](C)CCC(c1ccc(cc1)Cl)c2ccccn2,0,0.14048508,1.0,0,1
C[NH+](C)CCC(c1ccccc1)c2ccccn2,0,0.1227184,1.0,0,1
C[NH+](C)CCOC(c1ccc(cc1)Cl)c2ccccn2,0,0.14862634,1.0,0,1
CC(C)[NH+](CCC(c1ccccc1)(c2ccccn2)C(=O)N)C(C)C,0,0.13137537,1.0,0,1
CC(c1ccccc1)(c2ccccn2)OCC[NH+](C)C,0,0.10760456,1.0,0,1
C[C@H]1[C@@H]([C@H](C[C@@H](O1)O[C@H]2C[C@@](Cc3c2c(c4c(c3[O-])C(=O)c5cccc(c5C4=O)OC)[O-])(C(=O)CO)O)[NH3+])O,0,0.35212412,1.0,1,1
C[C@H]1[C@H]([C@H](C[C@@H](O1)O[C@H]2C[C@@](CC3=C(C4=C(C(=C23)O)C(=O)C5=C(C4=O)C=CC=C5OC)O)(C(=O)C)O)N)O.Cl,1,0.37501478,1.0,1,1
C[C@H]1[C@H]([C@H](C[C@@H](O1)O[C@H]2C[C@@](CC3=C(C4=C(C(=C23)O)C(=O)C5=C(C4=O)C=CC=C5OC)O)(C(=O)CO)O)N)O.Cl,1,0.37246576,1.0,1,1
C[C@H]1[C@H]([C@H](C[C@@H](O1)O[C@H]2C[C@@](Cc3c2c(c4c(c3[O-])C(=O)c5cccc(c5C4=O)OC)[O-])(C(=O)C)O)[NH3+])O,0,0.37031457,1.0,1,1
C[C@H]1[C@H]([C@H](C[C@@H](O1)O[C@H]2C[C@@](Cc3c2c(c4c(c3[O-])C(=O)c5cccc(c5C4=O)OC)[O-])(C(=O)CO)O)[NH3+])O,0,0.36249313,1.0,1,1
C[C@H]1[C@H]([C@H](C[C@@H](O1)O[C@H]2C[C@@](Cc3c2c(c4c(c3[O-])C(=O)c5ccccc5C4=O)[O-])(C(=O)C)O)[NH3+])O,0,0.370284,1.0,1,1
CCCCC(=O)OCC(=O)[C@@]1(Cc2c(c(c3c(c2[O-])C(=O)c4cccc(c4C3=O)OC)[O-])[C@H](C1)OC5CC(C(C(O5)C)O)NC(=O)C(F)(F)F)O,0,0.26235545,1.0,1,1
C[C@]12C[C@@H]([C@]3([C@H]([C@@H]1C[C@@H]4[C@]2(OC(O4)(C)C)C(=O)CO)C[C@@H](C5=CC(=O)C=C[C@@]53C)F)F)O,0,0.16876985,1.0,0,1
C[C@]12C[C@@H]([C@]3([C@H]([C@@H]1C[C@@H]4[C@]2(OC(O4)(C)C)C(=O)CO)CCC5=CC(=O)C=C[C@@]53C)F)O,0,0.16753069,1.0,0,1
C[C@]12C[C@@H]([C@]3([C@H]([C@@H]1C[C@@H]4[C@]2(OC(O4)(C)C)C(=O)COC(=O)CC(C)(C)C)CCC5=CC(=O)C=C[C@@]53C)F)O,0,0.17559429,1.0,1,1
C[C@]12C[C@@H]([C@H]3[C@H]([C@@H]1C[C@@H]4[C@]2(OC(O4)(C)C)C(=O)CO)C[C@@H](C5=CC(=O)C=C[C@]35C)F)O,0,0.17318942,1.0,1,1
C[C@]12C[C@@H]([C@H]3[C@H]([C@@H]1C[C@@H]4[C@]2(OC(O4)(C)C)C(=O)CO)CCC5=CC(=O)C=C[C@]35C)O,0,0.17388722,1.0,1,1
CC(=O)OCC(=O)[C@@]12[C@@H](C[C@@H]3[C@@]1(C[C@@H]([C@]4([C@H]3C[C@@H](C5=CC(=O)C=C[C@@]54C)F)F)O)C)OC(O2)(C)C,0,0.17770974,1.0,1,1
CCCC1O[C@@H]2C[C@H]3[C@@H]4CCC5=CC(=O)C=C[C@@]5([C@H]4[C@H](C[C@@]3([C@@]2(O1)C(=O)CO)C)O)C,0,0.20695968,1.0,1,1
c1cc(cnc1)C(=O)[O-],0,0.099821575,1.0,0,1
c1cc(cnc1)C(=O)N,0,0.09952495,1.0,0,1
c1cc(cnc1)CC(O)(P(=O)([O-])[O-])P(=O)([O-])[O-],0,0.07890952,1.0,0,1
c1cnccc1C(=O)NN,0,0.111659184,1.0,0,1
CC(C)(C)[NH2+]CC(c1ccc(c(n1)CO)O)O,0,0.101624556,1.0,0,1
Cc1c(c(c(cn1)CO)CO)O,0,0.104315974,1.0,0,1
CCc1cc(ccn1)C(=S)N,0,0.11576788,1.0,0,1
CC1=C(C(CCC1)(C)C)/C=C/C(=C/C=C/C(=C/C(=O)[O-])/C)/C,0,0.27106062,1.0,1,1
CC1=C(C(CCC1)(C)C)/C=C/C(=C/C=C/C(=C/CO)/C)/C,0,0.27466255,1.0,1,1
CC1=C(C(CCC1)(C)C)/C=C/C(=C/C=C/C(=C\C(=O)[O-])/C)/C,0,0.2709174,1.0,1,1
CC1=C(C(CCC1)(C)C)/C=C/C(=C\C=C\C(=C\C(=O)[O-])\C)/C,0,0.27085587,1.0,1,1
CCC(CC)O[C@@H]1C=C(C[C@@H]([C@H]1NC(=O)C)[NH3+])C(=O)OCC,0,0.11150411,1.0,0,1
CCCCCCCCCCCCCCCC(=O)OC/C=C(\C)/C=C/C=C(\C)/C=C/C1=C(CCCC1(C)C)C,0,0.26584345,1.0,1,1
CC1=C(C(C(=C(N1)C)C(=O)OC(C)C)c2cccc(c2)[N+](=O)[O-])C(=O)OCCOC,0,0.26995692,1.0,1,1
CC1=C(C(C(=C(N1)C)C(=O)OC)c2ccccc2[N+](=O)[O-])C(=O)OC,0,0.22327179,1.0,1,1
CC1=C(C(C(=C(N1)C)C(=O)OCC(C)C)c2ccccc2[N+](=O)[O-])C(=O)OC,0,0.26014206,1.0,1,1
CCCC(=O)OCOC(=O)C1=C(NC(=C(C1c2cccc(c2Cl)Cl)C(=O)OC)C)C,0,0.22916158,1.0,1,1
CCOC(=O)C1=C(NC(=C(C1c2cccc(c2Cl)Cl)C(=O)OC)C)C,0,0.21535774,1.0,1,1
CCOC(=O)C1=C(NC(=C(C1c2ccccc2Cl)C(=O)OC)C)COCC[NH3+],0,0.23273128,1.0,1,1
C[NH+](C)CC(c1ccc(cc1)O)C2(CCCCC2)O,0,0.13703038,1.0,0,1
C[NH+](C)CC(c1ccc(cc1)OC)C2(CCCCC2)O,0,0.119236484,1.0,0,1
CC[N+](C)(CC)CCOC(=O)C(c1ccccc1)(C2CCCCC2)O,0,0.12605007,1.0,0,1
CC[N+](CC)(CC)CCC(c1ccccc1)(C2CCCCC2)O,0,0.14192022,1.0,0,1
CC[NH+](CC)CC#CCOC(=O)C(c1ccccc1)(C2CCCCC2)O,0,0.21428959,1.0,1,1
CN(C)CC(C1=CC=C(C=C1)OC)C2(CCCCC2)O,1,0.09085316,1.0,0,1
C[C@]12CC[C@@H]3c4ccc(cc4C[C@H]([C@H]3[C@@H]1CC[C@@H]2O)CCCCCCCCCS(=O)CCCC(C(F)(F)F)(F)F)O,0,0.2767625,1.0,1,1
C[C@]12CC[C@@H]3c4ccc(cc4CC[C@H]3[C@@H]1CC[C@@H]2O)O,0,0.26381147,1.0,1,1
C[C@]12CC[C@@H]3c4ccc(cc4CC[C@H]3[C@@H]1CC[C@@H]2OP(=O)([O-])[O-])OC(=O)N(CCCl)CCCl,0,0.18181512,1.0,1,1
C[C@]12CC[C@@H]3c4ccc(cc4CC[C@H]3[C@@H]1CC[C@]2(C#C)O)O,0,0.2550202,1.0,1,1
C[C@]12CC[C@@H]3c4ccc(cc4CC[C@H]3[C@@H]1CC[C@]2(C#C)O)OC,0,0.23676188,1.0,1,1
CCCCC(=O)O[C@H]1CC[C@@H]2[C@@]1(CC[C@H]3[C@H]2CCc4c3ccc(c4)O)C,0,0.25571305,1.0,1,1
C1=CN(C(=O)N=C1N)[C@H]2[C@H]([C@@H]([C@H](O2)CO)O)O,1,0.18749313,1.0,1,1
C1=CN(C(=O)N=C1N)[C@H]2C([C@@H]([C@H](O2)CO)O)(F)F,1,0.15509284,1.0,0,1
C1=CN(C(=O)N=C1N)[C@H]2C([C@@H]([C@H](O2)CO)O)(F)F.Cl,1,0.13603309,1.0,0,1
c1cn(c(=O)nc1N)[C@H]2CC[C@H](O2)CO,0,0.1506707,1.0,0,1
CCCCCOC(=O)Nc1c(cn(c(=O)n1)[C@H]2[C@@H]([C@@H]([C@H](O2)C)O)O)F,0,0.24265522,1.0,1,1
CCCCCOC(=O)NC1=NC(=O)N(C=C1F)[C@H]2[C@@H]([C@@H]([C@H](O2)C)O)O,1,0.24265522,1.0,1,1
c1ccc2c(c1)N(c3cc(ccc3S2)C(F)(F)F)CCCN4CC[NH+](CC4)CCO,0,0.13560097,1.0,0,1
c1ccc2c(c1)N(c3cc(ccc3S2)Cl)CCCN4CC[NH+](CC4)CCO,0,0.14791527,1.0,0,1
C[NH+]1CCN(CC1)CCCN2c3ccccc3Sc4c2cc(cc4)C(F)(F)F,0,0.1321832,1.0,0,1
C[NH+]1CCN(CC1)CCCN2c3ccccc3Sc4c2cc(cc4)Cl,0,0.14344442,1.0,0,1
CC(=O)c1ccc2c(c1)N(c3ccccc3S2)CCCN4CC[NH+](CC4)CCO,0,0.13690047,1.0,0,1
CCSc1ccc2c(c1)N(c3ccccc3S2)CCCN4CC[NH+](CC4)C,0,0.1450867,1.0,0,1
c1c[nH+]ccc1N,0,0.31037268,1.0,1,1
C[n+]1cccc(c1)OC(=O)N(C)C,0,0.11402842,1.0,0,1
C[n+]1ccccc1/C=N/O,0,0.10963218,1.0,0,1
CC(C(C)(C)C)/N=C(\NC#N)/Nc1cc[nH+]cc1,0,0.2349616,1.0,1,1
CCC(=O)OCCNC(=O)C[n+]1ccccc1,0,0.16205081,1.0,0,1
CCCCCCCCCCCC(=O)OCCNC(=O)C[n+]1ccccc1,0,0.27792802,1.0,1,1
c1c(cc(c(c1I)Oc2cc(c(c(c2)I)[O-])I)I)C[C@@H](C(=O)[O-])[NH3+],0,0.26121497,1.0,1,1
c1c(cc(c(c1I)Oc2cc(c(c(c2)I)[O-])I)I)C[C@H](C(=O)[O-])[NH3+],0,0.2297149,1.0,1,1
c1cc(c(cc1Cl)O)Oc2ccc(cc2Cl)Cl,0,0.34866396,1.0,1,1
c1cc(c(cc1Oc2c(cc(cc2I)C[C@@H](C(=O)[O-])[NH3+])I)I)O,0,0.29282224,1.0,1,1
CC(c1cccc(c1)Oc2ccccc2)C(=O)[O-],0,0.1524955,1.0,0,1
CCCCNc1cc(cc(c1Oc2ccccc2)S(=O)(=O)N)C(=O)[O-],0,0.2250007,1.0,1,1
c1c([nH]cn1)CC[NH3+],0,0.108669825,1.0,0,1
c1cn(cn1)CC(O)(P(=O)([O-])[O-])P(=O)([O-])[O-],0,0.09318212,1.0,0,1
Cc1c(nc[nH]1)CSCCN/C(=N/C#N)/NC,0,0.11229884,1.0,0,1
Cc1ncc(n1CCO)[N+](=O)[O-],0,0.09841523,1.0,0,1
CCS(=O)(=O)CCn1c(ncc1[N+](=O)[O-])C,0,0.1384555,1.0,0,1
CN(C)/N=N/c1c(nc[nH]1)C(=O)N,0,0.1439001,1.0,0,1
Cc1c(ccnc1C[S@@](=O)c2[nH]c3ccccc3n2)OCC(F)(F)F,0,0.20407513,1.0,1,1
Cc1c(ccnc1CS(=O)c2[nH]c3ccccc3n2)OCC(F)(F)F,0,0.21256143,1.0,1,1
Cc1c(ccnc1CS(=O)c2[nH]c3ccccc3n2)OCCCOC,0,0.17956525,1.0,1,1
Cc1cnc(c(c1OC)C)CS(=O)c2[nH]c3cc(ccc3n2)OC,0,0.20003134,1.0,1,1
COc1ccnc(c1OC)CS(=O)c2[nH]c3cc(ccc3n2)OC(F)F,0,0.22918256,1.0,1,1
CC1([C@@H](N2[C@H](S1)[C@@H](C2=O)NC(=O)[C@@H](c3ccc(cc3)O)[NH3+])C(=O)[O-])C,0,0.1679376,1.0,0,1
CC1([C@@H](N2[C@H](S1)[C@@H](C2=O)NC(=O)[C@@H](c3ccccc3)[NH3+])C(=O)[O-])C,0,0.11053335,1.0,0,1
CC1([C@@H](N2[C@H](S1)[C@@H](C2=O)NC(=O)C(c3ccccc3)C(=O)[O-])C(=O)[O-])C,0,0.13723932,1.0,0,1
CC1([C@@H](N2[C@H](S1)[C@@H](C2=O)NC(=O)Cc3ccccc3)C(=O)[O-])C,0,0.1299863,1.0,0,1
CCOC(=O)OC(C)OC(=O)[C@H]1C(S[C@H]2N1C(=O)[C@H]2NC(=O)[C@@H](c3ccccc3)[NH3+])(C)C,0,0.14581425,1.0,0,1
CC(C)OC(=O)OC(C)OC(=O)C1=C(CS[C@H]2N1C(=O)[C@H]2NC(=O)/C(=N\OC)/c3csc(n3)N)COC,0,0.23768717,1.0,1,1
CC(=O)OCC1=C(N2[C@@H]([C@@H](C2=O)NC(=O)/C(=N\OC)/c3csc(n3)N)SC1)C(=O)[O-],0,0.19667053,1.0,1,1
C=CC1=C(N2[C@@H]([C@@H](C2=O)NC(=O)/C(=N\O)/c3csc(n3)N)SC1)C(=O)[O-],0,0.23048119,1.0,1,1
C=CC1=C(N2[C@@H]([C@@H](C2=O)NC(=O)/C(=N\OCC(=O)[O-])/c3csc(n3)N)SC1)C(=O)[O-],0,0.24558598,1.0,1,1
CO/N=C(/c1csc(n1)N)\C(=O)N[C@H]2[C@@H]3N(C2=O)C(=CCS3)C(=O)[O-],0,0.17834961,1.0,1,1
C[NH+]1CC[C@]23c4c5ccc(c4O[C@H]2C(=O)CC[C@]3([C@H]1C5)O)O,0,0.22208968,1.0,1,1
C[NH+]1CC[C@]23c4c5ccc(c4O[C@H]2C(=O)CC[C@]3([C@H]1C5)O)OC,0,0.1843388,1.0,1,1
C[NH+]1CC[C@]23c4c5ccc(c4O[C@H]2C(=O)CC[C@H]3[C@H]1C5)O,0,0.23861758,1.0,1,1
C[NH+]1CC[C@]23c4c5ccc(c4O[C@H]2C(=O)CC[C@H]3[C@H]1C5)OC,0,0.19129527,1.0,1,1
C=CC[NH+]1CC[C@]23c4c5ccc(c4O[C@H]2C(=O)CC[C@]3([C@H]1C5)O)O,0,0.2142453,1.0,1,1
C[NH+](C)CCCN1c2ccccc2CCc3c1cc(cc3)Cl,0,0.15658759,1.0,0,1
C[NH+](C)CCCN1c2ccccc2CCc3c1cccc3,0,0.14261891,1.0,0,1
C[NH2+]CCCN1c2ccccc2CCc3c1cccc3,0,0.1555042,1.0,0,1
CC(CN1c2ccccc2CCc3c1cccc3)C[NH+](C)C,0,0.14011803,1.0,0,1
CC(=O)O[C@H]1CC2=CC=CC=C2N(C3=CC=CC=C13)C(=O)N,1,0.18821314,1.0,1,1
C[C@H](/C=C/[C@H](C)C(C)C)[C@H]1CC[C@@H]\2[C@@]1(CCC/C2=C\C=C/3\C[C@H](C[C@@H](C3=C)O)O)C,0,0.25976947,1.0,1,1
C[C@H](/C=C/[C@H](C)C(C)C)[C@H]1CC[C@@H]\2[C@@]1(CCC/C2=C\C=C/3\C[C@H](CCC3=C)O)C,0,0.25923216,1.0,1,1
C[C@H](CCCC(C)(C)O)[C@H]1CC[C@@H]\2[C@@]1(CCC/C2=C\C=C/3\C[C@H](C[C@@H](C3=C)O)O)C,1,0.25415343,1.0,1,1
C[C@H](CCCC(C)(C)O)[C@H]1CC[C@@H]\2[C@@]1(CCC/C2=C\C=C/3\C[C@H](CCC3=C)O)C,0,0.25096032,1.0,1,1
C[C@H](CCCC(C)C)[C@H]1CC[C@@H]\2[C@@]1(CCC/C2=C\C=C/3\C[C@H](CCC3=C)O)C,0,0.26061723,1.0,1,1
C[C@]1(c2cccc(c2C(=O)C3=C([C@]4([C@@H]([C@H]([C@@H]31)O)[C@@H](C(=C(C4=O)C(=O)N)[O-])[NH+](C)C)O)[O-])[O-])O,0,0.18202649,1.0,1,1
C[C@]1(c2cccc(c2C(=O)C3=C([C@]4([C@@H](C[C@@H]31)[C@@H](C(=C(C4=O)C(=O)N)[O-])[NH+](C)C)O)[O-])[O-])O,0,0.1679987,1.0,0,1
C[C@H]1c2cccc(c2C(=O)C3=C([C@]4([C@@H]([C@H]([C@H]13)O)[C@@H](C(=C(C4=O)C(=O)N)[O-])[NH+](C)C)O)[O-])[O-],0,0.19249399,1.0,1,1
C[NH+](C)[C@H]1[C@@H]2C[C@@H]3[C@@H](c4c(ccc(c4C(=O)C3=C([C@@]2(C(=O)C(=C1[O-])C(=O)N)O)[O-])[O-])Cl)O,0,0.1772278,1.0,1,1
CC(C)(C)[NH2+]CC(=O)Nc1cc(c2c(c1[O-])C(=O)C3=C([C@]4([C@@H](C[C@@H]3C2)[C@@H](C(=C(C4=O)C(=O)N)[O-])[NH+](C)C)O)[O-])N(C)C,0,0.17503744,1.0,1,1
c1cc2c(cc(c(c2nc1)O)Cl)Cl,0,0.3261668,1.0,1,1
c1cc2c(cc(c(c2nc1)O)I)Cl,0,0.32536313,1.0,1,1
c1cc2cccnc2c(c1)O,0,0.28076357,1.0,1,1
CC(CCC[NH3+])Nc1cc(cc2c1nccc2)OC,0,0.2739964,1.0,1,1
CCCCOc1cc(c2ccccc2n1)C(=O)NCC[NH+](CC)CC,0,0.17326102,1.0,1,1
C1C(N(C2=C(N1)NC(=NC2=O)N)C=O)CNC3=CC=C(C=C3)C(=O)N[C@@H](CCC(=O)[O-])C(=O)[O-].[Ca+2],1,0.1854397,1.0,1,1
C1C(N(C2=C(N1)NC(=NC2=O)N)C=O)CNC3=CC=C(C=C3)C(=O)N[C@@H](CCC(=O)O)C(=O)O,1,0.17010161,1.0,1,1
c1cc(ccc1C(=O)N[C@@H](CCC(=O)[O-])C(=O)[O-])NC[C@H]2CNc3c(c(=O)nc([nH]3)N)N2C=O,0,0.1801909,1.0,1,1
c1cc(ccc1C(=O)N[C@@H](CCC(=O)[O-])C(=O)[O-])NCC2CNc3c(c(=O)nc([nH]3)N)N2C=O,0,0.18051437,1.0,1,1
CN1c2c([nH]c(nc2=O)N)NC[C@@H]1CNc3ccc(cc3)C(=O)N[C@@H](CCC(=O)[O-])C(=O)[O-],0,0.15607502,1.0,0,1
c1c(c(=O)[nH]c(=O)n1[C@H]2C[C@@H]([C@H](O2)CO)O)C(F)(F)F,0,0.15730295,1.0,0,1
c1c(c(=O)[nH]c(=O)n1[C@H]2C[C@@H]([C@H](O2)CO)O)F,0,0.12419323,1.0,0,1
c1c(c(=O)[nH]c(=O)n1[C@H]2C[C@@H]([C@H](O2)CO)O)I,0,0.147104,1.0,0,1
Cc1cn(c(=O)[nH]c1=O)[C@@H]2C[C@H]([C@@H](O2)CO)O,0,0.13329317,1.0,0,1
Cc1cn(c(=O)[nH]c1=O)[C@H]2C[C@@H]([C@H](O2)CO)N=[N+]=[N-],0,0.10849058,1.0,0,1
Cc1cccc(c1NC(=O)C2CCCC[NH+]2C)C,0,0.09887733,1.0,0,1
CCC[NH+]1CCCC[C@H]1C(=O)Nc2c(cccc2C)C,0,0.12718393,1.0,0,1
CCCC[NH+]1CCCC[C@H]1C(=O)Nc2c(cccc2C)C,0,0.14238966,1.0,0,1
CCCC[NH+]1CCCCC1C(=O)Nc2c(cccc2C)C,0,0.14107744,1.0,0,1
Cc1cc([nH]c1/C=C\2/c3ccccc3NC2=O)C,0,0.26137987,1.0,1,1
CC[NH+](CC)CCNC(=O)c1c(c([nH]c1C)/C=C\2/c3cc(ccc3NC2=O)F)C,0,0.15932104,1.0,0,1
CCN(CC)CCNC(=O)C1=C(NC(=C1C)/C=C\2/C3=C(C=CC(=C3)F)NC2=O)C,1,0.14490768,1.0,0,1
CCN(CC)CCNC(=O)C1=C(NC(=C1C)/C=C\2/C3=C(C=CC(=C3)F)NC2=O)C.C([C@@H](C(=O)O)O)C(=O)O,1,0.1199653,1.0,0,1
CC(=O)CCCCn1c(=O)c2c(ncn2C)n(c1=O)C,0,0.13005744,1.0,0,1
Cn1c2c(c(=O)n(c1=O)C)[nH]cn2,0,0.11451712,1.0,0,1
Cn1c2c(c(=O)n(c1=O)C)n(cn2)CC(CO)O,0,0.101046056,1.0,0,1
Cn1cnc2c1c(=O)n(c(=O)n2C)C,0,0.10056724,1.0,0,1
C[NH+](C)CCOc1ccc(cc1)/C(=C(/CCCl)\c2ccccc2)/c3ccccc3,0,0.29816338,1.0,1,1
CC/C(=C(\c1ccccc1)/c2ccc(cc2)OCC[NH+](C)C)/c3ccccc3,0,0.297456,1.0,1,1
CC[NH+](CC)CCOc1ccc(cc1)/C(=C(/c2ccccc2)\Cl)/c3ccccc3,0,0.25981864,1.0,1,1
COc1ccc(cc1)C(=C(c2ccc(cc2)OC)Cl)c3ccc(cc3)OC,0,0.33459052,1.0,1,1
C[C@H](Cn1cnc2c1ncnc2N)OCP(=O)([O-])[O-],0,0.119675465,1.0,0,1
C[C@H](Cn1cnc2c1ncnc2N)OCP(=O)(OCOC(=O)OC(C)C)OCOC(=O)OC(C)C,0,0.18947917,1.0,1,1
CC(C)(C)C(=O)OCOP(=O)(COCCN1C=NC2=C1N=CN=C2N)OCOC(=O)C(C)(C)C,1,0.21322371,1.0,1,1
CC(=O)OCC(CCn1cnc2c1nc(nc2)N)COC(=O)C,0,0.13427888,1.0,0,1
C[C@@H]1CC[C@H]2C[C@@H](/C(=C/C=C/C=C/[C@H](C[C@H](C(=O)[C@@H]([C@@H](/C(=C/[C@H](C(=O)C[C@H](OC(=O)[C@@H]3CCCCN3C(=O)C(=O)[C@@]1(O2)O)[C@H](C)C[C@@H]4CC[C@H]([C@@H](C4)OC)O)C)/C)O)OC)C)C)/C)OC,0,0.25065824,1.0,1,1
C[C@@H]1CC[C@H]2C[C@@H](/C(=C/C=C/C=C/[C@H](C[C@H](C(=O)[C@@H]([C@@H](/C(=C/[C@H](C(=O)C[C@H](OC(=O)[C@@H]3CCCCN3C(=O)C(=O)[C@@]1(O2)O)[C@H](C)C[C@@H]4CC[C@H]([C@@H](C4)OC)OCCO)C)/C)O)OC)C)C)/C)OC,1,0.24467355,1.0,1,1
C[C@@H]1CC[C@H]2C[C@@H](/C(=C/C=C/C=C\\[C@H](C[C@H](C(=O)[C@@H]([C@@H](/C(=C/[C@H](C(=O)C[C@H](OC(=O)[C@@H]3CCCCN3C(=O)C(=O)[C@@]1(O2)O)[C@H](C)C[C@@H]4CC[C@H]([C@@H](C4)OC)OCCO)C)/C)O)OC)C)C)/C)OC,0,0.24466616,1.0,1,1
C[C@@H]1CCC2C[C@@H](/C(=C/C=C/C=C/[C@H](C[C@H](C(=O)[C@@H]([C@@H](/C(=C/[C@H](C(=O)C[C@H](OC(=O)[C@@H]3CCCCN3C(=O)C(=O)[C@@]1(O2)O)[C@H](C)C[C@@H]4CC[C@H]([C@@H](C4)OC)OC(=O)C(C)(CO)CO)C)/C)O)OC)C)C)/C)OC,0,0.2193957,1.0,1,1
c1nc2c(n1CCC(CO)CO)[nH]c(nc2=O)N,0,0.13446337,1.0,0,1
c1nc2c(n1COCCO)[nH]c(nc2=O)N,0,0.1509175,1.0,0,1
CC(C)[C@@H](C(=O)OCC(CO)OCn1cnc2c1[nH]c(nc2=O)N)[NH3+],0,0.14544792,1.0,0,1
CC(C)[C@@H](C(=O)OCCOCN1C=NC2=C1NC(=NC2=O)N)N,1,0.1490634,1.0,0,1
c1ccc(cc1)[C@H](c2ccc(cc2)Cl)N3CC[NH+](CC3)CCOCC(=O)[O-],0,0.12777476,1.0,0,1
c1ccc(cc1)C(c2ccc(cc2)Cl)N3CC[NH+](CC3)CCOCC(=O)[O-],0,0.14558762,1.0,0,1
c1ccc(cc1)C(c2ccc(cc2)Cl)N3CC[NH+](CC3)CCOCCO,0,0.1467512,1.0,0,1
C[NH+]1CCN(CC1)C(c2ccccc2)c3ccccc3,0,0.109786116,1.0,0,1
c1c2c(cc(c1F)N3CC[NH2+]CC3)n(cc(c2=O)C(=O)[O-])C4CC4,0,0.18682562,1.0,1,1
C[C@@H]1CN(C[C@@H]([NH2+]1)C)c2c(c(c3c(c2F)n(cc(c3=O)C(=O)[O-])C4CC4)N)F,0,0.27076167,1.0,1,1
Cc1c2c(cc(c1F)N3CC[NH2+]C(C3)C)n(cc(c2=O)C(=O)[O-])C4CC4,0,0.18498102,1.0,1,1
CC1CN(CC[NH2+]1)c2c(cc3c(c2OC)n(cc(c3=O)C(=O)[O-])C4CC4)F,0,0.18052743,1.0,1,1
c1c2c(cc(c1Cl)S(=O)(=O)N)S(=O)(=O)NC(N2)C(Cl)Cl,0,0.13596809,1.0,0,1
c1c2c(cc(c1Cl)S(=O)(=O)N)S(=O)(=O)NCN2,0,0.097465396,1.0,0,1
CN1C(Nc2cc(c(cc2S1(=O)=O)S(=O)(=O)N)Cl)CCl,0,0.10882166,1.0,0,1
CN1C(Nc2cc(c(cc2S1(=O)=O)S(=O)(=O)N)Cl)CSCC(F)(F)F,0,0.13299727,1.0,0,1
c1[nH]c2c(n1)[nH]c(nc2=S)N,0,0.2712614,1.0,1,1
c1[nH]c2c(n1)[nH]cnc2=S,0,0.22265193,1.0,1,1
C1=NC2=C(N1)C(=S)N=C(N2)N,1,0.27126142,1.0,1,1
C1=NC2=C(N1)C(=S)N=CN2,1,0.22265193,1.0,1,1
C1[C@@H]([C@H]([C@@H]([C@H]([C@@H]1[NH3+])O[C@@H]2[C@@H]([C@H]([C@@H]([C@H](O2)CO)O)[NH3+])O)O)O[C@@H]3[C@@H](C[C@@H]([C@H](O3)C[NH3+])O)[NH3+])[NH3+],0,0.12459444,1.0,0,1
C1[C@@H]([C@H]([C@@H]([C@H]([C@@H]1NC(=O)[C@H](CC[NH3+])O)O[C@@H]2[C@@H]([C@H]([C@@H]([C@H](O2)CO)O)[NH3+])O)O)O[C@@H]3[C@@H]([C@H]([C@@H]([C@H](O3)C[NH3+])O)O)O)[NH3+],0,0.11704033,1.0,0,1
C1[C@H]([C@@H]([C@H]([C@@H]([C@H]1[NH3+])O[C@@H]2[C@@H]([C@H]([C@@H]([C@H](O2)C[NH3+])O)O)O)O)O[C@@H]3[C@@H]([C@H]([C@@H]([C@H](O3)CO)O)[NH3+])O)[NH3+],0,0.123706795,1.0,0,1
CC(C1CCC(C(O1)OC2C(CC(C(C2O)OC3C(C(C(CO3)(C)O)[NH2+]C)O)[NH3+])[NH3+])[NH3+])[NH2+]C,0,0.07882517,1.0,0,1
COCCOC1=C(C=C2C(=C1)C(=NC=N2)NC3=CC=CC(=C3)C#C)OCCOC,1,0.31070012,1.0,1,1
COCCOC1=C(C=C2C(=C1)C(=NC=N2)NC3=CC=CC(=C3)C#C)OCCOC.Cl,1,0.3042193,1.0,1,1
COCCOc1cc2c(cc1OCCOC)ncnc2Nc3cccc(c3)C#C,0,0.31070012,1.0,1,1
CCCSc1ccc2c(c1)nc([nH]2)NC(=O)OC,0,0.30006546,1.0,1,1
CN1C2=C(C=C(C=C2)N(CCCl)CCCl)N=C1CCCC(=O)O.Cl,1,0.23302953,1.0,1,1
Cn1c2ccc(cc2nc1CCCC(=O)[O-])N(CCCl)CCCl,0,0.2490961,1.0,1,1
CCCCCCC(=O)OCCN1CC[NH+](CC1)CCCN2c3ccccc3Sc4c2cc(cc4)C(F)(F)F,0,0.20940727,1.0,1,1
CCCCCCCCCC(=O)OCCN1CC[NH+](CC1)CCCN2c3ccccc3Sc4c2cc(cc4)C(F)(F)F,0,0.24801946,1.0,1,1
CN1CC[NH+](CC1)CCCN2c3ccccc3Sc4c2cc(cc4)Cl,0,0.1481455,1.0,0,1
CCCCC(C)(C/C=C/[C@H]1[C@@H](CC(=O)[C@@H]1CCCCCCC(=O)OC)O)O,0,0.15358172,1.0,0,1
CCCCC[C@@H](/C=C/[C@H]1[C@@H](CC(=O)[C@@H]1C/C=C\CCCC(=O)[O-])O)O,0,0.13517722,1.0,0,1
CCCCC[C@@H](/C=C/[C@H]1[C@@H](CC(=O)[C@@H]1CCCCCCC(=O)[O-])O)O,0,0.12376051,1.0,0,1
CCC[C@@H]1C[C@H]([NH+](C1)C)C(=O)N[C@@H]([C@@H]2[C@@H]([C@@H]([C@H]([C@H](O2)SC)O)O)O)[C@@H](C)O,0,0.10297165,1.0,0,1
CCC[C@@H]1C[C@H]([NH+](C1)C)C(=O)NC([C@@H]2[C@@H]([C@@H]([C@H]([C@H](O2)SC)O)O)O)C(C)Cl,0,0.11570868,1.0,0,1
CCCCCCCCCCCCCCCC(=O)O[C@@H]1[C@H]([C@H]([C@H](O[C@@H]1SC)C(C(C)Cl)NC(=O)[C@@H]2C[C@H](C[NH+]2C)CCC)O)O,0,0.18518807,1.0,1,1
CC[C@@H]1[C@@]([C@@H]([C@H](C(=O)[C@@H](C[C@@]([C@@H]([C@H]([C@@H]([C@H](C(=O)O1)C)O[C@H]2C[C@@]([C@H]([C@@H](O2)C)O)(C)OC)C)O[C@H]3[C@@H]([C@H](C[C@H](O3)C)[NH+](C)C)O)(C)O)C)C)O)(C)O,0,0.124299325,1.0,0,1
CC[C@@H]1[C@@]([C@@H]([C@H](C(=O)[C@@H](C[C@@]([C@@H]([C@H]([C@@H]([C@H](C(=O)O1)C)O[C@H]2C[C@@]([C@H]([C@@H](O2)C)O)(C)OC)C)O[C@H]3[C@@H]([C@H](C[C@H](O3)C)[NH+](C)C)O)(C)OC)C)C)O)(C)O,0,0.12135418,1.0,0,1
CC[C@@H]1[C@@]([C@@H]([C@H](C(=O)[C@@H](C[C@@]([C@@H]([C@H]([C@@H]([C@H](C(=O)O1)C)O[C@H]2C[C@@]([C@H]([C@@H](O2)C)O)(C)OC)C)O[C@H]3[C@@H]([C@H](C[C@H](O3)C)[NH+](C)C)OC(=O)CC)(C)O)C)C)O)(C)O,0,0.12779574,1.0,0,1
Cc1c(c(=O)n2c(n1)C(CCC2)O)CC[NH+]3CCC(CC3)c4c5ccc(cc5on4)F,0,0.14059468,1.0,0,1
Cc1c(c(=O)n2c(n1)CCCC2)CC[NH+]3CCC(CC3)c4c5ccc(cc5on4)F,0,0.13879938,1.0,0,1
CCCCCCCCCCCCCCCC(=O)O[C@@H]1CCCn2c1nc(c(c2=O)CC[NH+]3CCC(CC3)c4c5ccc(cc5on4)F)C,0,0.25528726,1.0,1,1
Cc1c(c(no1)c2c(cccc2Cl)Cl)C(=O)N[C@H]3[C@@H]4N(C3=O)[C@H](C(S4)(C)C)C(=O)[O-],0,0.16222233,1.0,0,1
Cc1c(c(no1)c2ccccc2)C(=O)N[C@H]3[C@@H]4N(C3=O)[C@H](C(S4)(C)C)C(=O)[O-],0,0.145786,1.0,0,1
Cc1c(c(no1)c2ccccc2Cl)C(=O)N[C@H]3[C@@H]4N(C3=O)[C@H](C(S4)(C)C)C(=O)[O-],0,0.15587972,1.0,0,1
Cc1c(c(c(c2c1O[C@](CC2)(C)CCC[C@H](C)CCC[C@H](C)CCCC(C)C)C)OC(=O)C)C,0,0.18548119,1.0,1,1
Cc1c(c(c(c2c1OC(CC2)(C)CCCC(C)CCCC(C)CCCC(C)C)C)OC(=O)C)C,0,0.1372959,1.0,0,1
Cc1c(c2c(c(c1O)C)CC[C@@](O2)(C)CCC[C@H](C)CCC[C@H](C)CCCC(C)C)C,0,0.23029909,1.0,1,1
CC(=O)O[C@H]1C[C@@H]2CC[C@@H]3[C@@H]([C@]2(C[C@@H]1[N+]4(CCCCC4)C)C)CC[C@]5([C@H]3C[C@@H]([C@@H]5OC(=O)C)[N+]6(CCCCC6)C)C,0,0.14093213,1.0,0,1
CC(=O)O[C@H]1C[C@@H]2CC[C@@H]3[C@@H]([C@]2(C[C@@H]1[NH+]4CCCCC4)C)CC[C@]5([C@H]3C[C@@H]([C@@H]5OC(=O)C)[N+]6(CCCCC6)C)C,0,0.14811547,1.0,0,1
CCC(=O)O[C@H]1[C@H](C[C@@H]2[C@@]1(CC[C@H]3[C@H]2CC[C@@H]4[C@@]3(C[C@@H]([C@H](C4)OC(=O)C)[NH+]5CCCCC5)C)C)[N+]6(CCCCC6)CC=C,0,0.14578845,1.0,0,1
CC(C)C[C@@H](C(=O)N[C@@H](CCCN=C(N)N)C(=O)N1CCC[C@H]1C(=O)NNC(=O)N)NC(=O)[C@@H](COC(C)(C)C)NC(=O)[C@H](CC2=CC=C(C=C2)O)NC(=O)[C@H](CO)NC(=O)[C@H](CC3=CNC4=CC=CC=C43)NC(=O)[C@H](CC5=CN=CN5)NC(=O)[C@@H]6CCC(=O)N6,1,0.12950687,1.0,0,1
CC(C)CC(C(=O)NC(CCC[NH+]=C(N)N)C(=O)N1CCCC1C(=O)NNC(=O)N)NC(=O)C(COC(C)(C)C)NC(=O)C(Cc2ccc(cc2)O)NC(=O)C(CO)NC(=O)C(Cc3c[nH]c4c3cccc4)NC(=O)C(Cc5cnc[nH]5)NC(=O)C6CCC(=O)N6,0,0.12734799,1.0,0,1
CCNC(=O)[C@@H]1CCCN1C(=O)[C@H](CCCNC(=[NH2+])N)NC(=O)[C@H](CC(C)C)NC(=O)[C@@H](CC(C)C)NC(=O)[C@H](Cc2ccc(cc2)O)NC(=O)[C@H](CO)NC(=O)[C@H](Cc3c[nH]c4c3cccc4)NC(=O)[C@H](Cc5cnc[nH]5)NC(=O)[C@@H]6CCC(=O)N6,0,0.13097227,1.0,0,1
CC(C)[NH2+]CC(COc1cccc2c1cc[nH]2)O,0,0.19637643,1.0,1,1
CCCCCNC(=[NH2+])N/N=C/c1c[nH]c2c1cc(cc2)OC,0,0.25496283,1.0,1,1
CNS(=O)(=O)Cc1ccc2c(c1)c(c[nH]2)CC[NH+](C)C,0,0.12156622,1.0,0,1
C[NH+]1CC[C@@]23CCCC[C@@H]2[C@@H]1Cc4c3cc(cc4)OC,0,0.13434015,1.0,0,1
C[NH+]1CC[C@]23CCCC[C@H]2[C@H]1Cc4c3cc(cc4)O,0,0.18415327,1.0,1,1
C=CC[NH+]1CC[C@]23CCCC[C@H]2[C@H]1Cc4c3cc(cc4)O,0,0.18529725,1.0,1,1
C[N+]1(C2CCC1CC(C2)OC(=O)C(c3ccccc3)O)C,0,0.10425544,1.0,0,1
C[NH+]1[C@@H]2CC[C@H]1C[C@H](C2)OC(=O)C(CO)c3ccccc3,0,0.11557357,1.0,0,1
CC(C)[N+]1([C@@H]2CC[C@@H]1CC(C2)OC(=O)C(CO)c3ccccc3)C,0,0.11039063,1.0,0,1
C[C@H](C(=O)N)NC(=O)[C@@H]1CCCN1C(=O)[C@H](CCCC[NH2+]C(C)C)NC(=O)[C@H](CC(C)C)NC(=O)[C@@H](CC(=O)N)NC(=O)[C@H](Cc2ccc(cc2)O)N(C)C(=O)[C@H](CO)NC(=O)[C@@H](Cc3cccnc3)NC(=O)[C@@H](Cc4ccc(cc4)Cl)NC(=O)[C@@H](Cc5ccc6ccccc6c5)NC(=O)C,0,0.13042817,1.0,0,1
C[C@H](C(=O)N)NC(=O)[C@@H]1CCCN1C(=O)[C@H](CCCNC(=[NH2+])N)NC(=O)[C@H](CC(C)C)NC(=O)[C@@H](CCCNC(=O)N)NC(=O)[C@H](Cc2ccc(cc2)O)NC(=O)[C@H](CO)NC(=O)[C@@H](Cc3cccnc3)NC(=O)[C@@H](Cc4ccc(cc4)Cl)NC(=O)[C@@H](Cc5ccc6ccccc6c5)NC(=O)C,0,0.12957035,1.0,0,1
CCNC(=[NH+]CCCC[C@H](C(=O)N[C@@H](CC(C)C)C(=O)N[C@@H](CCCC[NH+]=C(NCC)NCC)C(=O)N1CCC[C@H]1C(=O)N[C@H](C)C(=O)N)NC(=O)[C@H](Cc2ccc(cc2)O)NC(=O)[C@H](CO)NC(=O)[C@@H](Cc3cccnc3)NC(=O)[C@@H](Cc4ccc(cc4)Cl)NC(=O)[C@@H](Cc5ccc6ccccc6c5)NC(=O)C)NCC,0,0.1410452,1.0,0,1
C[C@@H]1[C@H]([C@H](C[C@@H](O1)O[C@@H]2[C@H](O[C@H](C[C@@H]2O)O[C@@H]3[C@H](O[C@H](C[C@@H]3O)O[C@H]4CC[C@]5([C@@H](C4)CC[C@@H]6[C@@H]5C[C@H]([C@]7([C@@]6(CC[C@@H]7C8=CC(=O)OC8)O)C)O)C)C)C)O)O,0,0.31012535,1.0,1,1
C[C@@H]1[C@H]([C@H](C[C@@H](O1)O[C@@H]2[C@H](O[C@H](C[C@@H]2O)O[C@@H]3[C@H](O[C@H](C[C@@H]3O)O[C@H]4CC[C@]5([C@@H](C4)CC[C@@H]6[C@@H]5CC[C@]7([C@@]6(CC[C@@H]7C8=CC(=O)OC8)O)C)C)C)C)O)O,0,0.31119326,1.0,1,1
C[C@@H]1[C@H]([C@H](C[C@@H](O1)OC2[C@H](O[C@H](C[C@@H]2O)O[C@@H]3[C@H](O[C@H](C[C@@H]3O)OC4CC[C@]5([C@@H](C4)CC[C@@H]6[C@@H]5CC[C@]7([C@@]6(CC[C@@H]7C8=CC(=O)OC8)O)C)C)C)C)OC(=O)C)O,0,0.2999726,1.0,1,1
C[C@@H]([C@@H](c1ccc(cc1)O)O)[NH2+]CCc2ccc(cc2)O,0,0.1509488,1.0,0,1
C[C@H](Cc1ccc(cc1)OC)[NH2+]C[C@@H](c2ccc(c(c2)NC=O)O)O,0,0.18207523,1.0,1,1
CC(Cc1ccc(cc1)OC)[NH2+]CC(c2ccc(c(c2)NC=O)O)O,0,0.13728496,1.0,0,1
c1cnc(nc1)[N-]S(=O)(=O)c2ccc(cc2)N,0,0.10917571,1.0,0,1
Cc1ccnc(n1)[N-]S(=O)(=O)c2ccc(cc2)N,0,0.10837142,1.0,0,1
COc1cnc(nc1)[N-]S(=O)(=O)c2ccc(cc2)N,0,0.118385874,1.0,0,1
c1ccc(cc1)COc2ccc(cc2)O,0,0.2875577,1.0,1,1
C[NH2+]CCC(c1ccccc1)Oc2ccc(cc2)C(F)(F)F,0,0.16943763,1.0,0,1
Cc1ccccc1O[C@H](CC[NH2+]C)c2ccccc2,0,0.10549907,1.0,0,1
c1ccc(cc1)CC[C@@H](C(=O)[O-])[NH2+][C@@H](CCCC[NH3+])C(=O)N2CCC[C@H]2C(=O)[O-],0,0.120054245,1.0,0,1
C[C@@H](C(=O)N1CCC[C@H]1C(=O)[O-])[NH2+][C@@H](CCc2ccccc2)C(=O)[O-],0,0.09853621,1.0,0,1
CCOC(=O)[C@H](CCc1ccccc1)[NH2+][C@@H](C)C(=O)N2CCC[C@H]2C(=O)[O-],0,0.109748274,1.0,0,1
c1ccc(cc1)C[C@H]2C(=O)N[C@H](C(=O)N[C@H](C(=O)N[C@@H](CSSCCC(=O)N[C@H](C(=O)N2)Cc3ccc(cc3)O)C(=O)N4CCC[C@H]4C(=O)N[C@H](CCCNC(=[NH2+])N)C(=O)NCC(=O)N)CC(=O)N)CCC(=O)N,0,0.099994086,1.0,0,1
c1ccc(cc1)CC2C(=O)NC(C(=O)NC(C(=O)NC(CSSCC(C(=O)NC(C(=O)N2)Cc3ccc(cc3)O)[NH3+])C(=O)N4CCCC4C(=O)NC(CCC[NH+]=C(N)N)C(=O)NCC(=O)N)CC(=O)N)CCC(=O)N,0,0.09885807,1.0,0,1
c1ccc(cc1)CC2C(=O)NC(C(=O)NC(C(=O)NC(CSSCC(C(=O)NC(C(=O)N2)Cc3ccc(cc3)O)[NH3+])C(=O)N4CCCC4C(=O)NC(CCCC[NH3+])C(=O)NCC(=O)N)CC(=O)N)CCC(=O)N,0,0.11298401,1.0,0,1
c1ccc(cc1)C2=NCc3nncn3-c4c2cc(cc4)Cl,0,0.2580215,1.0,1,1
Cc1nnc2n1-c3ccc(cc3C(=NC2)c4ccccc4)Cl,0,0.23820451,1.0,1,1
Cc1nnc2n1-c3ccc(cc3C(=NC2)c4ccccc4Cl)Cl,0,0.24937533,1.0,1,1
c1ccc(cc1)C2(CC[NH+](CC2)CCC(C#N)(c3ccccc3)c4ccccc4)C(=O)[O-],0,0.18004459,1.0,1,1
CCOC(=O)C1(CC[NH+](CC1)CCC(C#N)(c2ccccc2)c3ccccc3)c4ccccc4,0,0.20080732,1.0,1,1
CN(C)C(=O)C(CC[NH+]1CCC(CC1)(c2ccc(cc2)Cl)O)(c3ccccc3)c4ccccc4,0,0.19466366,1.0,1,1
c1ccc(c(c1)CC(=O)N[C@H]2[C@@H]3N(C2=O)C(=C(CS3)CSc4nnnn4CC(=O)[O-])C(=O)[O-])C[NH3+],0,0.17022751,1.0,1,1
c1ccc(cc1)[C@H](C(=O)N[C@H]2[C@@H]3N(C2=O)C(=C(CS3)CSc4nnnn4CS(=O)(=O)[O-])C(=O)[O-])O,0,0.16094531,1.0,0,1
Cn1c(nnn1)SCC2=C(N3[C@@H]([C@@H](C3=O)NC(=O)[C@@H](c4ccccc4)O)SC2)C(=O)[O-],0,0.17203121,1.0,1,1
c1ccc(c(c1)CC(=O)[O-])Nc2c(cccc2Cl)Cl,0,0.27444512,1.0,1,1
Cc1ccc(c(c1Cl)Nc2ccccc2C(=O)[O-])Cl,0,0.2811918,1.0,1,1
Cc1cccc(c1C)Nc2ccccc2C(=O)[O-],0,0.2384554,1.0,1,1
c1cc(oc1/C=N/NC(=O)N)[N+](=O)[O-],0,0.15744665,1.0,0,1
C[NH2+]/C(=C\[N+](=O)[O-])/NCCSCc1ccc(o1)C[NH+](C)C,0,0.0991361,1.0,0,1
CN/C(=C\[N+](=O)[O-])/[NH2+]CCSCc1ccc(o1)C[NH+](C)C,0,0.100663126,1.0,0,1
C1CC(=O)NC(=O)C1N2C(=O)C3=C(C2=O)C(=CC=C3)N,1,0.24619372,1.0,1,1
C1CC(=O)NC(=O)C1N2C(=O)C3=CC=CC=C3C2=O,1,0.18770447,1.0,1,1
c1ccc2c(c1)C(=O)N(C2=O)C3CCC(=O)NC3=O,0,0.18770447,1.0,1,1
C1C2CC3CC1CC(C2)(C3)[NH3+],0,0.09568159,1.0,0,1
CC(C12CC3CC(C1)CC(C3)C2)[NH3+],0,0.08547854,1.0,0,1
CC12CC3CC(C1)(CC(C3)(C2)[NH3+])C,0,0.08528804,1.0,0,1
c1c(c(=O)[nH]c(=O)[nH]1)F,0,0.12587214,1.0,0,1
c1c(c(=O)[nH]c(=O)[nH]1)N(CCCl)CCCl,0,0.1692798,1.0,0,1
C1=C(C(=O)NC(=O)N1)F,1,0.12587214,1.0,0,1
C1[C@@H]([C@H](O[C@H]1N2C=NC(=NC2=O)N)CO)O,1,0.15247113,1.0,0,1
c1nc(nc(=O)n1[C@H]2[C@@H]([C@@H]([C@H](O2)CO)O)O)N,0,0.1429331,1.0,0,1
c1nc(nc(=O)n1[C@H]2C[C@@H]([C@H](O2)CO)O)N,0,0.15247113,1.0,0,1
C1[C@@H]([C@H]([C@@H]([C@H]([NH+]1CCO)CO)O)O)O,0,0.09722537,1.0,0,1
CCCC[NH+]1C[C@@H]([C@H]([C@@H]([C@H]1CO)O)O)O,0,0.10977426,1.0,0,1
CCCCCCCCC[NH+]1C[C@@H]([C@H]([C@@H]([C@H]1CO)O)O)O,0,0.17504808,1.0,1,1
C1[C@@H]([C@@H]2[C@H](O1)[C@@H](CO2)O[N+](=O)[O-])O,0,0.09508972,1.0,0,1
C1[C@H]([C@@H]2[C@H](O1)[C@H](CO2)O)O,0,0.12134609,1.0,0,1
C1[C@H]([C@@H]2[C@H](O1)[C@H](CO2)O[N+](=O)[O-])O[N+](=O)[O-],0,0.114849016,1.0,0,1
C([C@@H]1[C@H]([C@@H]([C@H]([C@H](O1)O)F)O)O)O,0,0.093164675,1.0,0,1
CCP(=[Au]S[C@H]1[C@@H]([C@H]([C@@H]([C@H](O1)COC(=O)C)OC(=O)C)OC(=O)C)OC(=O)C)(CC)CC,0,0.2479114,1.0,1,1
CN(C(=O)N[C@@H]1[C@H]([C@@H]([C@H](O[C@@H]1O)CO)O)O)N=O,0,0.095044844,1.0,0,1
CS(=O)(=O)CCNCC1=CC=C(O1)C2=CC3=C(C=C2)N=CN=C3NC4=CC(=C(C=C4)OCC5=CC(=CC=C5)F)Cl,1,0.23478636,1.0,1,1
CS(=O)(=O)CCNCc1ccc(o1)c2ccc3c(c2)c(ncn3)Nc4ccc(c(c4)Cl)OCc5cccc(c5)F,0,0.23478636,1.0,1,1
COc1ccc2c(c1)c(ccn2)[C@@H]([C@H]3C[C@@H]4CC[NH+]3C[C@@H]4C=C)O,0,0.23889731,1.0,1,1
COc1ccc2c(c1)c(ccn2)[C@H]([C@@H]3C[C@@H]4CC[NH+]3C[C@@H]4C=C)O,0,0.22711313,1.0,1,1
COc1cc(cc(c1OC)OC)C(=O)O[C@@H]2C[C@@H]3C[NH+]4CCc5c6ccccc6[nH]c5[C@H]4C[C@@H]3[C@@H]([C@H]2OC)C(=O)OC,0,0.2714157,1.0,1,1
COc1ccc2c(c1)[nH]c3c2CC[NH+]4[C@@H]3C[C@H]5[C@@H](C4)C[C@H]([C@@H]([C@H]5C(=O)OC)OC)OC(=O)c6cc(c(c(c6)OC)OC)OC,0,0.2371196,1.0,1,1
COC(=O)[C@H](c1ccccc1)[C@H]2CCCC[NH2+]2,0,0.10190722,1.0,0,1
COC(=O)C(c1ccccc1)C2CCCC[NH2+]2,0,0.14787208,1.0,0,1
CNC(=O)c1cc(ccn1)Oc2ccc(cc2)NC(=O)Nc3ccc(c(c3)C(F)(F)F)Cl,0,0.28466547,1.0,1,1
CNC(=O)C1=NC=CC(=C1)OC2=CC=C(C=C2)NC(=O)NC3=CC(=C(C=C3)Cl)C(F)(F)F,1,0.28466547,1.0,1,1
CN(CCOC1=CC=C(C=C1)CC2C(=O)NC(=O)S2)C3=CC=CC=N3,1,0.2781665,1.0,1,1
CN(CCOC1=CC=C(C=C1)CC2C(=O)NC(=O)S2)C3=CC=CC=N3.C(=C\C(=O)O)\C(=O)O,1,0.23018794,1.0,1,1
CN(Cc1cnc2c(n1)c(nc(n2)N)N)c3ccc(cc3)C(=O)N[C@@H](CCC(=O)[O-])C(=O)[O-],0,0.21904074,1.0,1,1
CN(CC1=CN=C2C(=N1)C(=NC(=N2)N)N)C3=CC=C(C=C3)C(=O)N[C@@H](CCC(=O)O)C(=O)O,1,0.20448546,1.0,1,1
CCOC(=O)[C@H](CCc1ccccc1)[NH2+][C@@H](C)C(=O)N2Cc3cc(c(cc3C[C@H]2C(=O)[O-])OC)OC,0,0.16385134,1.0,0,1
CCOC(=O)[C@H](CCc1ccccc1)[NH2+][C@@H](C)C(=O)N2Cc3ccccc3C[C@H]2C(=O)[O-],0,0.13025628,1.0,0,1
CCn1cc(c(=O)c2c1c(c(c(c2)F)N3CC[NH2+]C(C3)C)F)C(=O)[O-],0,0.13795917,1.0,0,1
CCn1cc(c(=O)c2c1cc(c(c2)F)N3CC[NH2+]CC3)C(=O)[O-],0,0.1579157,1.0,0,1
CCN(CC)c1ccc(cc1)C(=C2C=CC(=[N+](CC)CC)C=C2)c3cc(ccc3S(=O)(=O)[O-])S(=O)(=O)[O-],0,0.231607,1.0,1,1
CN(C)c1ccc(cc1)C(=C2C=CC(=[N+](C)C)C=C2)c3ccc(cc3)N(C)C,0,0.39620963,1.0,1,1
CCCS(=O)(=O)NC1=C(C(=C(C=C1)F)C(=O)C2=CNC3=NC=C(C=C23)C4=CC=C(C=C4)Cl)F,1,0.28773004,1.0,1,1
CCCS(=O)(=O)Nc1ccc(c(c1F)C(=O)c2c[nH]c3c2cc(cn3)c4ccc(cc4)Cl)F,0,0.28773004,1.0,1,1
CCCCC[C@@H](/C=C/[C@H]1[C@@H](C[C@@H]([C@@H]1C/C=C\CCCC(=O)[O-])O)O)O,0,0.16454007,1.0,0,1
CCCCCCCC(=O)CC[C@H]1[C@@H](C[C@@H]([C@@H]1C/C=C\CCCC(=O)OC(C)C)O)O,0,0.1745145,1.0,1,1
CCCCc1c(c2cc(ccc2o1)NS(=O)(=O)C)C(=O)c3ccc(cc3)OCCC[NH+](CCCC)CCCC,0,0.23696496,1.0,1,1
CCCCc1c(c2ccccc2o1)C(=O)c3cc(c(c(c3)I)OCC[NH+](CC)CC)I,0,0.22465041,1.0,1,1
CCC1(CCC(=O)NC1=O)c2ccc(cc2)N,0,0.1757135,1.0,1,1
CCC1(CCC(=O)NC1=O)c2ccccc2,0,0.10311474,1.0,0,1
CCC1(C(=O)N(C(=O)N1)C)c2ccccc2,0,0.10931822,1.0,0,1
CCN1C(=O)C(NC1=O)c2ccccc2,0,0.13449953,1.0,0,1
CCC(=O)O[C@@](Cc1ccccc1)(c2ccccc2)[C@@H](C)C[NH+](C)C,0,0.105701,1.0,0,1
CCC(=O)O[C@](Cc1ccccc1)(c2ccccc2)[C@H](C)C[NH+](C)C,0,0.0999271,1.0,0,1
CC[NH+](CC)CCCC(C)Nc1cc[nH+]c2c1ccc(c2)Cl,0,0.26457113,1.0,1,1
CC[NH+](CCCC(C)Nc1cc[nH+]c2c1ccc(c2)Cl)CCO,0,0.25356817,1.0,1,1
CC[C@H](C)C(=O)O[C@H]1C[C@H](C=C2[C@H]1[C@H]([C@H](C=C2)C)CC[C@@H]3C[C@H](CC(=O)O3)O)C,1,0.28556028,1.0,1,1
CCC(C)(C)C(=O)O[C@H]1C[C@H](C=C2[C@H]1[C@H]([C@H](C=C2)C)CC[C@@H]3C[C@H](CC(=O)O3)O)C,0,0.27679646,1.0,1,1
CC[C@H](C)[C@H]1C(=O)N[C@H](C(=O)N[C@H](C(=O)N[C@@H](CSSC[C@@H](C(=O)N[C@H](C(=O)N1)Cc2ccc(cc2)O)[NH3+])C(=O)N3CCC[C@H]3C(=O)N[C@@H](CC(C)C)C(=O)NCC(=O)N)CC(=O)N)CCC(=O)N,0,0.11053144,1.0,0,1
CCC(C)C1C(=O)NC(C(=O)NC(C(=O)NC(CSSCC(C(=O)NC(C(=O)N1)Cc2ccc(cc2)O)[NH3+])C(=O)N3CCCC3C(=O)NC(CC(C)C)C(=O)NCC(=O)N)CC(=O)N)C(C)O,0,0.10475303,1.0,0,1
CC[C@]12CC[C@H]3[C@H]([C@@H]1CC[C@]2(C#C)O)CCC4=C/C(=N/O)/CC[C@H]34,0,0.2255313,1.0,1,1
CC[C@]12CC[C@H]3[C@H]([C@@H]1CC[C@]2(C#C)OC(=O)C)CCC4=C/C(=N/O)/CC[C@H]34,0,0.21156119,1.0,1,1
CC[C@@H](CO)NC(=O)[C@H]1C[NH+]([C@@H]2Cc3c[nH]c4c3c(ccc4)C2=C1)C,0,0.23459314,1.0,1,1
CC[C@@H](CO)NC(=O)[C@H]1C[NH+]([C@@H]2Cc3cn(c4c3c(ccc4)C2=C1)C)C,0,0.1861067,1.0,1,1
CC[C@@H](C(=O)N)N1CCCC1=O,0,0.08524752,1.0,0,1
C=CN1CCCC1=O,0,0.10324628,1.0,0,1
CC[C@@]1(C[C@@H]2C[C@@](C3=C(CCN(C2)C1)C4=CC=CC=C4N3)(C5=C(C=C6C(=C5)[C@]78CCN9[C@H]7[C@@](C=CC9)([C@H]([C@@]([C@@H]8N6C=O)(C(=O)OC)O)OC(=O)C)CC)OC)C(=O)OC)O,1,0.22271791,1.0,1,1
CC[C@@]1(C[C@@H]2C[C@@](C3=C(CCN(C2)C1)C4=CC=CC=C4N3)(C5=C(C=C6C(=C5)[C@]78CCN9[C@H]7[C@@](C=CC9)([C@H]([C@@]([C@@H]8N6C=O)(C(=O)OC)O)OC(=O)C)CC)OC)C(=O)OC)O.OS(=O)(=O)O,1,0.17545505,1.0,1,1
Cc1ccc(cc1)/C(=C\C[NH+]2CCCC2)/c3cccc(n3)/C=C/C(=O)[O-],0,0.20563535,1.0,1,1
Cc1ccc(cc1)/C(=C\C[NH+]2CCCC2)/c3ccccn3,0,0.21209899,1.0,1,1
Cc1cc2c(cc1C)n(c-3nc(=O)[nH]c(=O)c3n2)C[C@@H]([C@@H]([C@@H](CO)O)O)O,0,0.20372671,1.0,1,1
Cc1cc2c(cc1C)n(c-3nc(=O)[nH]c(=O)c3n2)C[C@@H]([C@@H]([C@@H](COP(=O)([O-])[O-])O)O)O,0,0.20752639,1.0,1,1
Cc1cc(=O)oc2c1cc3cc(oc3c2C)C,0,0.21294977,1.0,1,1
COc1c2c(ccc(=O)o2)cc3c1occ3,0,0.28833032,1.0,1,1
CC1=C2[C@H](C(=O)[C@@]3([C@H](C[C@@H]4[C@]([C@H]3[C@@H]([C@@](C2(C)C)(C[C@@H]1OC(=O)[C@@H]([C@H](C5=CC=CC=C5)NC(=O)OC(C)(C)C)O)O)OC(=O)C6=CC=CC=C6)(CO4)OC(=O)C)O)C)O,1,0.1659114,1.0,0,1
CC1=C2[C@H](C(=O)[C@@]3([C@H](C[C@@H]4[C@]([C@H]3[C@@H]([C@@](C2(C)C)(C[C@@H]1OC(=O)[C@@H]([C@H](c5ccccc5)NC(=O)OC(C)(C)C)O)O)OC(=O)c6ccccc6)(CO4)OC(=O)C)OC)C)OC,0,0.1671782,1.0,0,1
CC1=C(C=C(C=C1)NC(=O)C2=CC=C(C=C2)CN3CCN(CC3)C)NC4=NC=CC(=N4)C5=CN=CC=C5,1,0.15686218,1.0,0,1
CC1=C(C=C(C=C1)NC(=O)C2=CC=C(C=C2)CN3CCN(CC3)C)NC4=NC=CC(=N4)C5=CN=CC=C5.CS(=O)(=O)O,1,0.12011719,1.0,0,1
CC1=C(C=C(C=C1)C(=O)NC2=CC(=CC(=C2)N3C=C(N=C3)C)C(F)(F)F)NC4=NC=CC(=N4)C5=CN=CC=C5,1,0.28111687,1.0,1,1
Cc1ccc(cc1Nc2nccc(n2)c3cccnc3)C(=O)Nc4cc(cc(c4)n5cc(nc5)C)C(F)(F)F,0,0.2811169,1.0,1,1
CC1=C(C(=O)c2ccccc2C1=O)C/C=C(\C)/CCC[C@H](C)CCC[C@H](C)CCCC(C)C,0,0.25675336,1.0,1,1
CC1=CC(=O)c2ccccc2C1=O,0,0.27605566,1.0,1,1
CC1(CC(=O)N(C1=O)C)c2ccccc2,0,0.08751888,1.0,0,1
CN1C(=O)CC(C1=O)c2ccccc2,0,0.10731444,1.0,0,1
CC1(C(=O)N(C(=O)O1)C)C,0,0.06774644,1.0,0,1
CCC1(C(=O)N(C(=O)O1)C)C,0,0.0759615,1.0,0,1
CC/C(=C(/CC)\c1ccc(cc1)O)/c2ccc(cc2)O,0,0.37972397,1.0,1,1
CC/C(=C(/CC)\c1ccc(cc1)OP(=O)([O-])[O-])/c2ccc(cc2)OP(=O)([O-])[O-],0,0.25695685,1.0,1,1
CC(OC(=O)C)OC(=O)C1=C(CS[C@H]2N1C(=O)[C@H]2NC(=O)/C(=N\OC)/c3ccco3)COC(=O)N,0,0.18509601,1.0,1,1
CO/N=C(/c1ccco1)\C(=O)N[C@H]2[C@@H]3N(C2=O)C(=C(CS3)COC(=O)N)C(=O)[O-],0,0.14918432,1.0,0,1
CC(=O)OCC1=C(N2[C@@H]([C@@H](C2=O)NC(=O)Cc3cccs3)SC1)C(=O)[O-],0,0.20942391,1.0,1,1
CO[C@@]1([C@@H]2N(C1=O)C(=C(CS2)COC(=O)N)C(=O)[O-])NC(=O)Cc3cccs3,0,0.1729971,1.0,1,1
CC(=O)O[C@H]1CC[C@@H]2[C@H]3CC[C@]4([C@H]([C@@H]3CCC2=C1)CC[C@]4(C#C)OC(=O)C)C,0,0.18692899,1.0,1,1
CC[C@@]1(CC[C@@H]2[C@@]1(CC[C@H]3[C@H]2CCC4=CCCC[C@H]34)C)O,0,0.22264177,1.0,1,1
CC(=O)O[C@H]1CC[C@@]2([C@H]3CC[C@]4([C@H]([C@@H]3CC=C2C1)CC=C4c5cccnc5)C)C,0,0.22080714,1.0,1,1
CC(=O)O[C@H]1CC[C@@]2([C@H]3CC[C@]4([C@H]([C@@H]3CC=C2C1)CC=C4C5=CN=CC=C5)C)C,1,0.22080714,1.0,1,1
CC(=O)N1CCN(CC1)C2=CC=C(C=C2)OC[C@H]3CO[C@](O3)(CN4C=CN=C4)C5=C(C=C(C=C5)Cl)Cl,1,0.21618098,1.0,1,1
CC(=O)N1CCN(CC1)c2ccc(cc2)OC[C@H]3CO[C@](O3)(Cn4ccnc4)c5ccc(cc5Cl)Cl,0,0.21618098,1.0,1,1
CC(=O)CC(c1ccccc1)c2c(c3ccccc3oc2=O)[O-],0,0.26410416,1.0,1,1
CCC(c1ccccc1)c2c(c3ccccc3oc2=O)[O-],0,0.27106583,1.0,1,1
CC(=O)[C@H]1CC[C@@H]2[C@@]1(CC[C@@H]3[C@H]2C=CC4=CC(=O)CC[C@@]34C)C,0,0.21042211,1.0,1,1
CC1=C[C@@H]2[C@H](CC[C@]3([C@H]2CC[C@@]3(C(=O)C)OC(=O)C)C)[C@@]4(C1=CC(=O)CC4)C,0,0.17804946,1.0,1,1
CC(CCc1ccc(cc1)O)[NH2+]CCc2ccc(c(c2)O)O,0,0.19490722,1.0,1,1
CC(CCc1ccccc1)[NH2+]CC(c2ccc(c(c2)C(=O)N)O)O,0,0.11155221,1.0,0,1
CC(C)CN(C[C@H]([C@H](Cc1ccccc1)NC(=O)O[C@H]2CCOC2)O)S(=O)(=O)c3ccc(cc3)N,0,0.12923463,1.0,0,1
CC(C)CN(C[C@H]([C@H](Cc1ccccc1)NC(=O)O[C@H]2CCOC2)OP(=O)([O-])[O-])S(=O)(=O)c3ccc(cc3)N,0,0.13405791,1.0,0,1
CC(C)[NH2+]C[C@@H](COc1ccc(cc1)CCOCC2CC2)O,0,0.13045935,1.0,0,1
CC(C)[NH2+]CC(COc1ccc(cc1)CCOCC2CC2)O,0,0.1354264,1.0,0,1
CC(C)[N+](C)(CCOC(=O)C1c2ccccc2Oc3c1cccc3)C(C)C,0,0.15981929,1.0,0,1
CC[N+](C)(CC)CCOC(=O)C1c2ccccc2Oc3c1cccc3,0,0.1538705,1.0,0,1
CC(C)(C)c1ccc(cc1)C[NH+]2CCN(CC2)C(c3ccccc3)c4ccc(cc4)Cl,0,0.21063192,1.0,1,1
Cc1cccc(c1)C[NH+]2CCN(CC2)C(c3ccccc3)c4ccc(cc4)Cl,0,0.15309665,1.0,0,1
CC(C)(C#N)c1cc(cc(c1)C(C)(C)C#N)Cn2cncn2,0,0.17097038,1.0,1,1
CC(C)(C#N)C1=CC(=CC(=C1)CN2C=NC=N2)C(C)(C)C#N,1,0.17097035,1.0,1,1
CC(C(=O)O)O.CN1CCN(CC1)C2=CC3=C(C=C2)N/C(=C\4/C(=C5C(=NC4=O)C=CC=C5F)N)/N3.O,1,0.1304536,1.0,0,1
CN1CCN(CC1)C2=CC3=C(C=C2)N/C(=C/4\C(=C5C(=NC4=O)C=CC=C5F)N)/N3,1,0.1953343,1.0,1,1
CC#C[C@@]1(CC[C@@H]2[C@@]1(C[C@@H](C3=C4CCC(=O)C=C4CC[C@@H]23)c5ccc(cc5)N(C)C)C)O,0,0.29525188,1.0,1,1
CC(=O)[C@]1(CC[C@@H]2[C@@]1(C[C@@H](C3=C4CCC(=O)C=C4CC[C@@H]23)c5ccc(cc5)N(C)C)C)OC(=O)C,0,0.22541799,1.0,1,1
C[NH2+]CC[C@@H](c1cccs1)Oc2cccc3c2cccc3,0,0.16801366,1.0,0,1
CNCC[C@@H](C1=CC=CS1)OC2=CC=CC3=CC=CC=C32,1,0.14852355,1.0,0,1
C[NH+]1CCCCC1CCN2c3ccccc3Sc4c2cc(cc4)S(=O)C,0,0.14864163,1.0,0,1
C[NH+]1CCCCC1CCN2c3ccccc3Sc4c2cc(cc4)SC,0,0.16802326,1.0,0,1
C[NH+]1[C@@H]2C[C@H](C[C@H]1[C@H]3[C@@H]2O3)OC(=O)[C@H](CO)c4ccccc4,0,0.11662473,1.0,0,1
C[NH+]1C2CC(CC1C3C2O3)OC(=O)C(CO)c4ccccc4,0,0.19314918,1.0,1,1
C[NH+](CCc1ccc(cc1)NS(=O)(=O)C)CCOc2ccc(cc2)NS(=O)(=O)C,0,0.10993549,1.0,0,1
CCOc1ccccc1OCC[NH2+][C@H](C)Cc2ccc(c(c2)S(=O)(=O)N)OC,0,0.13745394,1.0,0,1
C[NH+](C)CCN(Cc1ccc(cc1)OC)c2ccccn2,0,0.165925,1.0,0,1
C[NH+](C)CCN(Cc1ccccc1)c2ccccn2,0,0.15097652,1.0,0,1
C[NH+](C)CCC[C@@]1(c2ccc(cc2CO1)C#N)c3ccc(cc3)F,0,0.11482545,1.0,0,1
C[NH+](C)CCCC1(c2ccc(cc2CO1)C#N)c3ccc(cc3)F,0,0.111504085,1.0,0,1
C[NH+](C)C[C@H]1CCCC[C@@]1(c2cccc(c2)OC)O,0,0.09039902,1.0,0,1
CN(C)C[C@H]1CCCC[C@@]1(C2=CC(=CC=C2)OC)O,1,0.08446324,1.0,0,1
C[N+]1(CCc2cc(c3cc2[C@@H]1Cc4ccc(cc4)Oc5c6c(cc(c5OC)OC)CC[N+]([C@@H]6Cc7ccc(c(c7)O3)OC)(C)C)OC)C,0,0.13182358,1.0,0,1
C[NH+]1CCc2cc(c3cc2[C@@H]1Cc4ccc(cc4)Oc5c6c(cc(c5O)OC)CC[N+]([C@@H]6Cc7ccc(c(c7)O3)O)(C)C)OC,0,0.14475001,1.0,0,1
C[N+]1(CCc2cc(c(cc2C1Cc3ccc(c(c3)OC)OC)OC)OC)CCC(=O)OCCCCCOC(=O)CC[N+]4(CCc5cc(c(cc5C4Cc6ccc(c(c6)OC)OC)OC)OC)C,0,0.15461105,1.0,0,1
C[N@@+]1(CCc2cc(c(cc2[C@H]1Cc3ccc(c(c3)OC)OC)OC)OC)CCC(=O)OCCCCCOC(=O)CC[N@+]4(CCc5cc(c(cc5[C@H]4Cc6ccc(c(c6)OC)OC)OC)OC)C,0,0.19682544,1.0,1,1
C[C@H]1COc2c3n1cc(c(=O)c3cc(c2N4CC[NH+](CC4)C)F)C(=O)[O-],0,0.14098814,1.0,0,1
CC1COc2c3n1cc(c(=O)c3cc(c2N4CC[NH+](CC4)C)F)C(=O)[O-],0,0.13216889,1.0,0,1
C[C@H]1[C@H]([C@@](C[C@@H](O1)O[C@@H]2[C@H]([C@@H]([C@H](O[C@H]2Oc3c4cc5cc3Oc6ccc(cc6Cl)[C@H]([C@H](C(=O)N[C@H](C(=O)N[C@H]5C(=O)N[C@@H]7c8ccc(c(c8)-c9c(cc(cc9O)O)[C@H](NC(=O)[C@H]([C@@H](c1ccc(c(c1)Cl)O4)O)NC7=O)C(=O)[O-])O)CC(=O)N)NC(=O)[C@@H](CC(C)C)[NH2+]C)O)CO)O)O)(C)[NH3+])O,0,0.21452358,1.0,1,1
CCCCCCCCCCNCC[NH2+][C@]1(C[C@@H](O[C@H]([C@H]1O)C)O[C@@H]2[C@H]([C@@H]([C@H](O[C@H]2Oc3c4cc5cc3Oc6ccc(cc6Cl)[C@H]([C@H](C(=O)N[C@H](C(=O)N[C@H]5C(=O)N[C@@H]7c8ccc(c(c8)-c9c(cc(c(c9O)C[NH2+]CP(=O)([O-])[O-])O)[C@H](NC(=O)[C@H]([C@@H](c1ccc(c(c1)Cl)O4)O)NC7=O)C(=O)[O-])O)CC(=O)N)NC(=O)[C@@H](CC(C)C)[NH2+]C)O)CO)O)O)C,0,0.16117802,1.0,0,1
C[C@H](CCC(=O)[O-])[C@H]1CC[C@@H]2[C@@]1(CC[C@H]3[C@H]2[C@@H](C[C@H]4[C@@]3(CC[C@H](C4)O)C)O)C,0,0.1785356,1.0,1,1
C[C@H](CCC(=O)[O-])[C@H]1CC[C@@H]2[C@@]1(CC[C@H]3[C@H]2[C@H](C[C@H]4[C@@]3(CC[C@H](C4)O)C)O)C,0,0.18126763,1.0,1,1
C[C@]12CCC(=O)C=C1[C@H](C[C@@H]3[C@@H]2[C@H](C[C@]4([C@H]3C[C@@H]5[C@]4(OC(O5)(C)C)C(=O)CO)C)O)F,0,0.1842722,1.0,1,1
C[C@]12CCC(=O)C=C1CC[C@@H]3[C@@]2([C@H](C[C@]4([C@H]3C[C@@H]5[C@]4(OC(O5)(C)C)C(=O)CCl)C)O)F,0,0.17898436,1.0,1,1
C[C@]12CC[C@H]3[C@H]([C@@H]1CC[C@@H]2C(=O)NC4=C(C=CC(=C4)C(F)(F)F)C(F)(F)F)CC[C@@H]5[C@@]3(C=CC(=O)N5)C,1,0.21852908,1.0,1,1
C[C@]12CC[C@H]3[C@H]([C@@H]1CC[C@@H]2C(=O)Nc4cc(ccc4C(F)(F)F)C(F)(F)F)CC[C@@H]5[C@@]3(C=CC(=O)N5)C,0,0.21852905,1.0,1,1
C[C@]12CC[C@@H]3c4ccc(cc4CC[C@H]3[C@@H]1CCC2=O)O,0,0.25847125,1.0,1,1
C[C@]12CC[C@@H]3c4ccc(cc4CC[C@H]3[C@@H]1CCC2=O)OS(=O)(=O)[O-],0,0.17288402,1.0,1,1
C[C@]12CC(=O)[C@H]3[C@H]([C@@H]1CC[C@@]2(C(=O)CO)O)CCC4=CC(=O)C=C[C@]34C,1,0.16702268,1.0,0,1
C[C@H]1C[C@H]2[C@@H]3CCC4=CC(=O)C=C[C@@]4([C@H]3C(=O)C[C@@]2([C@]1(C(=O)CO)O)C)C,0,0.16786067,1.0,0,1
C[C@@H]1OC[C@@H]2[C@@H](O1)[C@@H]([C@H]([C@@H](O2)O[C@@H]3c4cc5c(cc4[C@H]([C@@H]6[C@@H]3COC6=O)c7cc(c(c(c7)OC)O)OC)OCO5)O)O,0,0.2884079,1.0,1,1
C[C@@H]1OC[C@@H]2[C@@H](O1)[C@@H]([C@H]([C@@H](O2)O[C@H]3[C@H]4COC(=O)[C@@H]4[C@@H](C5=CC6=C(C=C35)OCO6)C7=CC(=C(C(=C7)OC)O)OC)O)O,1,0.2669164,1.0,1,1
C[C@@H]1C[C@H]2[C@@H]3C[C@@H](C4=CC(=O)C=C[C@@]4([C@]3([C@H](C[C@@]2([C@]1(C(=O)SCF)OC(=O)c5ccco5)C)O)F)C)F,0,0.20998079,1.0,1,1
C[C@@H]1C[C@H]2[C@@H]3CCC4=CC(=O)C=C[C@@]4([C@]3([C@H](C[C@@]2([C@]1(C(=O)CCl)OC(=O)c5ccco5)C)O)Cl)C,0,0.21119146,1.0,1,1
C[C@@H]1C[C@@H]([C@@H]2[C@H](C[C@H]([C@@](O2)(C(=O)C(=O)N3CCCC[C@H]3C(=O)O[C@@H]([C@@H]([C@H](CC(=O)[C@@H](/C=C(/C1)\C)CC=C)O)C)/C(=C/[C@@H]4CC[C@H]([C@@H](C4)OC)O)/C)O)C)OC)OC,0,0.2606198,1.0,1,1
CC[C@@H]1/C=C(\\C[C@@H](C[C@@H]([C@@H]2[C@H](C[C@H]([C@@](O2)(C(=O)C(=O)N3CCCC[C@H]3C(=O)O[C@@H]([C@@H]([C@H](CC1=O)O)C)/C(=C/[C@@H]4CC[C@@H]([C@@H](C4)OC)Cl)/C)O)C)OC)OC)C)/C,0,0.24655731,1.0,1,1
C[C@@H]1[C@@H]2[C@H](C(=O)N2C(=C1S[C@H]3C[C@H]([NH2+]C3)C(=O)N(C)C)C(=O)[O-])[C@@H](C)O,0,0.14060402,1.0,0,1
C[C@@H]1[C@@H]2[C@H](C(=O)N2C(=C1S[C@H]3C[C@H]([NH2+]C3)CNS(=O)(=O)N)C(=O)[O-])[C@@H](C)O,0,0.11566752,1.0,0,1
c1nc2c(=O)[nH]c(nc2n1COC(CO)CO)N,0,0.13955027,1.0,0,1
CC(C)[C@@H](C(=O)OCCOCn1cnc2c1nc([nH]c2=O)N)[NH3+],0,0.15100622,1.0,0,1
C1COC1=O,0,0.0728839,1.0,0,1
CCCCCCCCCCC[C@@H](C[C@H]1[C@@H](C(=O)O1)CCCCCC)OC(=O)[C@H](CC(C)C)NC=O,0,0.13264154,1.0,0,1
c1cnccc1c2cc(c(=O)[nH]c2)N,0,0.24251403,1.0,1,1
Cc1c(cc(c(=O)[nH]1)C#N)c2ccncc2,0,0.15765427,1.0,0,1
C1CNCC[NH2+]1,0,0.08714056,1.0,0,1
CCN(CC)C(=O)N1CC[NH+](CC1)C,0,0.08115845,1.0,0,1
C1CN(P(=O)(OC1)NCCCl)CCCl,1,0.12919118,1.0,0,1
C1CNP(=O)(OC1)N(CCCl)CCCl,1,0.13580494,1.0,0,1
C1CN(CCN(CCN(CC[NH+]1CC(=O)[O-])CC(=O)[O-])C(CO)C(CO)O)CC(=O)[O-],0,0.11858835,1.0,0,1
CC(CN1CC[NH+](CCN(CCN(CC1)CC(=O)[O-])CC(=O)[O-])CC(=O)[O-])O,0,0.117326245,1.0,0,1
c1ccc2c(c1)[NH+]=C(c3cc(ccc3O2)Cl)N4CC[NH2+]CC4,0,0.21688709,1.0,1,1
C[NH+]1CCN(CC1)C2=[NH+]c3ccccc3Oc4c2cc(cc4)Cl,0,0.16689679,1.0,0,1
c1ccc(cc1)CC2=[NH+]CCN2,0,0.14631556,1.0,0,1
Cc1cc(c(c(c1CC2=[NH+]CCN2)C)O)C(C)(C)C,0,0.18288921,1.0,1,1
c1ccc(cc1)C2C[C@H]2[NH3+],0,0.115407825,1.0,0,1
CCN(CC)C(=O)[C@@]1(C[C@@H]1C[NH3+])c2ccccc2,0,0.115218244,1.0,0,1
c1ccc(cc1)C2C(=O)c3ccccc3C2=O,0,0.2710577,1.0,1,1
COc1ccc(cc1)C2C(=O)c3ccccc3C2=O,0,0.27041075,1.0,1,1
c1ccc(cc1)C2(C(=O)N(C(=O)N2)COP(=O)([O-])[O-])c3ccccc3,0,0.14358051,1.0,0,1
c1ccc(cc1)C2(C(=O)NC(=O)N2)c3ccccc3,0,0.1813677,1.0,1,1
c1ccc(c(c1)C[NH+]2CCc3c(ccs3)C2)Cl,0,0.15206367,1.0,0,1
COC(=O)[C@H](c1ccccc1Cl)[NH+]2CCc3c(ccs3)C2,0,0.15668273,1.0,0,1
c1cc2c(nc1)C(=C3CC[NH2+]CC3)c4ccc(cc4CC2)Cl,0,0.26024938,1.0,1,1
C[NH+]1CCC(=C2c3ccccc3CCc4c2nccc4)CC1,0,0.20560169,1.0,1,1
c1cc2c(cc1OC(F)(F)F)sc(n2)N,0,0.35172218,1.0,1,1
CCOc1ccc2c(c1)sc(n2)S(=O)(=O)N,0,0.15764387,1.0,0,1
C1CC(=O)NC(=O)C1N2CC3=C(C2=O)C=CC=C3N,1,0.20635161,1.0,1,1
c1cc2c(c(c1)N)CN(C2=O)C3CCC(=O)NC3=O,0,0.20635164,1.0,1,1
c1cc(ccc1N)S(=O)(=O)c2ccc(cc2)N,0,0.14715126,1.0,0,1
c1cc(ccc1NCS(=O)[O-])S(=O)(=O)c2ccc(cc2)NCS(=O)[O-],0,0.13737005,1.0,0,1
c1cc(ccc1CCCC[NH2+]C[C@@H](c2ccc(c(c2)O)O)O)O,0,0.2065485,1.0,1,1
CC(C)C(CCC[NH+](C)CCc1ccc(c(c1)OC)OC)(C#N)c2ccc(c(c2)OC)OC,0,0.13459302,1.0,0,1
c1cc(ccc1CCc2c[nH]c3c2c(=O)nc([nH]3)N)C(=O)N[C@@H](CCC(=O)[O-])C(=O)[O-],0,0.17810297,1.0,1,1
C1=CC(=CC=C1CCC2=CNC3=C2C(=O)N=C(N3)N)C(=O)N[C@@H](CCC(=O)O)C(=O)O,1,0.16230533,1.0,0,1
c1cc(c2c3c1C[C@@H]4[C@]5([C@]3(CC[NH+]4CC6CC6)[C@@H](O2)C(=O)CC5)O)O,0,0.23256429,1.0,1,1
C[N+]1(CC[C@]23c4c5ccc(c4O[C@H]2C(=O)CC[C@]3([C@H]1C5)O)O)CC6CC6,0,0.21496426,1.0,1,1
c1cc(c2c(c1NCC[NH2+]CCO)C(=O)c3c(ccc(c3C2=O)[O-])[O-])NCC[NH2+]CCO,0,0.27540985,1.0,1,1
C1=CC(=C2C(=C1NCCNCCO)C(=O)C3=C(C=CC(=C3C2=O)O)O)NCCNCCO,1,0.26996177,1.0,1,1
c1cc(c(cc1F)F)n2cc(c(=O)c3c2nc(c(c3)F)N4C[C@@H]5[C@H](C4)[C@H]5[NH3+])C(=O)[O-],0,0.34670925,1.0,1,1
C[C@@H](C(=O)N[C@@H](C)C(=O)NC1[C@H]2[C@@H]1CN(C2)c3c(cc4c(=O)c(cn(c4n3)c5ccc(cc5F)F)C(=O)[O-])F)[NH3+],0,0.23286775,1.0,1,1
c1cc(c(cc1Cl)Cl)COC(Cn2ccnc2)c3ccc(cc3Cl)Cl,0,0.25458807,1.0,1,1
c1cc(ccc1COC(Cn2ccnc2)c3ccc(cc3Cl)Cl)Cl,0,0.25250888,1.0,1,1
c1cc(c(cc1c2ccc(cc2F)F)C(=O)[O-])O,0,0.23775378,1.0,1,1
CC(c1ccc(c(c1)F)c2ccccc2)C(=O)[O-],0,0.09442807,1.0,0,1
c1c[nH]nc1CC[NH3+],0,0.10718315,1.0,0,1
Cc1c[nH]nc1,0,0.11722255,1.0,0,1
c1c2c(c(c(c1[131I])[O-])[131I])Oc3c(cc(c(c3[131I])[O-])[131I])C24c5c(c(c(c(c5Cl)Cl)Cl)Cl)C(=O)O4,0,0.3028272,1.0,1,1
c1ccc2c(c1)C(=O)OC23c4ccc(cc4Oc5c3ccc(c5)O)O,0,0.35677278,1.0,1,1
C1C(O1)CCl,0,0.06621906,1.0,0,1
C[C@H]1[C@H](O1)P(=O)([O-])[O-],0,0.07333502,1.0,0,1
c1c(nc(s1)[NH+]=C(N)N)CSCCC(=NS(=O)(=O)N)N,0,0.12454007,1.0,0,1
CN/C(=C\[N+](=O)[O-])/[NH2+]CCSCc1csc(n1)C[NH+](C)C,0,0.11555447,1.0,0,1
c1c(cc(c(c1Cl)NC2=[NH+]CCN2)Cl)N,0,0.27226683,1.0,1,1
c1cc(c(c(c1)Cl)NC2=[NH+]CCN2)Cl,0,0.23692754,1.0,1,1
c1c(c(nc(=O)n1[C@@H]2CS[C@@H](O2)CO)N)F,0,0.12494052,1.0,0,1
c1cn(c(=O)nc1N)[C@@H]2CS[C@@H](O2)CO,0,0.12342535,1.0,0,1
c1c(c([nH]c(=O)n1)N)F,0,0.13661447,1.0,0,1
c1cn(c(=O)nc1N)C[C@@H](CO)OCP(=O)([O-])[O-],0,0.09435013,1.0,0,1
C1[C@H]([C@@H]([C@H]([C@@H]([C@H]1[NH3+])O[C@@H]2[C@@H]([C@H]([C@@H]([C@H](O2)C[NH3+])O)O)[NH3+])O[C@H]3[C@@H]([C@@H]([C@H](O3)CO)O[C@@H]4[C@@H]([C@H]([C@@H]([C@@H](O4)C[NH3+])O)O)[NH3+])O)O)[NH3+],0,0.12883943,1.0,0,1
C1[C@H]([C@@H]([C@H]([C@@H]([C@H]1[NH3+])O[C@@H]2[C@@H]([C@H]([C@@H]([C@H](O2)CO)O)O)[NH3+])O[C@H]3[C@@H]([C@@H]([C@H](O3)CO)O[C@@H]4[C@@H]([C@H]([C@@H]([C@@H](O4)C[NH3+])O)O)[NH3+])O)O)[NH3+],0,0.13092531,1.0,0,1
C1[C@@H](NC(=[NH+][C@H]1O)N)[C@H]2C(=O)NC[C@@H](C(=O)N[C@H](C(=O)N[C@H](C(=O)N/C(=C\\NC(=O)N)/C(=O)N2)CO)CO)NC(=O)C[C@H](CCC[NH3+])[NH3+],0,0.102166414,1.0,0,1
C1C[NH+]=C(N[C@H]1[C@H]2C(=O)NC[C@@H](C(=O)N[C@H](C(=O)N[C@H](C(=O)N/C(=C/NC(=O)N)/C(=O)N2)CNC(=O)C[C@H](CCC[NH3+])[NH3+])CO)[NH3+])N,0,0.102382824,1.0,0,1
c1(c(nc(c(n1)Cl)N)N)C(=O)NC(=[NH2+])N,0,0.16106655,1.0,0,1
c1cnc(cn1)C(=O)N,0,0.107105054,1.0,0,1
C/C=C/C1=C(N2[C@@H]([C@@H](C2=O)NC(=O)[C@@H](c3ccc(cc3)O)[NH3+])SC1)C(=O)[O-],0,0.2354438,1.0,1,1
CC(=O)OCC1=C(N2[C@@H]([C@@H](C2=O)NC(=O)[C@@H](c3ccccc3)[NH3+])SC1)C(=O)[O-],0,0.15679212,1.0,0,1
C([C@@H]1[C@H]([C@@H]([C@H]([C@@H](O1)O[C@]2([C@H]([C@@H]([C@H](O2)OS(=O)(=O)O[Al](O)O)OS(=O)(=O)O[Al](O)O)OS(=O)(=O)O[Al](O)O)COS(=O)(=O)O[Al](O)O)OS(=O)(=O)O[Al](O)O)OS(=O)(=O)O[Al](O)O)OS(=O)(=O)O[Al](O)O)OS(=O)(=O)O[Al](O)O,0,0.12897864,1.0,0,1
C([C@@H]1[C@H]([C@@H]([C@H]([C@H](O1)O[C@]2([C@H]([C@@H]([C@H](O2)CO)O)O)CO)O)O)O)O,0,0.10176825,1.0,0,1
B([C@H](CC(C)C)NC(=O)[C@H](Cc1ccccc1)NC(=O)c2cnccn2)(O)O,0,0.1158123,1.0,0,1
B([C@H](CC(C)C)NC(=O)[C@H](CC1=CC=CC=C1)NC(=O)C2=NC=CN=C2)(O)O,1,0.11581231,1.0,0,1
O1[As]2O[As]1O2,0,0.116848946,1.0,0,1
CS(=O)(=O)O.C1CO[P@@](=O)(O[C@@H]1C2=CC(=CC=C2)Cl)COCCN3C=NC4=C3N=CN=C4N,1,0.18587261,1.0,1,1
CS(=O)(=O)c1ccc(cc1)C2=C(C(=O)OC2)c3ccccc3,0,0.22278856,1.0,1,1
COc1ccccc1OCC[NH2+]CC(COc2cccc3c2c4ccccc4[nH]3)O,0,0.26641053,1.0,1,1
COc1ccc2c(c1)[nH]c3c2CC[NH+]4[C@@H]3C[C@H]5[C@@H](C4)C[C@H]([C@@H]([C@H]5C(=O)OC)OC)OC(=O)/C=C/c6cc(c(c(c6)OC)OC)OC,0,0.24066004,1.0,1,1
COc1ccc(cc1C23CC4CC(C2)CC(C4)C3)c5ccc6cc(ccc6c5)C(=O)[O-],0,0.2376118,1.0,1,1
COc1ccc(cc1C(=O)NCCc2ccc(cc2)S(=O)(=O)[N-]C(=O)NC3CCCCC3)Cl,0,0.13705285,1.0,0,1
COc1cc2c(cc1OCCC[NH+]3CCOCC3)c(ncn2)Nc4ccc(c(c4)Cl)F,0,0.25656623,1.0,1,1
COc1cc2c(cc1OC)nc(nc2N)N3CCN(CC3)C(=O)C4COc5ccccc5O4,0,0.21800412,1.0,1,1
COc1cc2c(cc1OC)nc(nc2N)N3CCN(CC3)C(=O)C4CCCO4,0,0.21426962,1.0,1,1
COc1cc2c(cc1OC)C(=O)C(C2)CC3CC[NH+](CC3)Cc4ccccc4,0,0.1560903,1.0,0,1
COC1=CC(=O)OC(C1)/C=C/C2=CCCC=C2,1,0.29327282,1.0,1,1
COc1cc(cc(c1OC)OC)Cc2cnc(nc2N)N,0,0.21332932,1.0,1,1
COc1cc(cc(c1OC)OC)[C@@H]2c3cc4c(cc3[C@@H]([C@@H]5[C@@H]2C(=O)OC5)O)OCO4,0,0.29689753,1.0,1,1
COc1cc(cc(c1O)OC)[C@@H]2c3cc4c(cc3[C@H]([C@@H]5[C@@H]2C(=O)OC5)O[C@H]6[C@@H]([C@H]([C@H]7[C@H](O6)COC(O7)c8cccs8)O)O)OCO4,0,0.28854623,1.0,1,1
COc1cc(c(cc1C(=O)NC2CC[NH+](CC2OC)CCCOc3ccc(cc3)F)Cl)N,0,0.15766755,1.0,0,1
COc1c2c(cc(c1N3C[C@@H]4CCC[NH2+][C@@H]4C3)F)c(=O)c(cn2C5CC5)C(=O)[O-],0,0.28493804,1.0,1,1
COc1c(ncnc1OC)[N-]S(=O)(=O)c2ccc(cc2)N,0,0.11928065,1.0,0,1
COC1=C(C=C2C(=C1)N=CN=C2NC3=CC(=C(C=C3)F)Cl)OCCCN4CCOCC4,1,0.25258845,1.0,1,1
COC(=O)Nc1[nH]c2ccc(cc2n1)C(=O)c3ccccc3,0,0.3036071,1.0,1,1
CO[C@@H]1[C@@H]([C@H]([C@@H]([C@H](O1)COS(=O)(=O)[O-])O[C@H]2[C@@H]([C@H]([C@@H]([C@@H](O2)C(=O)[O-])O[C@@H]3[C@@H]([C@H]([C@@H]([C@H](O3)COS(=O)(=O)[O-])O[C@H]4[C@@H]([C@H]([C@@H]([C@H](O4)C(=O)[O-])O[C@@H]5[C@@H]([C@H]([C@@H]([C@H](O5)COS(=O)(=O)[O-])O)O)NS(=O)(=O)[O-])O)O)OS(=O)(=O)[O-])NS(=O)(=O)[O-])O)OS(=O)(=O)[O-])O)NS(=O)(=O)[O-],0,0.08445445,1.0,0,1
CO/N=C/1\CN(CC1C[NH3+])c2c(cc3c(=O)c(cn(c3n2)C4CC4)C(=O)[O-])F,0,0.18312466,1.0,1,1
CNS(=O)(=O)CCc1ccc2c(c1)c(c[nH]2)C3CC[NH+](CC3)C,0,0.12281164,1.0,0,1
CNC1=[NH+]c2ccc(cc2C(=[N+](C1)[O-])c3ccccc3)Cl,0,0.30162832,1.0,1,1
CNC(=O)c1cnn(c1)c2nc(c3c(n2)n(cn3)[C@H]4[C@@H]([C@@H]([C@H](O4)CO)O)O)N,0,0.19259757,1.0,1,1
CN1C=NC=C1[C@@](C2=CC=C(C=C2)Cl)(C3=CC4=C(C=C3)N(C(=O)C=C4C5=CC(=CC=C5)Cl)C)N,1,0.23672022,1.0,1,1
Cn1cnc(c1Sc2c3c(nc[nH]3)ncn2)[N+](=O)[O-],0,0.15983148,1.0,0,1
CN1C=NC(=C1C[N+](C)(C)C/C=C/C(=O)NC2=NC=C3C(=C2)C(=NC=N3)NC4=CC(=C(C=C4)Cl)Br)[N+](=O)[O-],1,0.24782355,1.0,1,1
CN1CCC[NH+]=C1COC(=O)C(c2ccccc2)(C3CCCCC3)O,0,0.17264307,1.0,1,1
CN1CCC(CC1)CNC2=NN3C(=NC=C3C4=CC(=CC=C4)OC(F)(F)F)C=C2,1,0.2433031,1.0,1,1
Cn1cc[nH]c1=S,0,0.12636124,1.0,0,1
CN1CC[C@@]23C=C[C@@H](C[C@@H]2OC4=C(C=CC(=C34)C1)OC)O,1,0.13918975,1.0,0,1
CN1CC(=O)N2[C@@H](C1=O)Cc3c4ccccc4[nH]c3[C@H]2c5ccc6c(c5)OCO6,0,0.2707932,1.0,1,1
Cn1c2ccccc2c(n1)C(=O)NC3CC4CCCC(C3)[NH+]4C,0,0.12533043,1.0,0,1
CN1C(S(=O)(=O)CCC1=O)c2ccc(cc2)Cl,0,0.1430818,1.0,0,1
CN1C(=O)N2C=NC(=C2N=N1)C(=O)N,1,0.113581754,1.0,0,1
Cn1c(nnn1)SCC2=C(N3[C@@H]([C@@H](C3=O)NC(=O)/C(=N\OC)/c4csc(n4)N)SC2)C(=O)[O-],0,0.15941872,1.0,0,1
Cn1c(nnn1)SCC2=C(N3[C@@H]([C@@](C3=O)(NC(=O)CSCC#N)OC)SC2)C(=O)[O-],0,0.17862855,1.0,1,1
Cn1c(nnn1)SCC2=C(N3[C@@H]([C@@](C3=O)(NC(=O)C4SC(=C(C(=O)N)C(=O)[O-])S4)OC)SC2)C(=O)[O-],0,0.19619635,1.0,1,1
Cn1c(nnn1)SCC2=C(N3[C@@H]([C@@](C3=O)(NC(=O)C(c4ccc(cc4)O)C(=O)[O-])OC)OC2)C(=O)[O-],0,0.19269815,1.0,1,1
Cn1c(nc(=O)c(=O)[nH]1)SCC2=C(N3[C@@H]([C@@H](C3=O)NC(=O)/C(=N\OC)/c4csc(n4)N)SC2)C(=O)[O-],0,0.16291253,1.0,0,1
CN1C(=C(c2ccccc2S1(=O)=O)O)C(=O)Nc3ccccn3,0,0.22461279,1.0,1,1
CN(CCOc1ccc(cc1)CC2C(=O)[N-]C(=O)S2)c3ccccn3,0,0.27686214,1.0,1,1
CN(CCCNC(=O)C1CCCO1)c2nc3cc(c(cc3c(n2)N)OC)OC,0,0.2655253,1.0,1,1
CN(CCCCCCCCCCN(C)C(=O)Oc1cccc(c1)[N+](C)(C)C)C(=O)Oc2cccc(c2)[N+](C)(C)C,0,0.23347017,1.0,1,1
CN(c1c(c(c(c(c1I)C(=O)NC(CO)C(CO)O)I)C(=O)NC(CO)C(CO)O)I)C(=O)CC(=O)N(C)c2c(c(c(c(c2I)C(=O)NC(CO)C(CO)O)I)C(=O)NC(CO)C(CO)O)I,0,0.1639085,1.0,0,1
CN(C)N/N=C/1\C(=NC=N1)C(=O)N,1,0.14233708,1.0,0,1
CN(C)c1nc(nc(n1)N(C)C)N(C)C,0,0.21096252,1.0,1,1
CCOCCn1c2ccccc2nc1N3CCC[NH+](CC3)C,0,0.12457046,1.0,0,1
CCOc1nc2cccc(c2n1Cc3ccc(cc3)c4ccccc4c5[nH]oc(=O)n5)C(=O)OCc6c(oc(=O)o6)C,0,0.24376541,1.0,1,1
CCOc1ccc2ccccc2c1C(=O)N[C@H]3[C@@H]4N(C3=O)[C@H](C(S4)(C)C)C(=O)[O-],0,0.2410856,1.0,1,1
CCOC1=CC=C(C=C1)C2=CC(=CN2C3=CC=C(C=C3)S(=O)(=O)N)C,1,0.16240008,1.0,0,1
CCOc1cc(ccc1C(=O)[O-])CC(=O)N[C@@H](CC(C)C)c2ccccc2N3CCCCC3,0,0.17638172,1.0,1,1
CCOC(=O)Nc1ccc2c(c1)N(c3ccccc3S2)C(=O)CC[NH+]4CCOCC4,0,0.18624885,1.0,1,1
CCOC(=O)Nc1ccc(cc1N)NCc2ccc(cc2)F,0,0.29746625,1.0,1,1
CCOC(=O)N1CCC(=C2c3ccc(cc3CCc4c2nccc4)Cl)CC1,0,0.25507274,1.0,1,1
CCOC(=O)c1cncn1C(C)c2ccccc2,0,0.17823042,1.0,1,1
CCOC(=O)c1ccc(nc1)C#Cc2ccc3c(c2)C(CCS3)(C)C,0,0.291432,1.0,1,1
CCOC(=O)c1c2n(cn1)-c3ccc(cc3C(=O)N(C2)C)F,0,0.18273857,1.0,1,1
CCOC(=O)C1(CC[NH+](CC1)CCc2ccc(cc2)N)c3ccccc3,0,0.12795903,1.0,0,1
CCOC(=O)C1(CC[NH+](CC1)C)c2ccccc2,0,0.09508596,1.0,0,1
CCOC(=O)[C@H](CCc1ccccc1)[NH2+][C@H]2CCc3ccccc3N(C2=O)CC(=O)[O-],0,0.17461342,1.0,1,1
CCOC(=O)[C@H](CCc1ccccc1)[NH2+][C@@H](C)C(=O)N2CC3(C[C@H]2C(=O)[O-])SCCS3,0,0.13425548,1.0,0,1
CCOC(=O)[C@H](CCc1ccccc1)[NH2+][C@@H](C)C(=O)N2[C@H]3CCCC[C@@H]3C[C@H]2C(=O)[O-],0,0.13852572,1.0,0,1
CCOC(=O)[C@H](CCc1ccccc1)[NH2+][C@@H](C)C(=O)N2[C@H]3CCC[C@H]3C[C@H]2C(=O)[O-],0,0.12809692,1.0,0,1
CCO/N=C(/c1nc(sn1)NP(=O)([O-])[O-])\C(=O)N[C@H]2[C@@H]3N(C2=O)C(=C(CS3)Sc4nc(cs4)c5cc[n+](cc5)C)C(=O)[O-],0,0.23483099,1.0,1,1
CCNC(=O)CCC/C=C\C[C@H]1[C@H](C[C@H]([C@@H]1/C=C/[C@H](CCc2ccccc2)O)O)O,0,0.17959899,1.0,1,1
CCNC(=O)[C@@H]1CCCN1C(=O)[C@H](CCCNC(=[NH2+])N)NC(=O)[C@H](CC(C)C)NC(=O)[C@@H](Cc2cn(cn2)Cc3ccccc3)NC(=O)[C@H](Cc4ccc(cc4)O)NC(=O)[C@H](CO)NC(=O)[C@H](Cc5c[nH]c6c5cccc6)NC(=O)[C@H](Cc7cnc[nH]7)NC(=O)[C@@H]8CCC(=O)N8,0,0.1416822,1.0,0,1
CCN1CCN(C(=O)C1=O)C(=O)N[C@H](c2ccccc2)C(=O)N[C@H]3[C@@H]4N(C3=O)[C@H](C(S4)(C)C)C(=O)[O-],0,0.10846495,1.0,0,1
CCN1CCN(C(=O)C1=O)C(=O)N[C@H](c2ccc(cc2)O)C(=O)N[C@H]3[C@@H]4N(C3=O)C(=C(CS4)CSc5nnnn5C)C(=O)[O-],0,0.14674492,1.0,0,1
CCn1ccc(nc1=O)[N-]S(=O)(=O)c2ccc(cc2)N,0,0.112254426,1.0,0,1
CCn1cc(c(=O)c2c1nc(cc2)C)C(=O)[O-],0,0.15440898,1.0,0,1
CCn1cc(c(=O)c2c1nc(c(c2)F)N3CC[NH2+]CC3)C(=O)[O-],0,0.13850914,1.0,0,1
CCN1CC(C(C1=O)(c2ccccc2)c3ccccc3)CC[NH+]4CCOCC4,0,0.1739054,1.0,1,1
CCn1c2cc3c(cc2c(=O)c(n1)C(=O)[O-])OCO3,0,0.16971749,1.0,0,1
CCN(Cc1ccncc1)C(=O)C(CO)c2ccccc2,0,0.15183103,1.0,0,1
CCN(CC)CCS(=O)(=O)[C@@H]1CCN2C1C(=O)O[C@@H]([C@@H](/C=C/C(=O)NC/C=C/C(=C/[C@H](CC(=O)Cc3nc(co3)C2=O)O)/C)C)C(C)C,0,0.13759208,1.0,0,1
CCN(CC)C(=O)C1C[NH+]2CCc3cc(c(cc3C2CC1OC(=O)C)OC)OC,0,0.14228536,1.0,0,1
CCN(c1cccc(c1)c2ccnc3n2ncc3C#N)C(=O)C,0,0.2647904,1.0,1,1
CCCSc1nc(c2c(n1)n(nn2)[C@@H]3C[C@@H]([C@H]([C@H]3O)O)OCCO)N[C@@H]4C[C@H]4c5ccc(c(c5)F)F,0,0.26066217,1.0,1,1
CCCOC(=O)Cn1cc(c(=O)c(c1)I)I,0,0.20171815,1.0,1,1
CCCCS(=O)(=O)N[C@@H](Cc1ccc(cc1)OCCCCC2CC[NH2+]CC2)C(=O)[O-],0,0.17117189,1.0,1,1
CCCCOCCOCCOCc1cc2c(cc1CCC)OCO2,0,0.23247956,1.0,1,1
CCCCOc1ccc(cc1)OCCC[NH+]2CCOCC2,0,0.2031382,1.0,1,1
CCCCOc1ccc(cc1)C(=O)CC[NH+]2CCCCC2,0,0.2024015,1.0,1,1
CCCCN1C(=O)[C@H](NC(=O)C12CCN(CC2)CC3=CC=C(C=C3)OC4=CC=C(C=C4)C(=O)O)[C@@H](C5CCCCC5)O,1,0.19398206,1.0,1,1
CCCCCOc1ccc(cc1)c2ccc(cc2)c3ccc(cc3)C(=O)N[C@H]4C[C@H]([C@H](NC(=O)[C@@H]5[C@H]([C@H](CN5C(=O)[C@@H](NC(=O)[C@@H](NC(=O)[C@@H]6C[C@H](CN6C(=O)[C@@H](NC4=O)[C@@H](C)O)O)[C@@H]([C@H](c7ccc(cc7)O)O)O)[C@@H](C)O)C)O)O)O,0,0.23145682,1.0,1,1
CCCCCOc1ccc(cc1)c2cc(no2)c3ccc(cc3)C(=O)N[C@H]4C[C@H]([C@H](NC(=O)[C@@H]5[C@H]([C@H](CN5C(=O)[C@@H](NC(=O)[C@@H](NC(=O)[C@@H]6C[C@H](CN6C(=O)[C@@H](NC4=O)[C@@H](C)O)O)[C@@H]([C@H](c7ccc(c(c7)OS(=O)(=O)[O-])O)O)O)[C@@H](CC(=O)N)O)C)O)O)O,0,0.19217905,1.0,1,1
CCCCCCOC(=O)/[NH+]=C(\c1ccc(cc1)NCc2nc3cc(ccc3n2C)C(=O)N(CCC(=O)OCC)c4ccccn4)/N,0,0.2628273,1.0,1,1
CCCCCCCCCCCCCCCC[N+](C)(C)CCN(Cc1ccc(cc1)OC)c2ncccn2,0,0.27509314,1.0,1,1
CCCCCCCCCC(=O)N[C@@H](Cc1c[nH]c2c1cccc2)C(=O)N[C@H](CC(=O)N)C(=O)N[C@@H](CC(=O)[O-])C(=O)N[C@H]3[C@H](OC(=O)[C@@H](NC(=O)[C@@H](NC(=O)[C@H](NC(=O)CNC(=O)[C@@H](NC(=O)[C@H](NC(=O)[C@@H](NC(=O)[C@@H](NC(=O)CNC3=O)CCC[NH3+])CC(=O)[O-])C)CC(=O)[O-])CO)[C@H](C)CC(=O)[O-])CC(=O)c4ccccc4N)C,0,0.122112796,1.0,0,1
CCCCCCC(C)(C)c1cc(c2c(c1)OC([C@H]3[C@H]2CC(=O)CC3)(C)C)O,0,0.28823635,1.0,1,1
CCCCCc1cc(c2c(c1)OC([C@H]3[C@H]2C=C(CC3)C)(C)C)O,0,0.28142938,1.0,1,1
CCCCC[C@H](CC[C@H]1[C@@H]2Cc3cccc(c3C[C@@H]2C[C@@H]1O)OCC(=O)[O-])O,0,0.23271297,1.0,1,1
CCCCc1[nH+]cc(n1Cc2ccc(cc2)C(=O)[O-])/C=C(\Cc3cccs3)/C(=O)[O-],0,0.24868628,1.0,1,1
CCCCC(=O)N(Cc1ccc(cc1)c2ccccc2c3[n-]nnn3)[C@@H](C(C)C)C(=O)[O-],0,0.20588666,1.0,1,1
CCCCC(CC)COC(=O)C(=C(c1ccccc1)c2ccccc2)C#N,0,0.28354982,1.0,1,1
CCCCC([C@]1(CC[C@H]2[C@H](O1)CC(=O)[C@H]2CCCCCCC(=O)[O-])O)(F)F,0,0.1670661,1.0,0,1
CCCC[NH+](CCCC)CCC(c1cc2c(cc(cc2Cl)Cl)c3c1ccc(c3)C(F)(F)F)O,0,0.24965498,1.0,1,1
CCCC[NH+](CCCC)CC(c1cc(cc\2c1-c3ccc(cc3/C2=C/c4ccc(cc4)Cl)Cl)Cl)O,0,0.3029329,1.0,1,1
CCCc1nc2c(cc(cc2n1Cc3ccc(cc3)c4ccccc4C(=O)[O-])c5nc6ccccc6n5C)C,0,0.2765531,1.0,1,1
CCCc1nc(c2n1[nH]c(nc2=O)c3cc(ccc3OCC)S(=O)(=O)N4CC[NH+](CC4)CC)C,0,0.13114761,1.0,0,1
CCCc1nc(c(n1Cc2ccc(cc2)c3ccccc3c4n[n-]nn4)C(=O)OCc5c(oc(=O)o5)C)C(C)(C)O,0,0.21744707,1.0,1,1
CCCc1cc(=O)[nH]c(=S)[nH]1,0,0.14416909,1.0,0,1
CCCc1c2c(cc3c1oc(cc3=O)C(=O)[O-])c(=O)cc(n2CC)C(=O)[O-],0,0.22504015,1.0,1,1
CCCc1c2c(c(=O)[nH]c(n2)c3cc(ccc3OCC)S(=O)(=O)N4CC[NH+](CC4)C)n(n1)C,0,0.12598364,1.0,0,1
CCCC(CCC)C(=O)O[C@H]1C[C@H]2CC[C@@H](C1)[N+]2(C)C,0,0.115074635,1.0,0,1
CCCC(C)C1(C(=O)NC(=S)NC1=O)CC,0,0.16819109,1.0,0,1
CCCC(C)C1(C(=O)NC(=[NH+]C1=O)S)CC=C,0,0.22037731,1.0,1,1
CCC[NH2+]CC(COc1ccccc1C(=O)CCc2ccccc2)O,0,0.17109725,1.0,1,1
CCC[NH2+]C(C)C(=O)Nc1c(csc1C(=O)OC)C,0,0.16050081,1.0,0,1
CCC[NH2+][C@H]1CCc2c(sc(n2)N)C1,0,0.21255969,1.0,1,1
CCC[NH+]1C[C@@H](C[C@H]2[C@H]1Cc3c[nH]c4c3c2ccc4)CSC,0,0.24390739,1.0,1,1
CCC[NH+](CCc1cccs1)[C@H]2CCc3c(cccc3O)C2,0,0.20761554,1.0,1,1
CCC[NH+](CCC)CCc1cccc2c1CC(=O)N2,0,0.13232584,1.0,0,1
CCC[C@]1(CC(=C(C(=O)O1)[C@H](CC)c2cccc(c2)[N-]S(=O)(=O)c3ccc(cn3)C(F)(F)F)[O-])CCc4ccccc4,0,0.2634894,1.0,1,1
CCC[C@@H](C(=O)OCC)[NH2+][C@@H](C)C(=O)N1[C@H]2CCCC[C@H]2C[C@H]1C(=O)[O-],0,0.11302666,1.0,0,1
CCC[C@@H](C(=O)C(=O)NC1CC1)NC(=O)[C@@H]2[C@H]3CCC[C@H]3CN2C(=O)[C@H](C(C)(C)C)NC(=O)[C@H](C4CCCCC4)NC(=O)c5cnccn5,0,0.14749503,1.0,0,1
CCc1nn(c(=O)n1CCOc2ccccc2)CCC[NH+]3CCN(CC3)c4cccc(c4)Cl,0,0.19142064,1.0,1,1
CCC1Nc2cc(c(cc2C(=O)N1)S(=O)(=O)N)Cl,0,0.10441751,1.0,0,1
CCC1=CN=C(C=C1)CCOC2=CC=C(C=C2)CC3C(=O)NC(=O)S3,1,0.22967327,1.0,1,1
CCc1cccc2c1[nH]c3c2CCOC3(CC)CC(=O)[O-],0,0.21252252,1.0,1,1
CCc1ccc(nc1)CCOc2ccc(cc2)CC3C(=O)[N-]C(=O)S3,0,0.22467893,1.0,1,1
CCC1=CC2C[C@@](c3c(c4ccccc4[nH]3)C[NH+](C2)C1)(c5cc6c(cc5OC)N([C@@H]7[C@]68CC[NH+]9[C@H]8[C@@](C=CC9)([C@H]([C@@]7(C(=O)OC)O)OC(=O)C)CC)C)C(=O)OC,0,0.2315319,1.0,1,1
CCc1cc2c(cc1CC)CC(C2)[NH2+]C[C@@H](c3ccc(c4c3ccc(=O)[nH]4)O)O,0,0.20451462,1.0,1,1
CCC1=C[C@H]2C[C@@](C3=C(CN(C2)C1)C4=CC=CC=C4N3)(C5=C(C=C6C(=C5)[C@]78CCN9[C@H]7[C@@](C=CC9)([C@H]([C@@]([C@@H]8N6C)(C(=O)OC)O)OC(=O)C)CC)OC)C(=O)OC,1,0.20808609,1.0,1,1
CCC1=C2C=C(C=CC2=NC3=C1CN4C3=CC5=C(C4=O)COC(=O)[C@@]5(CC)O)OC(=O)N6CCC(CC6)N7CCCCC7,1,0.24991639,1.0,1,1
CCc1c2cc(ccc2nc-3c1Cn4c3cc5c(c4=O)COC(=O)[C@@]5(CC)O)OC(=O)N6CCC(CC6)[NH+]7CCCCC7,0,0.2493908,1.0,1,1
CCC1=C(CN(C1=O)C(=O)NCCc2ccc(cc2)S(=O)(=O)[N-]C(=O)NC3CCC(CC3)C)C,0,0.12870961,1.0,0,1
CCc1c(c(nc(n1)N)N)c2ccc(cc2)Cl,0,0.27532145,1.0,1,1
CCc1c(c(c(c(c1Cl)[O-])Cl)O)C(=O)O[C@@H]2[C@H](O[C@H]([C@H]([C@H]2O)OC)OC/C/3=C\\C=C\\C[C@@H](/C(=C/[C@@H]([C@H](/C(=C/C(=C/C[C@H](OC3=O)[C@@H](C)O)/C)/C)O[C@H]4[C@H]([C@H]([C@@H](C(O4)(C)C)OC(=O)C(C)C)O)O)CC)/C)O)C,0,0.24206534,1.0,1,1
CCc1c([nH]c2c1C(=O)C(CC2)C[NH+]3CCOCC3)C,0,0.1395319,1.0,0,1
CCC1(CC(=O)NC1=O)C,0,0.08079299,1.0,0,1
CCC1(C(=O)NCNC1=O)c2ccccc2,0,0.14591527,1.0,0,1
CCC1(C(=O)NC(=O)CS1)c2ccccc2,0,0.1566791,1.0,0,1
CCC1(C(=O)C(CNC1=O)C)CC,0,0.08600415,1.0,0,1
CCC(=O)OC(C(C)C)OP(=O)(CCCCc1ccccc1)CC(=O)N2C[C@@H](C[C@H]2C(=O)[O-])C3CCCCC3,0,0.15365112,1.0,0,1
CCC(=O)O[C@H]1CC[C@@H]2[C@@]1(CC[C@H]3[C@H]2CC[C@@H]4[C@@]3(C[C@H](C(=O)C4)C)C)C,0,0.20690952,1.0,1,1
CCC(=O)NCC[C@@H]1CCc2c1c3c(cc2)OCC3,0,0.17422903,1.0,1,1
CCC(=O)N(c1ccccc1)C2CC[NH+](CC2)CCc3ccccc3,0,0.18291551,1.0,1,1
CCC(=O)N(c1ccccc1)C2(CC[NH+](CC2)CCn3c(=O)n(nn3)CC)COC,0,0.15888125,1.0,0,1
CCC(=O)N(c1ccccc1)C2(CC[NH+](CC2)CCc3cccs3)COC,0,0.19398102,1.0,1,1
CCC(=O)N(c1ccccc1)C2(CC[NH+](CC2)CCC(=O)OC)C(=O)OC,0,0.16953965,1.0,0,1
CCC(C)n1c(=O)n(cn1)c2ccc(cc2)N3CCN(CC3)c4ccc(cc4)OC[C@H]5CO[C@](O5)(Cn6cncn6)c7ccc(cc7Cl)Cl,0,0.22230887,1.0,1,1
CCC(C)CCCCC(=O)NC(CC[NH3+])C(=O)NC(C(C)O)C(=O)NC(CC[NH3+])C(=O)NC1CCNC(=O)C(NC(=O)C(NC(=O)C(NC(=O)C(NC(=O)C(NC(=O)C(NC1=O)CC[NH3+])Cc2ccccc2)CC(C)C)CC[NH3+])CC[NH3+])C(C)O,0,0.1258014,1.0,0,1
CCC(C)CCCC(=O)N[C@@H](CC[NH3+])C(=O)N[C@@H]([C@@H](C)O)C(=O)N[C@@H](CC[NH3+])C(=O)N[C@H]1CCNC(=O)[C@@H](NC(=O)[C@@H](NC(=O)[C@@H](NC(=O)[C@@H](NC(=O)[C@H](NC(=O)[C@@H](NC1=O)CC[NH3+])CC(C)C)CC(C)C)CC[NH3+])CC[NH3+])[C@@H](C)O,0,0.09496431,1.0,0,1
CCC(C)C1C(=O)NC(C(=O)NC(C(=O)NC(C(=O)NC(C(=O)NCCCCC(C(=O)NC(C(=O)N1)CCC[NH3+])NC(=O)C(C(C)CC)NC(=O)C(CCC(=O)[O-])NC(=O)C(CC(C)C)NC(=O)C2CSC(=N2)C(C(C)CC)[NH3+])CC(=O)N)CC(=O)[O-])CC3C=NC=[NH+]3)Cc4ccccc4,0,0.13044196,1.0,0,1
CCC(C)(C)C1C(=O)N2CCCC2C3(N1C(=O)C(O3)(C(C)C)NC(=O)C4CC5c6cccc7c6c(c[nH]7)CC5[NH+](C4)C)O,0,0.24263126,1.0,1,1
CC\1=C(c2cc(ccc2/C1=C\c3ccc(cc3)S(=O)C)F)CC(=O)[O-],0,0.24782084,1.0,1,1
CC[NH2+][C@H]1CN(S(=O)(=O)c2c1cc(s2)S(=O)(=O)N)CCCOC,0,0.10051974,1.0,0,1
CC[NH2+][C@H]1C[C@@H](S(=O)(=O)c2c1cc(s2)S(=O)(=O)N)C,0,0.10853776,1.0,0,1
CC[NH2+][C@@H]1C[C@@H]([C@H]([C@@H]([C@H]1O[C@@H]2[C@@H]([C@H]([C@@](CO2)(C)O)[NH2+]C)O)O)O[C@@H]3[C@@H](CC=C(O3)C[NH3+])[NH3+])[NH3+],0,0.10309517,1.0,0,1
CC[NH+](CC)CCOC(=O)C1(CCCCC1)C2CCCCC2,0,0.10644565,1.0,0,1
CC[NH+](CC)Cc1cc(ccc1O)Nc2ccnc3c2ccc(c3)Cl,0,0.29763904,1.0,1,1
CC[N+](CC)(CCNC(=O)C(=O)NCC[N+](CC)(CC)Cc1ccccc1Cl)Cc2ccccc2Cl,0,0.18304105,1.0,1,1
CC[C@H]1CCC[C@@H]([C@H](C(=O)C2=C[C@H]3[C@@H]4C[C@@H](C[C@H]4C(=C[C@H]3[C@@H]2CC(=O)O1)C)O[C@H]5[C@@H]([C@@H]([C@H]([C@@H](O5)C)OC)OC)OC)C)O[C@H]6CC[C@@H]([C@H](O6)C)[NH+](C)C,0,0.21594808,1.0,1,1
CC[C@H]1C(=O)N(CC(=O)N([C@H](C(=O)N[C@H](C(=O)N([C@H](C(=O)N[C@H](C(=O)N[C@@H](C(=O)N([C@H](C(=O)N([C@H](C(=O)N([C@H](C(=O)N([C@H](C(=O)N1)[C@@H]([C@H](C)C/C=C/C)O)C)C(C)C)C)CC(C)C)C)CC(C)C)C)C)C)CC(C)C)C)C(C)C)CC(C)C)C)C,1,0.09008491,1.0,0,1
CC[C@H]1[C@H](COC1=O)Cc2cncn2C,0,0.15004028,1.0,0,1
CC[C@H](C)C(=O)O[C@H]1C[C@@H](C=C2[C@H]1[C@H]([C@H](C=C2)C)CC[C@H](C[C@H](CC(=O)[O-])O)O)O,0,0.21896556,1.0,1,1
CC[C@H](C)[C@@H]1[C@H](CC[C@@]2(O1)C[C@@H]3C[C@H](O2)C/C=C(/[C@H]([C@H](/C=C/C=C/4\CO[C@H]5[C@@]4([C@@H](C=C([C@H]5O)C)C(=O)O3)O)C)O[C@H]6C[C@@H]([C@H]([C@@H](O6)C)O[C@H]7C[C@@H]([C@H]([C@@H](O7)C)O)OC)OC)\C)C,0,0.28515106,1.0,1,1
CC[C@]12CC(=C)[C@H]3[C@H]([C@@H]1CC[C@]2(C#C)O)CCC4=CC(=O)CC[C@H]34,0,0.2206291,1.0,1,1
CC[C@@H]1C(=O)N2CCC[C@H]2C(=O)N([C@H](C(=O)N3CC(C(=O)CC3C(=O)N[C@H](C(=O)O[C@@H]([C@@H](C(=O)N1)NC(=O)c4c(cccn4)O)C)c5ccccc5)CS[C@@H]6C[NH+]7CCC6CC7)Cc8ccc(cc8)N(C)C)C,0,0.1554474,1.0,0,1
CC[C@@H]1[C@@]([C@@H]([C@H]([NH+](C[C@@H](C[C@@]([C@@H](C([C@@H]([C@H](C(=O)O1)C)O[C@H]2C[C@@]([C@H]([C@@H](O2)C)O)(C)OC)C)O[C@H]3[C@@H]([C@H](C[C@H](O3)C)[NH+](C)C)O)(C)O)C)C)C)O)(C)O,0,0.090440996,1.0,0,1
CC[C@@H](C)C(=O)O[C@H]1[C@@H]([C@H]2[C@@H](C[NH+]3C[C@H](CC[C@H]3[C@@]2(C)O)C)[C@H]4[C@@]1([C@@H]5[C@@H]([C@@H]([C@H]6[C@]7([C@]5(C4)O[C@@]6([C@H](CC7)OC(=O)[C@](C)(CC)O)O)C)OC(=O)C)OC(=O)C)O)O,0,0.23393326,1.0,1,1
CC[C@@H]([C@H](C)O)n1c(=O)n(cn1)c2ccc(cc2)N3CCN(CC3)c4ccc(cc4)OC[C@H]5C[C@](OC5)(Cn6cncn6)c7ccc(cc7F)F,0,0.24428537,1.0,1,1
CC[C@@]1(c2cc-3n(c(=O)c2COC1=O)Cc4c3nc5ccc(c(c5c4)C[NH+](C)C)O)O,0,0.3049686,1.0,1,1
CC1=NS(=O)(=O)c2cc(ccc2N1)Cl,0,0.15464318,1.0,0,1
Cc1nnc(s1)SCC2=C(N3[C@@H]([C@@H](C3=O)NC(=O)Cn4cnnn4)SC2)C(=O)[O-],0,0.14475483,1.0,0,1
Cc1nnc(s1)[N-]S(=O)(=O)c2ccc(cc2)N,0,0.11643321,1.0,0,1
Cc1nnc(o1)C(=O)NC(C)(C)c2nc(c(c(=O)n2C)[O-])C(=O)NCc3ccc(cc3)F,0,0.14052904,1.0,0,1
Cc1nccn1CC2CCc3c(c4ccccc4n3C)C2=O,0,0.23329152,1.0,1,1
Cc1nc(cs1)/C=C(\C)/[C@@H]2C[C@H]3[C@](O3)(CCC[C@@H]([C@@H]([C@H](C(=O)C([C@H](CC(=O)N2)O)(C)C)C)O)C)C,0,0.18321693,1.0,1,1
Cc1cnc(s1)NC(=O)C2=C(c3ccccc3S(=O)(=O)N2C)O,0,0.2352738,1.0,1,1
Cc1cnc(cn1)C(=O)NCCc2ccc(cc2)S(=O)(=O)[N-]C(=O)NC3CCCCC3,0,0.13406837,1.0,0,1
Cc1cn(c(=O)[nH]c1=O)[C@H]2C=C[C@H](O2)CO,0,0.117943764,1.0,0,1
Cc1ccsc1C(=CCC[NH+]2CCC[C@H](C2)C(=O)[O-])c3c(ccs3)C,0,0.20540893,1.0,1,1
Cc1ccnc2c1NC(=O)c3cccnc3N2C4CC4,0,0.21373996,1.0,1,1
Cc1ccn2c(c1)nc3c2c4c(c5c3c6c(c(c5O)C)O[C@@](C6=O)(O/C=C/[C@@H]([C@H]([C@H]([C@@H]([C@@H]([C@@H]([C@H]([C@H](/C=C/C=C(\C(=O)N4)/C)C)O)C)O)C)OC(=O)C)C)OC)C)O,0,0.3229914,1.0,1,1
Cc1cccn2c1ncc(c2=O)c3[n-]nnn3,0,0.13562655,1.0,0,1
Cc1ccccc1S(=O)(=O)[N-]C(=O)c2ccc(c(c2)OC)Cc3cn(c4c3cc(cc4)NC(=O)OC5CCCC5)C,0,0.23706001,1.0,1,1
Cc1ccccc1N2CC[NH+](CC2)CCc3nnc4n3CCCC4,0,0.1321041,1.0,0,1
Cc1ccccc1N2C(Nc3cc(c(cc3C2=O)S(=O)(=O)N)Cl)C,0,0.13828659,1.0,0,1
Cc1ccccc1C(=O)Nc2ccc(c(c2)C)C(=O)N3CCCC(c4c3ccc(c4)Cl)O,0,0.25808254,1.0,1,1
Cc1cccc(c1OCC(=O)N[C@@H](Cc2ccccc2)[C@H](C[C@H](Cc3ccccc3)NC(=O)[C@H](C(C)C)N4CCCNC4=O)O)C,0,0.14164798,1.0,0,1
Cc1cccc(c1NC(=O)C[NH+]2CCN(CC2)CC(COc3ccccc3OC)O)C,0,0.11660928,1.0,0,1
Cc1cccc(c1NC(=O)c2cnc(s2)Nc3cc(nc(n3)C)N4CC[NH+](CC4)CCO)Cl,0,0.1738292,1.0,1,1
Cc1cccc(c1)Nc2ccncc2S(=O)(=O)[N-]C(=O)NC(C)C,0,0.14444122,1.0,0,1
Cc1ccc(cc1S(=O)(=O)N)Nc2nccc(n2)N(C)c3ccc4c(n(nc4c3)C)C,0,0.24276236,1.0,1,1
Cc1ccc(cc1Nc2nccc(n2)c3cccnc3)NC(=O)c4ccc(cc4)CN5CC[NH+](CC5)C,0,0.15679911,1.0,0,1
Cc1ccc(cc1C)n2c(=O)c(c([nH]2)C)N/N=C/3\C=CC=C(C3=O)c4cccc(c4)C(=O)[O-],0,0.29412138,1.0,1,1
CC1=CC=C(C=C1)S(=O)(=O)O.CNC(=O)C1=NC=CC(=C1)OC2=CC=C(C=C2)NC(=O)NC3=CC(=C(C=C3)Cl)C(F)(F)F,1,0.24821672,1.0,1,1
Cc1ccc(cc1)S(=O)(=O)[N-]C(=O)N[NH+]2CCCCCC2,0,0.10579364,1.0,0,1
Cc1ccc(cc1)N(CC2=[NH+]CCN2)c3cccc(c3)O,0,0.28906348,1.0,1,1
CC1=CC=C(C=C1)C2=CC(=NN2C3=CC=C(C=C3)S(=O)(=O)N)C(F)(F)F,1,0.19324291,1.0,1,1
Cc1ccc(cc1)c2c(n3cc(ccc3n2)C)CC(=O)N(C)C,0,0.2573018,1.0,1,1
Cc1ccc(cc1)C(=O)c2ccc(n2C)CC(=O)[O-],0,0.13440272,1.0,0,1
Cc1ccc(c2c1oc-3c(c(=O)c(c(c3n2)C(=O)NC4C(OC(=O)C(N(C(=O)CN(C(=O)C5CCCN5C(=O)C(NC4=O)C(C)C)C)C)C(C)C)C)N)C)C(=O)NC6C(OC(=O)C(N(C(=O)CN(C(=O)C7CCCN7C(=O)C(NC6=O)C(C)C)C)C)C(C)C)C,0,0.17853296,1.0,1,1
C=C1CC[C@]2([C@H]3Cc4ccc(c5c4[C@]2([C@H]1O5)CC[NH+]3CC6CC6)O)O,0,0.23594113,1.0,1,1
CC1Cc2ccccc2N1NC(=O)c3ccc(c(c3)S(=O)(=O)N)Cl,0,0.13744475,1.0,0,1
Cc1cc2c(s1)Nc3ccccc3[NH+]=C2N4CC[NH+](CC4)C,0,0.2172638,1.0,1,1
Cc1cc2=C(Nc3ccccc3N=c2s1)N4CC[NH+](CC4)C,0,0.1426971,1.0,0,1
Cc1cc2c(cc1C)N3C=N2[Co]456(N7=C8[C@H](C(C7=CC9=N4C(=C(C1=N5[C@@]([C@@H]2N6C(=C8C)[C@@]([C@H]2CC(=O)N)(CCC(=O)NC[C@H](OP(=O)(O[C@@H]2[C@H](O[C@H]3[C@@H]2O)CO)O)C)C)([C@@]([C@@H]1CCC(=O)N)(C)CC(=O)N)C)C)[C@@]([C@@H]9CCC(=O)N)(C)CC(=O)N)(C)C)CCC(=O)N)C#N,0,0.20974655,1.0,1,1
Cc1cc2c(cc1C)N3C=N2[Co+]456(N7=C8[C@H](C(C7=CC9=N4C(=C(C1=N5[C@@]([C@@H]2N6C(=C8C)[C@@]([C@H]2CC(=O)N)(CCC(=O)NC[C@H](OP(=O)(O[C@@H]2[C@H](O[C@H]3[C@@H]2O)CO)[O-])C)C)([C@@]([C@@H]1CCC(=O)N)(C)CC(=O)N)C)C)[C@@]([C@@H]9CCC(=O)N)(C)CC(=O)N)(C)C)CCC(=O)N)O,0,0.21099047,1.0,1,1
Cc1cc2c(cc1C)n(cn2)[C@@H]3[C@@H]([C@@H]([C@H](O3)CO)OP(=O)([O-])O[C@@H](C)CNC(=O)CC[C@@]4([C@H](C5[C@]6([C@@]([C@@H](C(=N6)/C(=C\7/[C@@]([C@@H](/C(=C/C8=N/C(=C(\C4=N5)/C)/[C@H](C8(C)C)CCC(=O)N)/N7)CCC(=O)N)(C)CC(=O)N)/C)CCC(=O)N)(C)CC(=O)N)C)CC(=O)N)C)O,0,0.11304567,1.0,0,1
Cc1cc2c(cc1C(=C)c3ccc(cc3)C(=O)[O-])C(CCC2(C)C)(C)C,0,0.20256609,1.0,1,1
Cc1cc(no1)C(=O)NNCc2ccccc2,0,0.122816935,1.0,0,1
Cc1cc(nc(n1)O[C@H](C(=O)[O-])C(c2ccccc2)(c3ccccc3)OC)C,0,0.19809385,1.0,1,1
Cc1cc(n(c(=O)c1)[O-])C2CCCCC2,0,0.19151087,1.0,1,1
Cc1cc(cc(c1Oc2c(c(nc(n2)Nc3ccc(cc3)C#N)N)Br)C)C#N,0,0.3268033,1.0,1,1
Cc1cc(cc(c1Nc2ccnc(n2)Nc3ccc(cc3)C#N)C)/C=C/C#N,0,0.31762537,1.0,1,1
Cc1cc(cc(c1)OCC2CNC(=O)O2)C,0,0.16950321,1.0,0,1
Cc1cc(c(n1c2ccccc2)C)/C=C/c3ccc4cc(ccc4[n+]3C)N(C)C,0,0.27908242,1.0,1,1
Cc1cc(c(cn1)C(=O)N[C@H](c2ccc(cc2)O)C(=O)N[C@H]3[C@@H]4N(C3=O)C(=C(CS4)CSc5nnnn5C)C(=O)[O-])O,0,0.17964765,1.0,1,1
Cc1c2cc3nc(cc4[nH]c(cc5nc(cc(c1CCC(=O)[O-])[nH]2)C(=C5C)CCC(=O)OC)[C@]6(C4=CC=C([C@H]6C(=O)OC)C(=O)OC)C)C(=C3C=C)C,0,0.2824408,1.0,1,1
Cc1c2cc3c(c(c([nH]3)cc4nc(cc5nc(cc(c1C(C)O)[nH]2)C(=C5CCC(=O)[O-])C)C(=C4C)CCC(=O)[O-])C)C(C)OC(C)c6c(c7cc8c(c(c([nH]8)cc9nc(cc1nc(cc6[nH]7)C(=C1CCC(=O)[O-])C)C(=C9C)CCC(=O)[O-])C)C(C)O)C,0,0.29742786,1.0,1,1
Cc1c2c(c(c(c1OC)C/C=C(\C)/CCC(=O)OCC[NH+]3CCOCC3)[O-])C(=O)OC2,0,0.16319413,1.0,0,1
Cc1c2c(c(c(c1OC)C/C=C(\C)/CCC(=O)[O-])[O-])C(=O)OC2,0,0.20418444,1.0,1,1
CC1=C2[C@H](C(=O)[C@@]3([C@H](C[C@@H]4[C@]([C@H]3[C@@H]([C@@](C2(C)C)(C[C@@H]1OC(=O)[C@@H]([C@H](C5=CC=CC=C5)NC(=O)C6=CC=CC=C6)O)O)OC(=O)C7=CC=CC=C7)(CO4)OC(=O)C)O)C)OC(=O)C,1,0.18225746,1.0,1,1
Cc1c(sc[n+]1Cc2cnc(nc2N)C)CCO,0,0.13438103,1.0,0,1
Cc1c(sc(n1)c2ccc(c(c2)C#N)OCC(C)C)C(=O)[O-],0,0.26174152,1.0,1,1
CC1C(OCC[NH2+]1)c2ccccc2,0,0.09175731,1.0,0,1
Cc1c(=O)c2cccc(c2oc1c3ccccc3)C(=O)OCC[NH+]4CCCCC4,0,0.18053497,1.0,1,1
Cc1c(noc1N(C(=O)C)S(=O)(=O)c2ccc(cc2)N)C,0,0.12155384,1.0,0,1
Cc1c(noc1[N-]S(=O)(=O)c2ccc(cc2)N)C,0,0.107253,1.0,0,1
Cc1c(nc[nH]1)CN2CCc3c(c4ccccc4n3C)C2=O,0,0.19428405,1.0,1,1
Cc1c(nc(nc1N)[C@H](CC(=O)N)[NH2+]C[C@@H](C(=O)N)N)C(=O)N[C@@H]([C@H](c2c[nH]cn2)O[C@H]3[C@H]([C@H]([C@@H]([C@@H](O3)CO)O)O)O[C@@H]4[C@H]([C@H]([C@@H]([C@H](O4)CO)O)OC(=O)N)O)C(=O)N[C@H](C)[C@H]([C@H](C)C(=O)N[C@@H]([C@@H](C)O)C(=O)NCCc5nc(cs5)c6nc(cs6)C(=O)NCCC[S+](C)C)O,0,0.15551838,1.0,0,1
CC1=C(N2[C@@H]([C@@H](C2=O)NC(=O)[C@@H](C3=CCC=CC3)[NH3+])SC1)C(=O)[O-],0,0.14486912,1.0,0,1
Cc1c(cno1)C(=O)Nc2ccc(cc2)C(F)(F)F,0,0.21648121,1.0,1,1
Cc1c(cccc1O)C(=O)N[C@@H](CSc2ccccc2)[C@@H](C[NH+]3C[C@H]4CCCC[C@H]4C[C@H]3C(=O)NC(C)(C)C)O,0,0.23651491,1.0,1,1
Cc1c(ccc2c1oc(=O)c(c2[O-])NC(=O)c3ccc(c(c3)CC=C(C)C)O)O[C@H]4[C@@H]([C@@H]([C@H](C(O4)(C)C)OC)OC(=O)N)O,0,0.2774137,1.0,1,1
Cc1c(ccc2c1c(nc(n2)N)N)CNc3cc(c(c(c3)OC)OC)OC,0,0.31496128,1.0,1,1
Cc1c(ccc(c1)c2cc(c(cc2)N/N=C\3/C(=O)c4c(cc(cc4C=C3S(=O)(=O)[O-])S(=O)(=O)[O-])N)C)N/N=C\5/C(=O)c6c(cc(cc6C=C5S(=O)(=O)[O-])S(=O)(=O)[O-])N,0,0.25364852,1.0,1,1
Cc1c(cc2cc3c(c(c2c1O)[O-])C(=O)[C@H]([C@@H](C3)[C@@H](C(=O)[C@H]([C@@H](C)O)O)OC)O[C@H]4C[C@H]([C@@H]([C@H](O4)C)O)O[C@H]5C[C@H]([C@H]([C@H](O5)C)O)O[C@H]6C[C@]([C@@H]([C@H](O6)C)O)(C)O)O[C@H]7C[C@H]([C@@H]([C@H](O7)C)O)O[C@H]8C[C@H]([C@@H]([C@H](O8)C)O)O,0,0.30312157,1.0,1,1
CC1=C(C=C(C=C1)C(=O)NC2=CC(=C(C=C2)CN3CCN(CC3)C)C(F)(F)F)C#CC4=CN=C5N4N=CC=C5,1,0.21236245,1.0,1,1
CC1=C(C2=CC=CC=C2N1)CCNCC3=CC=C(C=C3)/C=C/C(=O)NO,1,0.15058579,1.0,0,1
Cc1c(c2cc(ccc2n1C(=O)c3ccc(cc3)Cl)OC)CC(=O)[O-],0,0.22788955,1.0,1,1
Cc1c(c2c3c4c1O[C@@](C4=O)(O/C=C/[C@@H]([C@H]([C@H]([C@@H]([C@@H]([C@@H]([C@H]([C@H](/C=C/C=C(\C(=O)NC(=C5C3=NC6([NH2+]5)CC[NH+](CC6)CC(C)C)C2=O)/C)C)O)C)O)C)OC(=O)C)C)OC)C)[O-],0,0.26395512,1.0,1,1
Cc1c(c2c3c4c1O[C@@](C4=O)(O/C=C/[C@@H]([C@H]([C@H]([C@@H]([C@@H]([C@@H]([C@H]([C@H](/C=C/C=C(\C(=O)Nc(c2O)c(c3O)/C=N/N5CC[NH+](CC5)C6CCCC6)/C)C)O)C)O)C)OC(=O)C)C)OC)C)O,0,0.28222585,1.0,1,1
Cc1c(c2c3c4c1O[C@@](C4=O)(O/C=C/[C@@H]([C@H]([C@H]([C@@H]([C@@H]([C@@H]([C@H]([C@H](/C=C/C=C(\C(=O)Nc(c2O)c(c3O)/C=N/N5CC[NH+](CC5)C)/C)C)O)C)O)C)OC(=O)C)C)OC)C)O,0,0.2781846,1.0,1,1
Cc1c(c2c(c(c1O)C)CCC(O2)(C)COc3ccc(cc3)CC4C(=O)[N-]C(=O)S4)C,0,0.22857219,1.0,1,1
CC1=C(C(=O)N2CCCCC2=N1)CCN3CCC(CC3)C4=NOC5=C4C=CC(=C5)F,1,0.13914497,1.0,0,1
CC1=C(C(=O)C[C@@H]1OC(=O)[C@@H]2[C@H](C2(C)C)C=C(C)C)C/C=C/C=C,0,0.23874483,1.0,1,1
CC1=C(C(=O)C2=C(C1=O)N3C[C@H]4[C@@H]([C@@]3([C@@H]2COC(=O)N)OC)N4)N,1,0.17471392,1.0,1,1
CC1=C(C(=O)C2=C(C1=O)[NH+]3C[C@H]4[C@@H]([C@@]3([C@@H]2COC(=O)N)OC)N4)[NH3+],0,0.17104399,1.0,1,1
Cc1c(c(no1)c2ccccc2)c3ccc(cc3)S(=O)(=O)N,0,0.1368085,1.0,0,1
CC1=C(C(=CC=C1)Cl)NC(=O)C2=CN=C(S2)NC3=NC(=NC(=C3)N4CCN(CC4)CCO)C,1,0.17683919,1.0,1,1
CC1=C(C(=CC=C1)C)N(CC(=O)NC2=CC=C(C=C2)C3=NOC=N3)C(=O)C4CCS(=O)(=O)CC4,1,0.25526842,1.0,1,1
CC1=C(C(CCC1)(C)C)/C=C/C(=C/C=C/C(=C/C=C/C=C(/C=C/C=C(/C=C/C2=C(CCCC2(C)C)C)\C)\C)/C)/C,0,0.2995369,1.0,1,1
Cc1c(c(c(cn1)COP(=O)([O-])[O-])C[NH+](CCN(Cc2c(cnc(c2O)C)COP(=O)([O-])[O-])CC(=O)[O-])CC(=O)[O-])O,0,0.09851945,1.0,0,1
CC1=C(C(=C(C2=C1COC2=O)O)C/C=C(\C)/CCC(=O)OCCN3CCOCC3)OC,1,0.18324393,1.0,1,1
CC1=C(C(C(=C(N1)C)C(=O)OCC[NH+](C)Cc2ccccc2)c3cccc(c3)[N+](=O)[O-])C(=O)OC,0,0.21988793,1.0,1,1
CC1=C(C(C(=C(N1)C)C(=O)OC(C)C)c2cccc3c2non3)C(=O)OC,0,0.19085938,1.0,1,1
Cc1[nH]c2c(n1)-c3ccccc3N(CC2)C(=O)c4ccc(cc4)NC(=O)c5ccccc5c6ccccc6,0,0.27338842,1.0,1,1
Cc1[nH+]cc2n1-c3ccc(cc3C(=NC2)c4ccccc4F)Cl,0,0.2787253,1.0,1,1
C=C1[C@H](C[C@@H]([C@H]1CO)O)n2cnc3c2nc([nH]c3=O)N,0,0.18771267,1.0,1,1
CC1(O[C@@H]2CO[C@@]3([C@H]([C@@H]2O1)OC(O3)(C)C)COS(=O)(=O)N)C,0,0.090521805,1.0,0,1
CC1(CC(C1)C2=NC(=C3N2C=CN=C3N)C4=CC5=C(C=C4)C=CC(=N5)C6=CC=CC=C6)O,1,0.33796042,1.0,1,1
CC1(C[C@@H]1C(=O)N/C(=C\CCCCSC[C@@H](C(=O)[O-])[NH3+])/C(=O)[O-])C,0,0.11149784,1.0,0,1
CC1(C2CCC(C2)C1(C)[NH2+]C)C,0,0.07423562,1.0,0,1
CC1(C2(C(=O)/C(=C\c3ccc(cc3)/C=C/4\C(=O)C5(C(C4CC5)(C)C)CS(=O)(=O)[O-])/C1CC2)CS(=O)(=O)[O-])C,0,0.20952131,1.0,1,1
CC1(C(=O)N(C(=O)N1)c2ccc(c(c2)C(F)(F)F)[N+](=O)[O-])C,0,0.2817886,1.0,1,1
CC1(C(C1C(=O)OCc2cccc(c2)Oc3ccccc3)C=C(Cl)Cl)C,0,0.24754702,1.0,1,1
CC1(C(=C)N(C2=CC=CC=C21)CCCCCC(=O)O)C,1,0.18655284,1.0,1,1
CC1(C([NH2+]C(S1)C(C(=O)NCCCCCC(=O)[O-])NC(=O)Cc2ccccc2)C(=O)[O-])C,0,0.16756937,1.0,0,1
CC1([C@@H]2[C@H]1[C@H](N(C2)C(=O)[C@H](C(C)(C)C)NC(=O)NC(C)(C)C)C(=O)NC(CC3CCC3)C(=O)C(=O)N)C,0,0.09651626,1.0,0,1
CC1([C@@H](N2[C@H](S1)[C@@H](C2=O)NC(=O)COc3ccccc3)C(=O)[O-])C,0,0.13876778,1.0,0,1
CC1([C@@H](N2[C@H](S1)[C@@H](C2=O)NC(=O)c3c(cccc3OC)OC)C(=O)[O-])C,0,0.12905258,1.0,0,1
CC1([C@@H](N2[C@H](S1)[C@@H](C2=O)NC(=O)C3(CCCCC3)[NH3+])C(=O)[O-])C,0,0.11322227,1.0,0,1
CC1([C@@H](N2[C@H](S1)[C@@H](C2=O)NC(=O)[C@@H](c3ccsc3)C(=O)[O-])C(=O)[O-])C,0,0.14102061,1.0,0,1
CC1([C@@H](N2[C@H](S1)[C@@H](C2=O)NC(=O)[C@@H](c3ccccc3)NC(=O)N4CCNC4=O)C(=O)[O-])C,0,0.10732998,1.0,0,1
CC1([C@@H](N2[C@H](S1)[C@@H](C2=O)N3C(=O)[C@H]([NH2+]C3(C)C)c4ccccc4)C(=O)[O-])C,0,0.115520954,1.0,0,1
CC1([C@@H](N2[C@H](S1)[C@@H](C2=O)/[NH+]=C/N3CCCCCC3)C(=O)[O-])C,0,0.12610626,1.0,0,1
CC1([C@@H](N2[C@H](S1(=O)=O)CC2=O)C(=O)[O-])C,0,0.11575058,1.0,0,1
CC(=O)S[C@@H]1CC2=CC(=O)CC[C@@]2([C@@H]3[C@@H]1[C@@H]4CC[C@]5([C@]4(CC3)C)CCC(=O)O5)C,0,0.18025644,1.0,1,1
CC(=O)OCC1=C(N2[C@@H]([C@@H](C2=O)NC(=O)CSc3ccncc3)SC1)C(=O)[O-],0,0.17527527,1.0,1,1
CC(=O)OCC(=O)[C@]1(CC[C@@H]2[C@@]1(CC(=O)[C@H]3[C@H]2CCC4=CC(=O)CC[C@]34C)C)O,0,0.155868,1.0,0,1
CC(=O)OCC(=O)[C@@]12[C@@H](C[C@@H]3[C@@]1(C[C@@H]([C@]4([C@H]3CCC5=CC(=O)C=C[C@@]54C)F)O)C)OC6(O2)CCCC6,0,0.17964901,1.0,1,1
CC(=O)Oc1ccccc1C(=O)Nc2ncc(s2)[N+](=O)[O-],0,0.28753036,1.0,1,1
CC(=O)Oc1ccc(cc1)C(c2ccc(cc2)OC(=O)C)c3ccccn3,0,0.2619821,1.0,1,1
CC(=O)Oc1cc2c(s1)CC[NH+](C2)C(c3ccccc3F)C(=O)C4CC4,0,0.22099392,1.0,1,1
CC(=O)O[C@H]1C[C@@H]2CC[C@@H]3[C@@H]([C@]2(C[C@@H]1N4CC[N+](CC4)(C)C)C)CC[C@]5([C@H]3C[C@@H]([C@@H]5OC(=O)C)N6CC[N+](CC6)(C)C)C,0,0.12329258,1.0,0,1
CC(=O)O[C@H]1[C@H](C[C@@H]2[C@@]1(CC[C@H]3[C@H]2CC[C@@H]4[C@@]3(C[C@@H]([C@H](C4)O)[NH+]5CCOCC5)C)C)[N+]6(CCCC6)CC=C,0,0.14448257,1.0,0,1
CC(=O)O[C@@H]1[C@@H](Sc2ccccc2N(C1=O)CC[NH+](C)C)c3ccc(cc3)OC,0,0.14169356,1.0,0,1
CC(=O)NC[C@H]1CN(C(=O)O1)c2ccc(c(c2)F)N3CCOCC3,0,0.12750702,1.0,0,1
CC(=O)Nc1nnc(s1)S(=O)(=O)N,0,0.139073,1.0,0,1
CC(=O)Nc1c(c(c(c(c1I)N(C)C(=O)C)I)C(=O)N[C@@H]2[C@H]([C@@H]([C@H](OC2O)CO)O)O)I,0,0.19728552,1.0,1,1
CC(=O)N[C@H]1CCc2cc(c(c(c2-c3c1cc(=O)c(cc3)OC)OC)OC)OC,0,0.28787556,1.0,1,1
CC(=O)N[C@@H]1[C@H](C=C(O[C@H]1[C@@H]([C@@H](CO)O)O)C(=O)[O-])[NH+]=C(N)N,0,0.073997505,1.0,0,1
CC(=O)N[C@@H]1[C@H]([C@H]([C@H](O[C@H]1O)OS(=O)(=O)[O-])O)O[C@H]2[C@@H]([C@H]([C@@H]([C@H](O2)C(=O)[O-])O)O)O,0,0.089494705,1.0,0,1
CC(=O)N(CC(CN(c1c(c(c(c(c1I)C(=O)NCC(CO)O)I)C(=O)NCC(CO)O)I)C(=O)C)O)c2c(c(c(c(c2I)C(=O)NCC(CO)O)I)C(=O)NCC(CO)O)I,0,0.17567758,1.0,1,1
CC(=O)N(C)c1c(c(c(c(c1I)C(=O)NCC(=O)Nc2c(c(c(c(c2I)C(=O)[O-])I)C(=O)NCCO)I)I)C(=O)NC)I,0,0.20294794,1.0,1,1
CC(=O)c1ccc2c(c1)N(c3ccccc3S2)CCC[NH+]4CCC(CC4)CCO,0,0.15903877,1.0,0,1
CC(=O)c1ccc(cc1)S(=O)(=O)[N-]C(=O)NC2CCCCC2,0,0.11052658,1.0,0,1
CC(=O)c1ccc(c(c1)OC)OCCC[NH+]2CCC(CC2)c3c4ccc(cc4on3)F,0,0.1543429,1.0,0,1
CC(=O)/N=c\1/n(nc(s1)S(=O)(=O)N)C,0,0.123537265,1.0,0,1
CC(CS(=O)(=O)c1ccc(cc1)F)(C(=O)Nc2ccc(c(c2)C(F)(F)F)C#N)O,0,0.266594,1.0,1,1
CC(COc1ccccc1)[NH+](CCCl)Cc2ccccc2,0,0.23027168,1.0,1,1
CC(Cc1ccccc1)[NH+](C)Cc2ccccc2,0,0.10955252,1.0,0,1
CC(Cc1ccc2c(c1)OCO2)[NH2+]CC(c3ccc(c(c3)O)O)O,0,0.15680405,1.0,0,1
CC(C[NH2+]C1CCCCC1)OC(=O)c2ccccc2,0,0.13089836,1.0,0,1
CC(c1ccc(cc1)C(=O)c2cccs2)C(=O)[O-],0,0.15390883,1.0,0,1
CC(c1cc2ccccc2s1)N(C(=O)N)O,0,0.2036676,1.0,1,1
CC(C1C(=O)NC(CSSCC(C(=O)NC(C(=O)NC(C(=O)NC(C(=O)N1)CCCC[NH3+])Cc2c[nH]c3c2cccc3)Cc4ccccc4)NC(=O)C(Cc5ccccc5)[NH3+])C(=O)NC(CO)C(C)O)O,0,0.15122645,1.0,0,1
CC(C)OC(=O)CCC/C=C\C[C@H]1[C@H](C[C@H]([C@@H]1CC[C@H](CCc2ccccc2)O)O)O,0,0.18691275,1.0,1,1
